[13Jun2025 00:32:54.440] [main/INFO] [cpw.mods.modlauncher.Launcher/MODLAUNCHER]: ModLauncher running: args [--gameDir, ., --launchTarget, fmlserver, --fml.forgeVersion, 36.2.42, --fml.mcpVersion, 20210115.111550, --fml.mcVersion, 1.16.5, --fml.forgeGroup, net.minecraftforge, nogui]
[13Jun2025 00:32:54.445] [main/INFO] [cpw.mods.modlauncher.Launcher/MODLAUNCHER]: ModLauncher 8.1.3+8.1.3+main-8.1.x.c94d18ec starting: java version 11.0.27 by Ubuntu
[13Jun2025 00:32:54.458] [main/DEBUG] [cpw.mods.modlauncher.LaunchServiceHandler/MODLAUNCHER]: Found launch services [minecraft,testharness,fmlclient,fmlserver]
[13Jun2025 00:32:54.470] [main/DEBUG] [cpw.mods.modlauncher.NameMappingServiceHandler/MODLAUNCHER]: Found naming services : []
[13Jun2025 00:32:54.519] [main/DEBUG] [cpw.mods.modlauncher.LaunchPluginHandler/MODLAUNCHER]: Found launch plugins: [mixin,eventbus,object_holder_definalize,runtime_enum_extender,capability_inject_definalize,accesstransformer,runtimedistcleaner]
[13Jun2025 00:32:54.527] [main/DEBUG] [cpw.mods.modlauncher.TransformationServicesHandler/MODLAUNCHER]: Discovering transformation services
[13Jun2025 00:32:54.637] [main/DEBUG] [cpw.mods.modlauncher.TransformationServicesHandler/MODLAUNCHER]: Found additional transformation services from discovery services: []
[13Jun2025 00:32:54.687] [main/DEBUG] [cpw.mods.modlauncher.TransformationServicesHandler/MODLAUNCHER]: Found transformer services : [mixin,fml]
[13Jun2025 00:32:54.687] [main/DEBUG] [cpw.mods.modlauncher.TransformationServicesHandler/MODLAUNCHER]: Transformation services loading
[13Jun2025 00:32:54.688] [main/DEBUG] [cpw.mods.modlauncher.TransformationServiceDecorator/MODLAUNCHER]: Loading service mixin
[13Jun2025 00:32:54.689] [main/DEBUG] [cpw.mods.modlauncher.TransformationServiceDecorator/MODLAUNCHER]: Loaded service mixin
[13Jun2025 00:32:54.689] [main/DEBUG] [cpw.mods.modlauncher.TransformationServiceDecorator/MODLAUNCHER]: Loading service fml
[13Jun2025 00:32:54.689] [main/DEBUG] [net.minecraftforge.fml.loading.FMLServiceProvider/]: Injecting tracing printstreams for STDOUT/STDERR.
[13Jun2025 00:32:54.697] [main/DEBUG] [net.minecraftforge.fml.loading.LauncherVersion/CORE]: Found FMLLauncher version 36.2
[13Jun2025 00:32:54.698] [main/DEBUG] [net.minecraftforge.fml.loading.FMLLoader/CORE]: FML 36.2 loading
[13Jun2025 00:32:54.698] [main/DEBUG] [net.minecraftforge.fml.loading.FMLLoader/CORE]: FML found ModLauncher version : 8.1.3+8.1.3+main-8.1.x.c94d18ec
[13Jun2025 00:32:54.699] [main/DEBUG] [net.minecraftforge.fml.loading.FMLLoader/CORE]: Initializing modjar URL handler
[13Jun2025 00:32:54.700] [main/DEBUG] [net.minecraftforge.fml.loading.FMLLoader/CORE]: FML found AccessTransformer version : 3.0.1+61+master.47bca0e
[13Jun2025 00:32:54.700] [main/DEBUG] [net.minecraftforge.fml.loading.FMLLoader/CORE]: FML found EventBus version : 4.0.0+65+master.6080a3f
[13Jun2025 00:32:54.701] [main/DEBUG] [net.minecraftforge.fml.loading.FMLLoader/CORE]: Found Runtime Dist Cleaner
[13Jun2025 00:32:54.709] [main/DEBUG] [net.minecraftforge.fml.loading.FMLLoader/CORE]: FML found CoreMod version : 4.0.6+14+master.c21a551
[13Jun2025 00:32:54.710] [main/DEBUG] [net.minecraftforge.fml.loading.FMLLoader/CORE]: Found ForgeSPI package implementation version 3.2.0+13+master.8ddb2cc
[13Jun2025 00:32:54.711] [main/DEBUG] [net.minecraftforge.fml.loading.FMLLoader/CORE]: Found ForgeSPI package specification 3
[13Jun2025 00:32:54.894] [main/INFO] [net.minecraftforge.fml.loading.FixSSL/CORE]: Added Lets Encrypt root certificates as additional trust
[13Jun2025 00:32:54.894] [main/DEBUG] [cpw.mods.modlauncher.TransformationServiceDecorator/MODLAUNCHER]: Loaded service fml
[13Jun2025 00:32:54.895] [main/DEBUG] [cpw.mods.modlauncher.TransformationServicesHandler/MODLAUNCHER]: Configuring option handling for services
[13Jun2025 00:32:54.903] [main/DEBUG] [cpw.mods.modlauncher.TransformationServicesHandler/MODLAUNCHER]: Transformation services initializing
[13Jun2025 00:32:54.903] [main/DEBUG] [cpw.mods.modlauncher.TransformationServiceDecorator/MODLAUNCHER]: Initializing transformation service mixin
[13Jun2025 00:32:54.939] [main/DEBUG] [mixin/]: Mixin bootstrap service org.spongepowered.asm.service.mojang.MixinServiceLaunchWrapperBootstrap is not available: LaunchWrapper is not available
[13Jun2025 00:32:54.939] [main/DEBUG] [mixin/]: MixinService [ModLauncher] was successfully booted in jdk.internal.loader.ClassLoaders$AppClassLoader@55054057
[13Jun2025 00:32:54.969] [main/INFO] [mixin/]: SpongePowered MIXIN Subsystem Version=0.8.4 Source=file:/workspaces/franco-es-de-cerro-xd/servidor_minecraft/libraries/org/spongepowered/mixin/0.8.4/mixin-0.8.4.jar Service=ModLauncher Env=SERVER
[13Jun2025 00:32:54.979] [main/DEBUG] [mixin/]: Initialising Mixin Platform Manager
[13Jun2025 00:32:54.979] [main/DEBUG] [mixin/]: Adding mixin platform agents for container ModLauncher Root Container(ModLauncher:4f56a0a2)
[13Jun2025 00:32:54.980] [main/DEBUG] [mixin/]: Instancing new MixinPlatformAgentMinecraftForge for ModLauncher Root Container(ModLauncher:4f56a0a2)
[13Jun2025 00:32:54.980] [main/DEBUG] [mixin/]: MixinPlatformAgentMinecraftForge rejected container ModLauncher Root Container(ModLauncher:4f56a0a2)
[13Jun2025 00:32:54.981] [main/DEBUG] [mixin/]: Instancing new MixinPlatformAgentDefault for ModLauncher Root Container(ModLauncher:4f56a0a2)
[13Jun2025 00:32:54.981] [main/DEBUG] [mixin/]: MixinPlatformAgentDefault accepted container ModLauncher Root Container(ModLauncher:4f56a0a2)
[13Jun2025 00:32:54.983] [main/DEBUG] [cpw.mods.modlauncher.TransformationServiceDecorator/MODLAUNCHER]: Initialized transformation service mixin
[13Jun2025 00:32:54.983] [main/DEBUG] [cpw.mods.modlauncher.TransformationServiceDecorator/MODLAUNCHER]: Initializing transformation service fml
[13Jun2025 00:32:54.983] [main/DEBUG] [net.minecraftforge.fml.loading.FMLServiceProvider/CORE]: Setting up basic FML game directories
[13Jun2025 00:32:54.984] [main/DEBUG] [net.minecraftforge.fml.loading.FileUtils/CORE]: Found existing GAMEDIR directory : /workspaces/franco-es-de-cerro-xd/servidor_minecraft
[13Jun2025 00:32:54.985] [main/DEBUG] [net.minecraftforge.fml.loading.FMLPaths/CORE]: Path GAMEDIR is /workspaces/franco-es-de-cerro-xd/servidor_minecraft
[13Jun2025 00:32:54.985] [main/DEBUG] [net.minecraftforge.fml.loading.FileUtils/CORE]: Found existing MODSDIR directory : /workspaces/franco-es-de-cerro-xd/servidor_minecraft/mods
[13Jun2025 00:32:54.985] [main/DEBUG] [net.minecraftforge.fml.loading.FMLPaths/CORE]: Path MODSDIR is /workspaces/franco-es-de-cerro-xd/servidor_minecraft/mods
[13Jun2025 00:32:54.985] [main/DEBUG] [net.minecraftforge.fml.loading.FileUtils/CORE]: Found existing CONFIGDIR directory : /workspaces/franco-es-de-cerro-xd/servidor_minecraft/config
[13Jun2025 00:32:54.985] [main/DEBUG] [net.minecraftforge.fml.loading.FMLPaths/CORE]: Path CONFIGDIR is /workspaces/franco-es-de-cerro-xd/servidor_minecraft/config
[13Jun2025 00:32:54.985] [main/DEBUG] [net.minecraftforge.fml.loading.FMLPaths/CORE]: Path FMLCONFIG is /workspaces/franco-es-de-cerro-xd/servidor_minecraft/config/fml.toml
[13Jun2025 00:32:54.986] [main/DEBUG] [net.minecraftforge.fml.loading.FMLServiceProvider/CORE]: Loading configuration
[13Jun2025 00:32:55.021] [main/DEBUG] [net.minecraftforge.fml.loading.FileUtils/CORE]: Found existing default config directory directory : /workspaces/franco-es-de-cerro-xd/servidor_minecraft/defaultconfigs
[13Jun2025 00:32:55.021] [main/DEBUG] [net.minecraftforge.fml.loading.FMLServiceProvider/CORE]: Preparing ModFile
[13Jun2025 00:32:55.023] [main/DEBUG] [net.minecraftforge.fml.loading.FMLServiceProvider/CORE]: Preparing launch handler
[13Jun2025 00:32:55.024] [main/DEBUG] [net.minecraftforge.fml.loading.FMLLoader/CORE]: Using fmlserver as launch service
[13Jun2025 00:32:55.031] [main/DEBUG] [net.minecraftforge.fml.loading.FMLLoader/CORE]: Received command line version data  : MC Version: '1.16.5' MCP Version: '20210115.111550' Forge Version: '36.2.42' Forge group: 'net.minecraftforge'
[13Jun2025 00:32:55.032] [main/DEBUG] [net.minecraftforge.fml.loading.LibraryFinder/CORE]: Found JAR asm at path /workspaces/franco-es-de-cerro-xd/servidor_minecraft/libraries/org/ow2/asm/asm/9.6/asm-9.6.jar
[13Jun2025 00:32:55.033] [main/DEBUG] [net.minecraftforge.fml.loading.LibraryFinder/CORE]: Found probable library path /workspaces/franco-es-de-cerro-xd/servidor_minecraft/libraries
[13Jun2025 00:32:55.033] [main/DEBUG] [net.minecraftforge.fml.loading.LibraryFinder/CORE]: Found forge path /workspaces/franco-es-de-cerro-xd/servidor_minecraft/libraries/net/minecraftforge/forge/1.16.5-36.2.42/forge-1.16.5-36.2.42-universal.jar is present
[13Jun2025 00:32:55.033] [main/DEBUG] [net.minecraftforge.fml.loading.LibraryFinder/CORE]: SRG MC at /workspaces/franco-es-de-cerro-xd/servidor_minecraft/libraries/net/minecraft/server/1.16.5-20210115.111550/server-1.16.5-20210115.111550-srg.jar is present
[13Jun2025 00:32:55.033] [main/DEBUG] [net.minecraftforge.fml.loading.LibraryFinder/CORE]: MC Extras at /workspaces/franco-es-de-cerro-xd/servidor_minecraft/libraries/net/minecraft/server/1.16.5-20210115.111550/server-1.16.5-20210115.111550-extra.jar is present
[13Jun2025 00:32:55.033] [main/DEBUG] [net.minecraftforge.fml.loading.LibraryFinder/CORE]: Forge patches at /workspaces/franco-es-de-cerro-xd/servidor_minecraft/libraries/net/minecraftforge/forge/1.16.5-36.2.42/forge-1.16.5-36.2.42-server.jar is present
[13Jun2025 00:32:55.036] [main/DEBUG] [net.minecraftforge.fml.loading.LanguageLoadingProvider/CORE]: Found 0 language providers
[13Jun2025 00:32:55.037] [main/DEBUG] [net.minecraftforge.fml.loading.LanguageLoadingProvider/CORE]: Adding forge as a language from /workspaces/franco-es-de-cerro-xd/servidor_minecraft/libraries/net/minecraftforge/forge/1.16.5-36.2.42/forge-1.16.5-36.2.42-universal.jar
[13Jun2025 00:32:55.038] [main/DEBUG] [net.minecraftforge.fml.loading.LanguageLoadingProvider/CORE]: Adding file:/workspaces/franco-es-de-cerro-xd/servidor_minecraft/libraries/net/minecraftforge/forge/1.16.5-36.2.42/forge-1.16.5-36.2.42-universal.jar to languageloader classloader
[13Jun2025 00:32:55.081] [main/DEBUG] [net.minecraftforge.fml.loading.LanguageLoadingProvider/CORE]: Found 2 language providers
[13Jun2025 00:32:55.081] [main/DEBUG] [net.minecraftforge.fml.loading.LanguageLoadingProvider/CORE]: Found language provider javafml, version 36.2
[13Jun2025 00:32:55.110] [main/DEBUG] [net.minecraftforge.fml.loading.LanguageLoadingProvider/CORE]: Found language provider minecraft, version 1
[13Jun2025 00:32:55.113] [main/DEBUG] [cpw.mods.modlauncher.TransformationServiceDecorator/MODLAUNCHER]: Initialized transformation service fml
[13Jun2025 00:32:55.113] [main/DEBUG] [cpw.mods.modlauncher.NameMappingServiceHandler/MODLAUNCHER]: Current naming domain is 'srg'
[13Jun2025 00:32:55.114] [main/DEBUG] [cpw.mods.modlauncher.NameMappingServiceHandler/MODLAUNCHER]: Identified name mapping providers {}
[13Jun2025 00:32:55.114] [main/DEBUG] [cpw.mods.modlauncher.TransformationServicesHandler/MODLAUNCHER]: Transformation services begin scanning
[13Jun2025 00:32:55.114] [main/DEBUG] [cpw.mods.modlauncher.TransformationServiceDecorator/MODLAUNCHER]: Beginning scan trigger - transformation service mixin
[13Jun2025 00:32:55.115] [main/DEBUG] [cpw.mods.modlauncher.TransformationServiceDecorator/MODLAUNCHER]: End scan trigger - transformation service mixin
[13Jun2025 00:32:55.115] [main/DEBUG] [cpw.mods.modlauncher.TransformationServiceDecorator/MODLAUNCHER]: Beginning scan trigger - transformation service fml
[13Jun2025 00:32:55.115] [main/DEBUG] [net.minecraftforge.fml.loading.FMLServiceProvider/CORE]: Initiating mod scan
[13Jun2025 00:32:55.134] [main/DEBUG] [net.minecraftforge.fml.loading.moddiscovery.ModListHandler/CORE]: Found mod coordinates from lists: []
[13Jun2025 00:32:55.156] [main/DEBUG] [net.minecraftforge.fml.loading.moddiscovery.ModDiscoverer/CORE]: Found Mod Locators : (mods folder:null),(maven libs:null),(exploded directory:null),(minecraft:null)
[13Jun2025 00:32:55.273] [main/DEBUG] [net.minecraftforge.fml.loading.moddiscovery.ModFileParser/LOADING]: Considering mod file candidate /workspaces/franco-es-de-cerro-xd/servidor_minecraft/mods/AnointedItems-1.16.5-release1.2.4.jar
[13Jun2025 00:32:55.302] [main/DEBUG] [net.minecraftforge.fml.loading.moddiscovery.ModFileInfo/LOADING]: Found valid mod file AnointedItems-1.16.5-release1.2.4.jar with {anointeditems} mods - versions {1.2.4}
[13Jun2025 00:32:55.302] [main/DEBUG] [net.minecraftforge.fml.loading.moddiscovery.ModFile/LOADING]: Loading mod file /workspaces/franco-es-de-cerro-xd/servidor_minecraft/mods/AnointedItems-1.16.5-release1.2.4.jar with language javafml
[13Jun2025 00:32:55.303] [main/DEBUG] [net.minecraftforge.fml.loading.moddiscovery.ModFileParser/LOADING]: Considering mod file candidate /workspaces/franco-es-de-cerro-xd/servidor_minecraft/mods/antiqueatlas-6.2.4-forge-mc1.16.5.jar
[13Jun2025 00:32:55.308] [main/DEBUG] [net.minecraftforge.fml.loading.moddiscovery.ModFileInfo/LOADING]: Found valid mod file antiqueatlas-6.2.4-forge-mc1.16.5.jar with {antiqueatlas} mods - versions {6.2.4-forge-mc1.16.5}
[13Jun2025 00:32:55.308] [main/DEBUG] [net.minecraftforge.fml.loading.moddiscovery.ModFile/LOADING]: Loading mod file /workspaces/franco-es-de-cerro-xd/servidor_minecraft/mods/antiqueatlas-6.2.4-forge-mc1.16.5.jar with language javafml
[13Jun2025 00:32:55.309] [main/DEBUG] [net.minecraftforge.fml.loading.moddiscovery.ModFileParser/LOADING]: Considering mod file candidate /workspaces/franco-es-de-cerro-xd/servidor_minecraft/mods/Aquaculture-1.16.5-2.1.23.jar
[13Jun2025 00:32:55.312] [main/DEBUG] [net.minecraftforge.fml.loading.moddiscovery.ModFileInfo/LOADING]: Found valid mod file Aquaculture-1.16.5-2.1.23.jar with {aquaculture} mods - versions {1.16.5-2.1.23}
[13Jun2025 00:32:55.313] [main/DEBUG] [net.minecraftforge.fml.loading.moddiscovery.ModFile/LOADING]: Loading mod file /workspaces/franco-es-de-cerro-xd/servidor_minecraft/mods/Aquaculture-1.16.5-2.1.23.jar with language javafml
[13Jun2025 00:32:55.313] [main/DEBUG] [net.minecraftforge.fml.loading.moddiscovery.ModFileParser/LOADING]: Considering mod file candidate /workspaces/franco-es-de-cerro-xd/servidor_minecraft/mods/archers_paradox-1.16.5-1.5.0.2.jar
[13Jun2025 00:32:55.314] [main/DEBUG] [net.minecraftforge.fml.loading.moddiscovery.ModFileInfo/LOADING]: Found valid mod file archers_paradox-1.16.5-1.5.0.2.jar with {archers_paradox} mods - versions {1.5.0.2}
[13Jun2025 00:32:55.318] [main/DEBUG] [net.minecraftforge.fml.loading.moddiscovery.ModFile/LOADING]: Loading mod file /workspaces/franco-es-de-cerro-xd/servidor_minecraft/mods/archers_paradox-1.16.5-1.5.0.2.jar with language javafml
[13Jun2025 00:32:55.318] [main/DEBUG] [net.minecraftforge.fml.loading.moddiscovery.ModFileParser/LOADING]: Considering mod file candidate /workspaces/franco-es-de-cerro-xd/servidor_minecraft/mods/architectury-1.32.68.jar
[13Jun2025 00:32:55.319] [main/DEBUG] [net.minecraftforge.fml.loading.moddiscovery.ModFileInfo/LOADING]: Found valid mod file architectury-1.32.68.jar with {architectury} mods - versions {1.32.68}
[13Jun2025 00:32:55.320] [main/DEBUG] [net.minecraftforge.fml.loading.moddiscovery.ModFile/LOADING]: Loading mod file /workspaces/franco-es-de-cerro-xd/servidor_minecraft/mods/architectury-1.32.68.jar with language javafml
[13Jun2025 00:32:55.320] [main/DEBUG] [net.minecraftforge.fml.loading.moddiscovery.ModFileParser/LOADING]: Considering mod file candidate /workspaces/franco-es-de-cerro-xd/servidor_minecraft/mods/Artifacts-1.16.5-2.10.6.jar
[13Jun2025 00:32:55.322] [main/DEBUG] [net.minecraftforge.fml.loading.moddiscovery.ModFileInfo/LOADING]: Found valid mod file Artifacts-1.16.5-2.10.6.jar with {artifacts} mods - versions {1.16.5-2.10.6}
[13Jun2025 00:32:55.322] [main/DEBUG] [net.minecraftforge.fml.loading.moddiscovery.ModFile/LOADING]: Loading mod file /workspaces/franco-es-de-cerro-xd/servidor_minecraft/mods/Artifacts-1.16.5-2.10.6.jar with language javafml
[13Jun2025 00:32:55.322] [main/DEBUG] [net.minecraftforge.fml.loading.moddiscovery.ModFileParser/LOADING]: Considering mod file candidate /workspaces/franco-es-de-cerro-xd/servidor_minecraft/mods/carryon-1.16.5-1.15.6.24.jar
[13Jun2025 00:32:55.325] [main/DEBUG] [net.minecraftforge.fml.loading.moddiscovery.ModFileInfo/LOADING]: Found valid mod file carryon-1.16.5-1.15.6.24.jar with {carryon} mods - versions {1.15.6.24}
[13Jun2025 00:32:55.325] [main/DEBUG] [net.minecraftforge.fml.loading.moddiscovery.ModFile/LOADING]: Loading mod file /workspaces/franco-es-de-cerro-xd/servidor_minecraft/mods/carryon-1.16.5-1.15.6.24.jar with language javafml
[13Jun2025 00:32:55.326] [main/DEBUG] [net.minecraftforge.fml.loading.moddiscovery.ModFileParser/LOADING]: Considering mod file candidate /workspaces/franco-es-de-cerro-xd/servidor_minecraft/mods/catalogue-1.6.1-1.16.5.jar
[13Jun2025 00:32:55.327] [main/DEBUG] [net.minecraftforge.fml.loading.moddiscovery.ModFileInfo/LOADING]: Found valid mod file catalogue-1.6.1-1.16.5.jar with {catalogue} mods - versions {1.6.1}
[13Jun2025 00:32:55.327] [main/DEBUG] [net.minecraftforge.fml.loading.moddiscovery.ModFile/LOADING]: Loading mod file /workspaces/franco-es-de-cerro-xd/servidor_minecraft/mods/catalogue-1.6.1-1.16.5.jar with language javafml
[13Jun2025 00:32:55.327] [main/DEBUG] [net.minecraftforge.fml.loading.moddiscovery.ModFileParser/LOADING]: Considering mod file candidate /workspaces/franco-es-de-cerro-xd/servidor_minecraft/mods/citadel-1.8.1-1.16.5.jar
[13Jun2025 00:32:55.328] [main/DEBUG] [net.minecraftforge.fml.loading.moddiscovery.ModFileInfo/LOADING]: Found valid mod file citadel-1.8.1-1.16.5.jar with {citadel} mods - versions {1.8.1}
[13Jun2025 00:32:55.329] [main/DEBUG] [net.minecraftforge.fml.loading.moddiscovery.ModFile/LOADING]: Loading mod file /workspaces/franco-es-de-cerro-xd/servidor_minecraft/mods/citadel-1.8.1-1.16.5.jar with language javafml
[13Jun2025 00:32:55.329] [main/DEBUG] [net.minecraftforge.fml.loading.moddiscovery.ModFileParser/LOADING]: Considering mod file candidate /workspaces/franco-es-de-cerro-xd/servidor_minecraft/mods/cloth-config-4.17.132-forge.jar
[13Jun2025 00:32:55.330] [main/DEBUG] [net.minecraftforge.fml.loading.moddiscovery.ModFileInfo/LOADING]: Found valid mod file cloth-config-4.17.132-forge.jar with {cloth-config} mods - versions {4.17.132}
[13Jun2025 00:32:55.330] [main/DEBUG] [net.minecraftforge.fml.loading.moddiscovery.ModFile/LOADING]: Loading mod file /workspaces/franco-es-de-cerro-xd/servidor_minecraft/mods/cloth-config-4.17.132-forge.jar with language javafml
[13Jun2025 00:32:55.330] [main/DEBUG] [net.minecraftforge.fml.loading.moddiscovery.ModFileParser/LOADING]: Considering mod file candidate /workspaces/franco-es-de-cerro-xd/servidor_minecraft/mods/cofh_core-1.16.5-1.5.2.22.jar
[13Jun2025 00:32:55.332] [main/DEBUG] [net.minecraftforge.fml.loading.moddiscovery.ModFileInfo/LOADING]: Found valid mod file cofh_core-1.16.5-1.5.2.22.jar with {cofh_core} mods - versions {1.5.2.22}
[13Jun2025 00:32:55.339] [main/DEBUG] [net.minecraftforge.fml.loading.moddiscovery.ModFile/LOADING]: Loading mod file /workspaces/franco-es-de-cerro-xd/servidor_minecraft/mods/cofh_core-1.16.5-1.5.2.22.jar with language javafml
[13Jun2025 00:32:55.340] [main/DEBUG] [net.minecraftforge.fml.loading.moddiscovery.ModFileParser/LOADING]: Considering mod file candidate /workspaces/franco-es-de-cerro-xd/servidor_minecraft/mods/ColdsGrappler(Forge1.16.4)vrs1.0.2.jar
[13Jun2025 00:32:55.341] [main/DEBUG] [net.minecraftforge.fml.loading.moddiscovery.ModFileInfo/LOADING]: Found valid mod file ColdsGrappler(Forge1.16.4)vrs1.0.2.jar with {coldsgrappler} mods - versions {1.16.4-1.0.2}
[13Jun2025 00:32:55.341] [main/DEBUG] [net.minecraftforge.fml.loading.moddiscovery.ModFile/LOADING]: Loading mod file /workspaces/franco-es-de-cerro-xd/servidor_minecraft/mods/ColdsGrappler(Forge1.16.4)vrs1.0.2.jar with language javafml
[13Jun2025 00:32:55.341] [main/DEBUG] [net.minecraftforge.fml.loading.moddiscovery.ModFileParser/LOADING]: Considering mod file candidate /workspaces/franco-es-de-cerro-xd/servidor_minecraft/mods/configured-1.5.4-1.16.5.jar
[13Jun2025 00:32:55.343] [main/DEBUG] [net.minecraftforge.fml.loading.moddiscovery.ModFileInfo/LOADING]: Found valid mod file configured-1.5.4-1.16.5.jar with {configured} mods - versions {1.5.4}
[13Jun2025 00:32:55.343] [main/DEBUG] [net.minecraftforge.fml.loading.moddiscovery.ModFile/LOADING]: Loading mod file /workspaces/franco-es-de-cerro-xd/servidor_minecraft/mods/configured-1.5.4-1.16.5.jar with language javafml
[13Jun2025 00:32:55.375] [main/DEBUG] [net.minecraftforge.fml.loading.moddiscovery.ModFileParser/LOADING]: Found coremod Configured with Javascript path transformers/set_background_texture.js
[13Jun2025 00:32:55.375] [main/DEBUG] [net.minecraftforge.fml.loading.moddiscovery.ModFile/LOADING]: Found coremod transformers/set_background_texture.js
[13Jun2025 00:32:55.375] [main/DEBUG] [net.minecraftforge.fml.loading.moddiscovery.ModFileParser/LOADING]: Considering mod file candidate /workspaces/franco-es-de-cerro-xd/servidor_minecraft/mods/curios-forge-1.16.5-4.1.0.0.jar
[13Jun2025 00:32:55.377] [main/DEBUG] [net.minecraftforge.fml.loading.moddiscovery.ModFileInfo/LOADING]: Found valid mod file curios-forge-1.16.5-4.1.0.0.jar with {curios} mods - versions {1.16.5-4.1.0.0}
[13Jun2025 00:32:55.377] [main/DEBUG] [net.minecraftforge.fml.loading.moddiscovery.ModFile/LOADING]: Loading mod file /workspaces/franco-es-de-cerro-xd/servidor_minecraft/mods/curios-forge-1.16.5-4.1.0.0.jar with language javafml
[13Jun2025 00:32:55.377] [main/DEBUG] [net.minecraftforge.fml.loading.moddiscovery.ModFileParser/LOADING]: Considering mod file candidate /workspaces/franco-es-de-cerro-xd/servidor_minecraft/mods/DungeonCrawl-1.16.5-2.3.12.jar
[13Jun2025 00:32:55.378] [main/DEBUG] [net.minecraftforge.fml.loading.moddiscovery.ModFileInfo/LOADING]: Found valid mod file DungeonCrawl-1.16.5-2.3.12.jar with {dungeoncrawl} mods - versions {2.3.12}
[13Jun2025 00:32:55.379] [main/DEBUG] [net.minecraftforge.fml.loading.moddiscovery.ModFile/LOADING]: Loading mod file /workspaces/franco-es-de-cerro-xd/servidor_minecraft/mods/DungeonCrawl-1.16.5-2.3.12.jar with language javafml
[13Jun2025 00:32:55.379] [main/DEBUG] [net.minecraftforge.fml.loading.moddiscovery.ModFileParser/LOADING]: Considering mod file candidate /workspaces/franco-es-de-cerro-xd/servidor_minecraft/mods/DungeonsArise-1.16.5-2.1.49-beta.jar
[13Jun2025 00:32:55.381] [main/DEBUG] [net.minecraftforge.fml.loading.moddiscovery.ModFileInfo/LOADING]: Found valid mod file DungeonsArise-1.16.5-2.1.49-beta.jar with {dungeons_arise} mods - versions {2.1.49}
[13Jun2025 00:32:55.382] [main/DEBUG] [net.minecraftforge.fml.loading.moddiscovery.ModFile/LOADING]: Loading mod file /workspaces/franco-es-de-cerro-xd/servidor_minecraft/mods/DungeonsArise-1.16.5-2.1.49-beta.jar with language javafml
[13Jun2025 00:32:55.382] [main/DEBUG] [net.minecraftforge.fml.loading.moddiscovery.ModFileParser/LOADING]: Considering mod file candidate /workspaces/franco-es-de-cerro-xd/servidor_minecraft/mods/elevatorid-1.16.5-1.7.13.jar
[13Jun2025 00:32:55.383] [main/DEBUG] [net.minecraftforge.fml.loading.moddiscovery.ModFileInfo/LOADING]: Found valid mod file elevatorid-1.16.5-1.7.13.jar with {elevatorid} mods - versions {1.16.5-1.7.13}
[13Jun2025 00:32:55.384] [main/DEBUG] [net.minecraftforge.fml.loading.moddiscovery.ModFile/LOADING]: Loading mod file /workspaces/franco-es-de-cerro-xd/servidor_minecraft/mods/elevatorid-1.16.5-1.7.13.jar with language javafml
[13Jun2025 00:32:55.384] [main/DEBUG] [net.minecraftforge.fml.loading.moddiscovery.ModFileParser/LOADING]: Considering mod file candidate /workspaces/franco-es-de-cerro-xd/servidor_minecraft/mods/endrem-5.0.3-R-1.16.5.jar
[13Jun2025 00:32:55.385] [main/DEBUG] [net.minecraftforge.fml.loading.moddiscovery.ModFileInfo/LOADING]: Found valid mod file endrem-5.0.3-R-1.16.5.jar with {endrem} mods - versions {5.0.3-R-1.16.5}
[13Jun2025 00:32:55.385] [main/DEBUG] [net.minecraftforge.fml.loading.moddiscovery.ModFile/LOADING]: Loading mod file /workspaces/franco-es-de-cerro-xd/servidor_minecraft/mods/endrem-5.0.3-R-1.16.5.jar with language javafml
[13Jun2025 00:32:55.385] [main/DEBUG] [net.minecraftforge.fml.loading.moddiscovery.ModFileParser/LOADING]: Considering mod file candidate /workspaces/franco-es-de-cerro-xd/servidor_minecraft/mods/enhancedcelestials-2.0.9-1.16.5.jar
[13Jun2025 00:32:55.387] [main/DEBUG] [net.minecraftforge.fml.loading.moddiscovery.ModFileInfo/LOADING]: Found valid mod file enhancedcelestials-2.0.9-1.16.5.jar with {enhancedcelestials} mods - versions {2.0.9-1.16.5}
[13Jun2025 00:32:55.387] [main/DEBUG] [net.minecraftforge.fml.loading.moddiscovery.ModFile/LOADING]: Loading mod file /workspaces/franco-es-de-cerro-xd/servidor_minecraft/mods/enhancedcelestials-2.0.9-1.16.5.jar with language javafml
[13Jun2025 00:32:55.387] [main/DEBUG] [net.minecraftforge.fml.loading.moddiscovery.ModFileParser/LOADING]: Considering mod file candidate /workspaces/franco-es-de-cerro-xd/servidor_minecraft/mods/expandability-2.0.1-forge.jar
[13Jun2025 00:32:55.388] [main/DEBUG] [net.minecraftforge.fml.loading.moddiscovery.ModFileInfo/LOADING]: Found valid mod file expandability-2.0.1-forge.jar with {expandability} mods - versions {2.0.1}
[13Jun2025 00:32:55.388] [main/DEBUG] [net.minecraftforge.fml.loading.moddiscovery.ModFile/LOADING]: Loading mod file /workspaces/franco-es-de-cerro-xd/servidor_minecraft/mods/expandability-2.0.1-forge.jar with language javafml
[13Jun2025 00:32:55.389] [main/DEBUG] [net.minecraftforge.fml.loading.moddiscovery.ModFileParser/LOADING]: Considering mod file candidate /workspaces/franco-es-de-cerro-xd/servidor_minecraft/mods/footwork-1.2.jar
[13Jun2025 00:32:55.390] [main/DEBUG] [net.minecraftforge.fml.loading.moddiscovery.ModFileInfo/LOADING]: Found valid mod file footwork-1.2.jar with {footwork} mods - versions {1.2}
[13Jun2025 00:32:55.390] [main/DEBUG] [net.minecraftforge.fml.loading.moddiscovery.ModFile/LOADING]: Loading mod file /workspaces/franco-es-de-cerro-xd/servidor_minecraft/mods/footwork-1.2.jar with language javafml
[13Jun2025 00:32:55.390] [main/DEBUG] [net.minecraftforge.fml.loading.moddiscovery.ModFileParser/LOADING]: Considering mod file candidate /workspaces/franco-es-de-cerro-xd/servidor_minecraft/mods/geckolib-forge-1.16.5-3.0.106.jar
[13Jun2025 00:32:55.392] [main/DEBUG] [net.minecraftforge.fml.loading.moddiscovery.ModFileInfo/LOADING]: Found valid mod file geckolib-forge-1.16.5-3.0.106.jar with {geckolib3} mods - versions {3.0.106}
[13Jun2025 00:32:55.392] [main/DEBUG] [net.minecraftforge.fml.loading.moddiscovery.ModFile/LOADING]: Loading mod file /workspaces/franco-es-de-cerro-xd/servidor_minecraft/mods/geckolib-forge-1.16.5-3.0.106.jar with language javafml
[13Jun2025 00:32:55.393] [main/DEBUG] [net.minecraftforge.fml.loading.moddiscovery.ModFileParser/LOADING]: Considering mod file candidate /workspaces/franco-es-de-cerro-xd/servidor_minecraft/mods/goblintraders-1.7.3-1.16.5.jar
[13Jun2025 00:32:55.394] [main/DEBUG] [net.minecraftforge.fml.loading.moddiscovery.ModFileInfo/LOADING]: Found valid mod file goblintraders-1.7.3-1.16.5.jar with {goblintraders} mods - versions {1.7.3}
[13Jun2025 00:32:55.394] [main/DEBUG] [net.minecraftforge.fml.loading.moddiscovery.ModFile/LOADING]: Loading mod file /workspaces/franco-es-de-cerro-xd/servidor_minecraft/mods/goblintraders-1.7.3-1.16.5.jar with language javafml
[13Jun2025 00:32:55.394] [main/DEBUG] [net.minecraftforge.fml.loading.moddiscovery.ModFileParser/LOADING]: Considering mod file candidate /workspaces/franco-es-de-cerro-xd/servidor_minecraft/mods/ironchest-1.16.5-11.2.21.jar
[13Jun2025 00:32:55.395] [main/DEBUG] [net.minecraftforge.fml.loading.moddiscovery.ModFileInfo/LOADING]: Found valid mod file ironchest-1.16.5-11.2.21.jar with {ironchest} mods - versions {1.16.5-11.2.21}
[13Jun2025 00:32:55.395] [main/DEBUG] [net.minecraftforge.fml.loading.moddiscovery.ModFile/LOADING]: Loading mod file /workspaces/franco-es-de-cerro-xd/servidor_minecraft/mods/ironchest-1.16.5-11.2.21.jar with language javafml
[13Jun2025 00:32:55.395] [main/DEBUG] [net.minecraftforge.fml.loading.moddiscovery.ModFileParser/LOADING]: Considering mod file candidate /workspaces/franco-es-de-cerro-xd/servidor_minecraft/mods/Jade-1.16.4-2.8.3.jar
[13Jun2025 00:32:55.396] [main/DEBUG] [net.minecraftforge.fml.loading.moddiscovery.ModFileInfo/LOADING]: Found valid mod file Jade-1.16.4-2.8.3.jar with {jade,waila} mods - versions {2.8.3,2.8.3}
[13Jun2025 00:32:55.397] [main/DEBUG] [net.minecraftforge.fml.loading.moddiscovery.ModFile/LOADING]: Loading mod file /workspaces/franco-es-de-cerro-xd/servidor_minecraft/mods/Jade-1.16.4-2.8.3.jar with language javafml
[13Jun2025 00:32:55.397] [main/DEBUG] [net.minecraftforge.fml.loading.moddiscovery.ModFileParser/LOADING]: Considering mod file candidate /workspaces/franco-es-de-cerro-xd/servidor_minecraft/mods/jei-1.16.5-7.8.0.1013.jar
[13Jun2025 00:32:55.398] [main/DEBUG] [net.minecraftforge.fml.loading.moddiscovery.ModFileInfo/LOADING]: Found valid mod file jei-1.16.5-7.8.0.1013.jar with {jei} mods - versions {7.8.0.1013}
[13Jun2025 00:32:55.398] [main/DEBUG] [net.minecraftforge.fml.loading.moddiscovery.ModFile/LOADING]: Loading mod file /workspaces/franco-es-de-cerro-xd/servidor_minecraft/mods/jei-1.16.5-7.8.0.1013.jar with language javafml
[13Jun2025 00:32:55.398] [main/DEBUG] [net.minecraftforge.fml.loading.moddiscovery.ModFileParser/LOADING]: Considering mod file candidate /workspaces/franco-es-de-cerro-xd/servidor_minecraft/mods/L_Enders Cataclysm-0.48 Changed Theme -1.16.5.jar
[13Jun2025 00:32:55.399] [main/DEBUG] [net.minecraftforge.fml.loading.moddiscovery.ModFileInfo/LOADING]: Found valid mod file L_Enders Cataclysm-0.48 Changed Theme -1.16.5.jar with {cataclysm} mods - versions {1.0}
[13Jun2025 00:32:55.400] [main/DEBUG] [net.minecraftforge.fml.loading.moddiscovery.ModFile/LOADING]: Loading mod file /workspaces/franco-es-de-cerro-xd/servidor_minecraft/mods/L_Enders Cataclysm-0.48 Changed Theme -1.16.5.jar with language javafml
[13Jun2025 00:32:55.400] [main/DEBUG] [net.minecraftforge.fml.loading.moddiscovery.ModFileParser/LOADING]: Considering mod file candidate /workspaces/franco-es-de-cerro-xd/servidor_minecraft/mods/mowziesmobs-1.5.27.jar
[13Jun2025 00:32:55.401] [main/DEBUG] [net.minecraftforge.fml.loading.moddiscovery.ModFileInfo/LOADING]: Found valid mod file mowziesmobs-1.5.27.jar with {mowziesmobs} mods - versions {1.5.27}
[13Jun2025 00:32:55.401] [main/DEBUG] [net.minecraftforge.fml.loading.moddiscovery.ModFile/LOADING]: Loading mod file /workspaces/franco-es-de-cerro-xd/servidor_minecraft/mods/mowziesmobs-1.5.27.jar with language javafml
[13Jun2025 00:32:55.401] [main/DEBUG] [net.minecraftforge.fml.loading.moddiscovery.ModFileParser/LOADING]: Considering mod file candidate /workspaces/franco-es-de-cerro-xd/servidor_minecraft/mods/Paraglider-1.16.5-1.3.2.14.jar
[13Jun2025 00:32:55.402] [main/DEBUG] [net.minecraftforge.fml.loading.moddiscovery.ModFileInfo/LOADING]: Found valid mod file Paraglider-1.16.5-1.3.2.14.jar with {paraglider} mods - versions {1.3.2.14}
[13Jun2025 00:32:55.403] [main/DEBUG] [net.minecraftforge.fml.loading.moddiscovery.ModFile/LOADING]: Loading mod file /workspaces/franco-es-de-cerro-xd/servidor_minecraft/mods/Paraglider-1.16.5-1.3.2.14.jar with language javafml
[13Jun2025 00:32:55.403] [main/DEBUG] [net.minecraftforge.fml.loading.moddiscovery.ModFileParser/LOADING]: Considering mod file candidate /workspaces/franco-es-de-cerro-xd/servidor_minecraft/mods/relics-1.16.5-0.3.4.4.jar
[13Jun2025 00:32:55.403] [main/DEBUG] [net.minecraftforge.fml.loading.moddiscovery.ModFileInfo/LOADING]: Found valid mod file relics-1.16.5-0.3.4.4.jar with {relics} mods - versions {0.3.4.4}
[13Jun2025 00:32:55.404] [main/DEBUG] [net.minecraftforge.fml.loading.moddiscovery.ModFile/LOADING]: Loading mod file /workspaces/franco-es-de-cerro-xd/servidor_minecraft/mods/relics-1.16.5-0.3.4.4.jar with language javafml
[13Jun2025 00:32:55.404] [main/DEBUG] [net.minecraftforge.fml.loading.moddiscovery.ModFileParser/LOADING]: Considering mod file candidate /workspaces/franco-es-de-cerro-xd/servidor_minecraft/mods/simplefarming-1.16.5-1.3.8.jar
[13Jun2025 00:32:55.405] [main/DEBUG] [net.minecraftforge.fml.loading.moddiscovery.ModFileInfo/LOADING]: Found valid mod file simplefarming-1.16.5-1.3.8.jar with {simplefarming} mods - versions {1.16.5-1.3.8}
[13Jun2025 00:32:55.406] [main/DEBUG] [net.minecraftforge.fml.loading.moddiscovery.ModFile/LOADING]: Loading mod file /workspaces/franco-es-de-cerro-xd/servidor_minecraft/mods/simplefarming-1.16.5-1.3.8.jar with language javafml
[13Jun2025 00:32:55.406] [main/DEBUG] [net.minecraftforge.fml.loading.moddiscovery.ModFileParser/LOADING]: Considering mod file candidate /workspaces/franco-es-de-cerro-xd/servidor_minecraft/mods/sophisticatedbackpacks-1.16.5-3.15.20.755.jar
[13Jun2025 00:32:55.407] [main/DEBUG] [net.minecraftforge.fml.loading.moddiscovery.ModFileInfo/LOADING]: Found valid mod file sophisticatedbackpacks-1.16.5-3.15.20.755.jar with {sophisticatedbackpacks} mods - versions {1.16.5-3.15.20.755}
[13Jun2025 00:32:55.408] [main/DEBUG] [net.minecraftforge.fml.loading.moddiscovery.ModFile/LOADING]: Loading mod file /workspaces/franco-es-de-cerro-xd/servidor_minecraft/mods/sophisticatedbackpacks-1.16.5-3.15.20.755.jar with language javafml
[13Jun2025 00:32:55.408] [main/DEBUG] [net.minecraftforge.fml.loading.moddiscovery.ModFileParser/LOADING]: Considering mod file candidate /workspaces/franco-es-de-cerro-xd/servidor_minecraft/mods/SpartanWeaponry-1.16.5-2.2.2.jar
[13Jun2025 00:32:55.409] [main/DEBUG] [net.minecraftforge.fml.loading.moddiscovery.ModFileInfo/LOADING]: Found valid mod file SpartanWeaponry-1.16.5-2.2.2.jar with {spartanweaponry} mods - versions {2.2.2}
[13Jun2025 00:32:55.410] [main/DEBUG] [net.minecraftforge.fml.loading.moddiscovery.ModFile/LOADING]: Loading mod file /workspaces/franco-es-de-cerro-xd/servidor_minecraft/mods/SpartanWeaponry-1.16.5-2.2.2.jar with language javafml
[13Jun2025 00:32:55.410] [main/DEBUG] [net.minecraftforge.fml.loading.moddiscovery.ModFileParser/LOADING]: Considering mod file candidate /workspaces/franco-es-de-cerro-xd/servidor_minecraft/mods/StorageDrawers-1.16.3-8.5.2.jar
[13Jun2025 00:32:55.411] [main/DEBUG] [net.minecraftforge.fml.loading.moddiscovery.ModFileInfo/LOADING]: Found valid mod file StorageDrawers-1.16.3-8.5.2.jar with {storagedrawers} mods - versions {8.5.2}
[13Jun2025 00:32:55.411] [main/DEBUG] [net.minecraftforge.fml.loading.moddiscovery.ModFile/LOADING]: Loading mod file /workspaces/franco-es-de-cerro-xd/servidor_minecraft/mods/StorageDrawers-1.16.3-8.5.2.jar with language javafml
[13Jun2025 00:32:55.411] [main/DEBUG] [net.minecraftforge.fml.loading.moddiscovery.ModFileParser/LOADING]: Considering mod file candidate /workspaces/franco-es-de-cerro-xd/servidor_minecraft/mods/the_bumblezone_forge-3.2.1+1.16.5.jar
[13Jun2025 00:32:55.413] [main/DEBUG] [net.minecraftforge.fml.loading.moddiscovery.ModFileInfo/LOADING]: Found valid mod file the_bumblezone_forge-3.2.1+1.16.5.jar with {the_bumblezone} mods - versions {3.2.1+1.16.5}
[13Jun2025 00:32:55.413] [main/DEBUG] [net.minecraftforge.fml.loading.moddiscovery.ModFile/LOADING]: Loading mod file /workspaces/franco-es-de-cerro-xd/servidor_minecraft/mods/the_bumblezone_forge-3.2.1+1.16.5.jar with language javafml
[13Jun2025 00:32:55.413] [main/DEBUG] [net.minecraftforge.fml.loading.moddiscovery.ModFileParser/LOADING]: Considering mod file candidate /workspaces/franco-es-de-cerro-xd/servidor_minecraft/mods/tombstone-1.16.5-6.9.6.jar
[13Jun2025 00:32:55.414] [main/DEBUG] [net.minecraftforge.fml.loading.moddiscovery.ModFileInfo/LOADING]: Found valid mod file tombstone-1.16.5-6.9.6.jar with {tombstone} mods - versions {6.9.6}
[13Jun2025 00:32:55.415] [main/DEBUG] [net.minecraftforge.fml.loading.moddiscovery.ModFile/LOADING]: Loading mod file /workspaces/franco-es-de-cerro-xd/servidor_minecraft/mods/tombstone-1.16.5-6.9.6.jar with language javafml
[13Jun2025 00:32:55.415] [main/DEBUG] [net.minecraftforge.fml.loading.moddiscovery.ModFileParser/LOADING]: Considering mod file candidate /workspaces/franco-es-de-cerro-xd/servidor_minecraft/mods/u_team_core-forge-1.16.5-3.2.1.358.jar
[13Jun2025 00:32:55.416] [main/DEBUG] [net.minecraftforge.fml.loading.moddiscovery.ModFileInfo/LOADING]: Found valid mod file u_team_core-forge-1.16.5-3.2.1.358.jar with {uteamcore} mods - versions {3.2.1.358}
[13Jun2025 00:32:55.422] [main/DEBUG] [net.minecraftforge.fml.loading.moddiscovery.ModFile/LOADING]: Loading mod file /workspaces/franco-es-de-cerro-xd/servidor_minecraft/mods/u_team_core-forge-1.16.5-3.2.1.358.jar with language javafml
[13Jun2025 00:32:55.423] [main/DEBUG] [net.minecraftforge.fml.loading.moddiscovery.ModFileParser/LOADING]: Considering mod file candidate /workspaces/franco-es-de-cerro-xd/servidor_minecraft/mods/useful_backpacks-1.16.5-1.12.1.103.jar
[13Jun2025 00:32:55.424] [main/DEBUG] [net.minecraftforge.fml.loading.moddiscovery.ModFileInfo/LOADING]: Found valid mod file useful_backpacks-1.16.5-1.12.1.103.jar with {usefulbackpacks} mods - versions {1.12.1.103}
[13Jun2025 00:32:55.427] [main/DEBUG] [net.minecraftforge.fml.loading.moddiscovery.ModFile/LOADING]: Loading mod file /workspaces/franco-es-de-cerro-xd/servidor_minecraft/mods/useful_backpacks-1.16.5-1.12.1.103.jar with language javafml
[13Jun2025 00:32:55.427] [main/DEBUG] [net.minecraftforge.fml.loading.moddiscovery.ModFileParser/LOADING]: Considering mod file candidate /workspaces/franco-es-de-cerro-xd/servidor_minecraft/mods/walljump-forge-1.16.4-1.3.7.jar
[13Jun2025 00:32:55.427] [main/DEBUG] [net.minecraftforge.fml.loading.moddiscovery.ModFileInfo/LOADING]: Found valid mod file walljump-forge-1.16.4-1.3.7.jar with {walljump} mods - versions {1.16.4-1.3.7}
[13Jun2025 00:32:55.427] [main/DEBUG] [net.minecraftforge.fml.loading.moddiscovery.ModFile/LOADING]: Loading mod file /workspaces/franco-es-de-cerro-xd/servidor_minecraft/mods/walljump-forge-1.16.4-1.3.7.jar with language javafml
[13Jun2025 00:32:55.428] [main/DEBUG] [net.minecraftforge.fml.loading.moddiscovery.ModFileParser/LOADING]: Considering mod file candidate /workspaces/franco-es-de-cerro-xd/servidor_minecraft/mods/Waystones_1.16.5-7.6.4.jar
[13Jun2025 00:32:55.428] [main/DEBUG] [net.minecraftforge.fml.loading.moddiscovery.ModFileInfo/LOADING]: Found valid mod file Waystones_1.16.5-7.6.4.jar with {waystones} mods - versions {7.6.4}
[13Jun2025 00:32:55.428] [main/DEBUG] [net.minecraftforge.fml.loading.moddiscovery.ModFile/LOADING]: Loading mod file /workspaces/franco-es-de-cerro-xd/servidor_minecraft/mods/Waystones_1.16.5-7.6.4.jar with language javafml
[13Jun2025 00:32:55.428] [main/DEBUG] [net.minecraftforge.fml.loading.moddiscovery.ModFileParser/LOADING]: Considering mod file candidate /workspaces/franco-es-de-cerro-xd/servidor_minecraft/libraries/net/minecraftforge/forge/1.16.5-36.2.42/forge-1.16.5-36.2.42-universal.jar
[13Jun2025 00:32:55.429] [main/DEBUG] [net.minecraftforge.fml.loading.moddiscovery.ModFileInfo/LOADING]: Found valid mod file forge-1.16.5-36.2.42-universal.jar with {forge} mods - versions {36.2.42}
[13Jun2025 00:32:55.437] [main/DEBUG] [net.minecraftforge.fml.loading.moddiscovery.ModFile/LOADING]: Loading mod file /workspaces/franco-es-de-cerro-xd/servidor_minecraft/libraries/net/minecraftforge/forge/1.16.5-36.2.42/forge-1.16.5-36.2.42-universal.jar with language javafml
[13Jun2025 00:32:55.437] [main/DEBUG] [net.minecraftforge.fml.loading.moddiscovery.ModFileParser/LOADING]: Found coremod fieldtomethodtransformers with Javascript path META-INF/fieldtomethodtransformers.js
[13Jun2025 00:32:55.437] [main/DEBUG] [net.minecraftforge.fml.loading.moddiscovery.ModFileParser/LOADING]: Found coremod field_to_instanceof with Javascript path coremods/field_to_instanceof.js
[13Jun2025 00:32:55.438] [main/DEBUG] [net.minecraftforge.fml.loading.moddiscovery.ModFileParser/LOADING]: Found coremod add_bouncer_method with Javascript path coremods/add_bouncer_method.js
[13Jun2025 00:32:55.438] [main/DEBUG] [net.minecraftforge.fml.loading.moddiscovery.ModFile/LOADING]: Found coremod META-INF/fieldtomethodtransformers.js
[13Jun2025 00:32:55.438] [main/DEBUG] [net.minecraftforge.fml.loading.moddiscovery.ModFile/LOADING]: Found coremod coremods/field_to_instanceof.js
[13Jun2025 00:32:55.438] [main/DEBUG] [net.minecraftforge.fml.loading.moddiscovery.ModFile/LOADING]: Found coremod coremods/add_bouncer_method.js
[13Jun2025 00:32:55.438] [main/DEBUG] [net.minecraftforge.fml.loading.moddiscovery.ModFileParser/LOADING]: Considering mod file candidate /workspaces/franco-es-de-cerro-xd/servidor_minecraft/libraries/net/minecraftforge/forge/1.16.5-36.2.42/forge-1.16.5-36.2.42-server.jar
[13Jun2025 00:32:55.439] [main/DEBUG] [net.minecraftforge.fml.loading.moddiscovery.ModFileInfo/LOADING]: Found valid mod file forge-1.16.5-36.2.42-server.jar with {minecraft} mods - versions {1.16.5}
[13Jun2025 00:32:55.441] [main/DEBUG] [net.minecraftforge.fml.loading.moddiscovery.ModFile/LOADING]: Loading mod file /workspaces/franco-es-de-cerro-xd/servidor_minecraft/libraries/net/minecraftforge/forge/1.16.5-36.2.42/forge-1.16.5-36.2.42-server.jar with language minecraft
[13Jun2025 00:32:55.449] [main/DEBUG] [net.minecraftforge.fml.loading.ModSorter/LOADING]: Found 69 mod requirements (64 mandatory, 5 optional)
[13Jun2025 00:32:55.450] [main/DEBUG] [net.minecraftforge.fml.loading.ModSorter/LOADING]: Found 0 mod requirements missing (0 mandatory, 0 optional)
[13Jun2025 00:32:55.608] [main/INFO] [STDERR/]: [jdk.nashorn.api.scripting.NashornScriptEngine:<init>:143]: Warning: Nashorn engine is planned to be removed from a future JDK release
[13Jun2025 00:32:55.698] [main/INFO] [STDERR/]: [jdk.nashorn.api.scripting.NashornScriptEngine:<init>:143]: Warning: Nashorn engine is planned to be removed from a future JDK release
[13Jun2025 00:32:55.704] [main/INFO] [STDERR/]: [jdk.nashorn.api.scripting.NashornScriptEngine:<init>:143]: Warning: Nashorn engine is planned to be removed from a future JDK release
[13Jun2025 00:32:55.710] [main/INFO] [STDERR/]: [jdk.nashorn.api.scripting.NashornScriptEngine:<init>:143]: Warning: Nashorn engine is planned to be removed from a future JDK release
[13Jun2025 00:32:55.877] [main/DEBUG] [cpw.mods.modlauncher.TransformationServiceDecorator/MODLAUNCHER]: End scan trigger - transformation service fml
[13Jun2025 00:32:55.878] [main/DEBUG] [cpw.mods.modlauncher.TransformationServicesHandler/MODLAUNCHER]: Transformation services loading transformers
[13Jun2025 00:32:55.879] [main/DEBUG] [cpw.mods.modlauncher.TransformationServiceDecorator/MODLAUNCHER]: Initializing transformers for transformation service mixin
[13Jun2025 00:32:55.880] [main/DEBUG] [cpw.mods.modlauncher.TransformationServiceDecorator/MODLAUNCHER]: Initialized transformers for transformation service mixin
[13Jun2025 00:32:55.881] [main/DEBUG] [cpw.mods.modlauncher.TransformationServiceDecorator/MODLAUNCHER]: Initializing transformers for transformation service fml
[13Jun2025 00:32:55.881] [main/DEBUG] [net.minecraftforge.fml.loading.FMLServiceProvider/CORE]: Loading coremod transformers
[13Jun2025 00:32:55.881] [main/DEBUG] [net.minecraftforge.coremod.CoreModEngine/COREMOD]: Loading CoreMod from transformers/set_background_texture.js
[13Jun2025 00:32:56.093] [main/DEBUG] [net.minecraftforge.coremod.CoreModEngine/COREMOD]: CoreMod loaded successfully
[13Jun2025 00:32:56.093] [main/DEBUG] [net.minecraftforge.coremod.CoreModEngine/COREMOD]: Loading CoreMod from META-INF/fieldtomethodtransformers.js
[13Jun2025 00:32:56.119] [main/DEBUG] [net.minecraftforge.coremod.CoreModEngine/COREMOD]: CoreMod loaded successfully
[13Jun2025 00:32:56.119] [main/DEBUG] [net.minecraftforge.coremod.CoreModEngine/COREMOD]: Loading CoreMod from coremods/field_to_instanceof.js
[13Jun2025 00:32:56.323] [main/DEBUG] [net.minecraftforge.coremod.CoreModEngine/COREMOD]: CoreMod loaded successfully
[13Jun2025 00:32:56.324] [main/DEBUG] [net.minecraftforge.coremod.CoreModEngine/COREMOD]: Loading CoreMod from coremods/add_bouncer_method.js
[13Jun2025 00:32:56.471] [main/DEBUG] [net.minecraftforge.coremod.CoreModEngine/COREMOD]: CoreMod loaded successfully
[13Jun2025 00:32:56.482] [main/DEBUG] [cpw.mods.modlauncher.TransformStore/MODLAUNCHER]: Adding transformer net.minecraftforge.coremod.transformer.CoreModClassTransformer@7cdbaa50 to Target : CLASS {Lnet/minecraft/potion/EffectInstance;} {} {V}
[13Jun2025 00:32:56.483] [main/DEBUG] [cpw.mods.modlauncher.TransformStore/MODLAUNCHER]: Adding transformer net.minecraftforge.coremod.transformer.CoreModClassTransformer@536d97f8 to Target : CLASS {Lnet/minecraft/block/FlowingFluidBlock;} {} {V}
[13Jun2025 00:32:56.483] [main/DEBUG] [cpw.mods.modlauncher.TransformStore/MODLAUNCHER]: Adding transformer net.minecraftforge.coremod.transformer.CoreModClassTransformer@3c50ad4b to Target : CLASS {Lnet/minecraft/item/BucketItem;} {} {V}
[13Jun2025 00:32:56.484] [main/DEBUG] [cpw.mods.modlauncher.TransformStore/MODLAUNCHER]: Adding transformer net.minecraftforge.coremod.transformer.CoreModClassTransformer@37496720 to Target : CLASS {Lnet/minecraft/block/StairsBlock;} {} {V}
[13Jun2025 00:32:56.484] [main/DEBUG] [cpw.mods.modlauncher.TransformStore/MODLAUNCHER]: Adding transformer net.minecraftforge.coremod.transformer.CoreModClassTransformer@28f9fedd to Target : CLASS {Lnet/minecraft/block/FlowerPotBlock;} {} {V}
[13Jun2025 00:32:56.484] [main/DEBUG] [cpw.mods.modlauncher.TransformStore/MODLAUNCHER]: Adding transformer net.minecraftforge.coremod.transformer.CoreModClassTransformer@17947e6d to Target : CLASS {Lnet/minecraft/item/FishBucketItem;} {} {V}
[13Jun2025 00:32:56.484] [main/DEBUG] [cpw.mods.modlauncher.TransformStore/MODLAUNCHER]: Adding transformer net.minecraftforge.coremod.transformer.CoreModClassTransformer@2e17a321 to Target : CLASS {Lnet/minecraft/item/ItemStack;} {} {V}
[13Jun2025 00:32:56.484] [main/DEBUG] [cpw.mods.modlauncher.TransformStore/MODLAUNCHER]: Adding transformer net.minecraftforge.coremod.transformer.CoreModClassTransformer@521bb1a4 to Target : CLASS {Lnet/minecraft/network/play/client/CClientSettingsPacket;} {} {V}
[13Jun2025 00:32:56.484] [main/DEBUG] [cpw.mods.modlauncher.TransformStore/MODLAUNCHER]: Adding transformer net.minecraftforge.coremod.transformer.CoreModClassTransformer@35f3a22c to Target : CLASS {Lnet/minecraft/util/math/vector/TransformationMatrix;} {} {V}
[13Jun2025 00:32:56.484] [main/DEBUG] [cpw.mods.modlauncher.TransformStore/MODLAUNCHER]: Adding transformer net.minecraftforge.coremod.transformer.CoreModClassTransformer@1a0c5e9 to Target : CLASS {Lnet/minecraft/util/math/vector/TransformationMatrix;} {} {V}
[13Jun2025 00:32:56.485] [main/DEBUG] [cpw.mods.modlauncher.TransformStore/MODLAUNCHER]: Adding transformer net.minecraftforge.coremod.transformer.CoreModMethodTransformer@1d247525 to Target : METHOD {Lnet/minecraft/client/gui/widget/list/AbstractList;} {func_230430_a_} {(Lcom/mojang/blaze3d/matrix/MatrixStack;IIF)V}
[13Jun2025 00:32:56.485] [main/DEBUG] [cpw.mods.modlauncher.TransformStore/MODLAUNCHER]: Adding transformer net.minecraftforge.coremod.transformer.CoreModMethodTransformer@35ee466f to Target : METHOD {Lnet/minecraft/client/gui/screen/Screen;} {func_231165_f_} {(I)V}
[13Jun2025 00:32:56.485] [main/DEBUG] [cpw.mods.modlauncher.TransformStore/MODLAUNCHER]: Adding transformer net.minecraftforge.coremod.transformer.CoreModMethodTransformer@32e652b6 to Target : METHOD {Lnet/minecraft/client/entity/player/AbstractClientPlayerEntity;} {func_175156_o} {()F}
[13Jun2025 00:32:56.485] [main/DEBUG] [cpw.mods.modlauncher.TransformStore/MODLAUNCHER]: Adding transformer net.minecraftforge.coremod.transformer.CoreModMethodTransformer@4ba02375 to Target : METHOD {Lnet/minecraft/client/renderer/FirstPersonRenderer;} {func_228396_a_} {(FLcom/mojang/blaze3d/matrix/MatrixStack;Lnet/minecraft/client/renderer/IRenderTypeBuffer$Impl;Lnet/minecraft/client/entity/player/ClientPlayerEntity;I)V}
[13Jun2025 00:32:56.485] [main/DEBUG] [cpw.mods.modlauncher.TransformStore/MODLAUNCHER]: Adding transformer net.minecraftforge.coremod.transformer.CoreModMethodTransformer@7593ea79 to Target : METHOD {Lnet/minecraft/client/renderer/entity/model/SkeletonModel;} {func_212843_a_} {(Lnet/minecraft/entity/MobEntity;FFF)V}
[13Jun2025 00:32:56.485] [main/DEBUG] [cpw.mods.modlauncher.TransformStore/MODLAUNCHER]: Adding transformer net.minecraftforge.coremod.transformer.CoreModMethodTransformer@3289079a to Target : METHOD {Lnet/minecraft/client/renderer/entity/model/SkeletonModel;} {func_225597_a_} {(Lnet/minecraft/entity/MobEntity;FFFFF)V}
[13Jun2025 00:32:56.486] [main/DEBUG] [cpw.mods.modlauncher.TransformStore/MODLAUNCHER]: Adding transformer net.minecraftforge.coremod.transformer.CoreModMethodTransformer@32fa809f to Target : METHOD {Lnet/minecraft/entity/monster/AbstractSkeletonEntity;} {func_230280_a_} {(Lnet/minecraft/item/ShootableItem;)Z}
[13Jun2025 00:32:56.486] [main/DEBUG] [cpw.mods.modlauncher.TransformStore/MODLAUNCHER]: Adding transformer net.minecraftforge.coremod.transformer.CoreModMethodTransformer@788ba63e to Target : METHOD {Lnet/minecraft/entity/monster/AbstractSkeletonEntity;} {func_85036_m} {()V}
[13Jun2025 00:32:56.486] [main/DEBUG] [cpw.mods.modlauncher.TransformStore/MODLAUNCHER]: Adding transformer net.minecraftforge.coremod.transformer.CoreModMethodTransformer@12a14b74 to Target : METHOD {Lnet/minecraft/client/renderer/FirstPersonRenderer;} {func_228396_a_} {(FLcom/mojang/blaze3d/matrix/MatrixStack;Lnet/minecraft/client/renderer/IRenderTypeBuffer$Impl;Lnet/minecraft/client/entity/player/ClientPlayerEntity;I)V}
[13Jun2025 00:32:56.486] [main/DEBUG] [cpw.mods.modlauncher.TransformStore/MODLAUNCHER]: Adding transformer net.minecraftforge.coremod.transformer.CoreModMethodTransformer@68ee3b6d to Target : METHOD {Lnet/minecraft/client/renderer/FirstPersonRenderer;} {func_228405_a_} {(Lnet/minecraft/client/entity/player/AbstractClientPlayerEntity;FFLnet/minecraft/util/Hand;FLnet/minecraft/item/ItemStack;FLcom/mojang/blaze3d/matrix/MatrixStack;Lnet/minecraft/client/renderer/IRenderTypeBuffer;I)V}
[13Jun2025 00:32:56.486] [main/DEBUG] [cpw.mods.modlauncher.TransformStore/MODLAUNCHER]: Adding transformer net.minecraftforge.coremod.transformer.CoreModMethodTransformer@e76b097 to Target : METHOD {Lnet/minecraft/client/renderer/entity/PlayerRenderer;} {func_241741_a_} {(Lnet/minecraft/client/entity/player/AbstractClientPlayerEntity;Lnet/minecraft/util/Hand;)Lnet/minecraft/client/renderer/entity/model/BipedModel$ArmPose;}
[13Jun2025 00:32:56.486] [main/DEBUG] [cpw.mods.modlauncher.TransformStore/MODLAUNCHER]: Adding transformer net.minecraftforge.coremod.transformer.CoreModMethodTransformer@2be95d31 to Target : METHOD {Lnet/minecraft/entity/monster/PillagerEntity;} {func_230280_a_} {(Lnet/minecraft/item/ShootableItem;)Z}
[13Jun2025 00:32:56.486] [main/DEBUG] [cpw.mods.modlauncher.TransformStore/MODLAUNCHER]: Adding transformer net.minecraftforge.coremod.transformer.CoreModMethodTransformer@338b49d3 to Target : METHOD {Lnet/minecraft/entity/monster/PillagerEntity;} {func_241844_w} {(F)V}
[13Jun2025 00:32:56.487] [main/DEBUG] [cpw.mods.modlauncher.TransformStore/MODLAUNCHER]: Adding transformer net.minecraftforge.coremod.transformer.CoreModMethodTransformer@2aa7399c to Target : METHOD {Lnet/minecraft/entity/monster/piglin/PiglinEntity;} {func_208003_a} {(Lnet/minecraft/item/ItemStack;Lnet/minecraft/item/ItemStack;)Z}
[13Jun2025 00:32:56.487] [main/DEBUG] [cpw.mods.modlauncher.TransformStore/MODLAUNCHER]: Adding transformer net.minecraftforge.coremod.transformer.CoreModMethodTransformer@11eed657 to Target : METHOD {Lnet/minecraft/entity/monster/piglin/PiglinEntity;} {func_230280_a_} {(Lnet/minecraft/item/ShootableItem;)Z}
[13Jun2025 00:32:56.487] [main/DEBUG] [cpw.mods.modlauncher.TransformStore/MODLAUNCHER]: Adding transformer net.minecraftforge.coremod.transformer.CoreModMethodTransformer@708f018e to Target : METHOD {Lnet/minecraft/item/CrossbowItem;} {func_220013_l} {(Lnet/minecraft/item/ItemStack;)F}
[13Jun2025 00:32:56.487] [main/DEBUG] [cpw.mods.modlauncher.TransformStore/MODLAUNCHER]: Adding transformer net.minecraftforge.coremod.transformer.CoreModMethodTransformer@19a31b9d to Target : METHOD {Lnet/minecraft/item/Item;} {func_219970_i} {(Lnet/minecraft/item/ItemStack;)Z}
[13Jun2025 00:32:56.487] [main/DEBUG] [cpw.mods.modlauncher.TransformStore/MODLAUNCHER]: Adding transformer net.minecraftforge.coremod.transformer.CoreModMethodTransformer@a5bbaec to Target : METHOD {Lnet/minecraft/client/renderer/FirstPersonRenderer;} {func_228405_a_} {(Lnet/minecraft/client/entity/player/AbstractClientPlayerEntity;FFLnet/minecraft/util/Hand;FLnet/minecraft/item/ItemStack;FLcom/mojang/blaze3d/matrix/MatrixStack;Lnet/minecraft/client/renderer/IRenderTypeBuffer;I)V}
[13Jun2025 00:32:56.487] [main/DEBUG] [cpw.mods.modlauncher.TransformStore/MODLAUNCHER]: Adding transformer net.minecraftforge.coremod.transformer.CoreModMethodTransformer@6d60899e to Target : METHOD {Lnet/minecraft/entity/item/ItemFrameEntity;} {func_110131_b} {(Lnet/minecraft/item/ItemStack;)V}
[13Jun2025 00:32:56.487] [main/DEBUG] [cpw.mods.modlauncher.TransformStore/MODLAUNCHER]: Adding transformer net.minecraftforge.coremod.transformer.CoreModMethodTransformer@65eb76cd to Target : METHOD {Lnet/minecraft/inventory/container/CartographyContainer$3;} {func_75214_a} {(Lnet/minecraft/item/ItemStack;)Z}
[13Jun2025 00:32:56.487] [main/DEBUG] [cpw.mods.modlauncher.TransformStore/MODLAUNCHER]: Adding transformer net.minecraftforge.coremod.transformer.CoreModMethodTransformer@6415f61e to Target : METHOD {Lnet/minecraft/inventory/container/CartographyContainer;} {func_82846_b} {(Lnet/minecraft/entity/player/PlayerEntity;I)Lnet/minecraft/item/ItemStack;}
[13Jun2025 00:32:56.488] [main/DEBUG] [cpw.mods.modlauncher.TransformStore/MODLAUNCHER]: Adding transformer net.minecraftforge.coremod.transformer.CoreModMethodTransformer@334ebcaa to Target : METHOD {Lnet/minecraft/item/ItemStack;} {func_82840_a} {(Lnet/minecraft/entity/player/PlayerEntity;Lnet/minecraft/client/util/ITooltipFlag;)Ljava/util/List;}
[13Jun2025 00:32:56.490] [main/DEBUG] [cpw.mods.modlauncher.TransformStore/MODLAUNCHER]: Adding transformer net.minecraftforge.coremod.transformer.CoreModMethodTransformer@5a0bef24 to Target : METHOD {Lnet/minecraft/client/renderer/entity/FishRenderer;} {func_225623_a_} {(Lnet/minecraft/entity/projectile/FishingBobberEntity;FFLcom/mojang/blaze3d/matrix/MatrixStack;Lnet/minecraft/client/renderer/IRenderTypeBuffer;I)V}
[13Jun2025 00:32:56.490] [main/DEBUG] [cpw.mods.modlauncher.TransformStore/MODLAUNCHER]: Adding transformer net.minecraftforge.coremod.transformer.CoreModMethodTransformer@6468a7b6 to Target : METHOD {Lnet/minecraft/entity/projectile/FishingBobberEntity;} {func_234600_a_} {(Lnet/minecraft/entity/player/PlayerEntity;)Z}
[13Jun2025 00:32:56.491] [main/DEBUG] [cpw.mods.modlauncher.TransformStore/MODLAUNCHER]: Adding transformer net.minecraftforge.coremod.transformer.CoreModMethodTransformer@2f860823 to Target : METHOD {Lnet/minecraft/block/BeehiveBlock;} {func_225533_a_} {(Lnet/minecraft/block/BlockState;Lnet/minecraft/world/World;Lnet/minecraft/util/math/BlockPos;Lnet/minecraft/entity/player/PlayerEntity;Lnet/minecraft/util/Hand;Lnet/minecraft/util/math/BlockRayTraceResult;)Lnet/minecraft/util/ActionResultType;}
[13Jun2025 00:32:56.492] [main/DEBUG] [cpw.mods.modlauncher.TransformStore/MODLAUNCHER]: Adding transformer net.minecraftforge.coremod.transformer.CoreModMethodTransformer@696b4a95 to Target : METHOD {Lnet/minecraft/block/PumpkinBlock;} {func_225533_a_} {(Lnet/minecraft/block/BlockState;Lnet/minecraft/world/World;Lnet/minecraft/util/math/BlockPos;Lnet/minecraft/entity/player/PlayerEntity;Lnet/minecraft/util/Hand;Lnet/minecraft/util/math/BlockRayTraceResult;)Lnet/minecraft/util/ActionResultType;}
[13Jun2025 00:32:56.492] [main/DEBUG] [cpw.mods.modlauncher.TransformStore/MODLAUNCHER]: Adding transformer net.minecraftforge.coremod.transformer.CoreModMethodTransformer@6c1cfa53 to Target : METHOD {Lnet/minecraft/block/TripWireBlock;} {func_176208_a} {(Lnet/minecraft/world/World;Lnet/minecraft/util/math/BlockPos;Lnet/minecraft/block/BlockState;Lnet/minecraft/entity/player/PlayerEntity;)V}
[13Jun2025 00:32:56.492] [main/DEBUG] [cpw.mods.modlauncher.TransformStore/MODLAUNCHER]: Adding transformer net.minecraftforge.coremod.transformer.CoreModMethodTransformer@4d68b571 to Target : METHOD {Lnet/minecraft/enchantment/EfficiencyEnchantment;} {func_92089_a} {(Lnet/minecraft/item/ItemStack;)Z}
[13Jun2025 00:32:56.492] [main/DEBUG] [cpw.mods.modlauncher.TransformStore/MODLAUNCHER]: Adding transformer net.minecraftforge.coremod.transformer.CoreModMethodTransformer@52b06bef to Target : METHOD {Lnet/minecraft/entity/passive/MooshroomEntity;} {func_230254_b_} {(Lnet/minecraft/entity/player/PlayerEntity;Lnet/minecraft/util/Hand;)Lnet/minecraft/util/ActionResultType;}
[13Jun2025 00:32:56.492] [main/DEBUG] [cpw.mods.modlauncher.TransformStore/MODLAUNCHER]: Adding transformer net.minecraftforge.coremod.transformer.CoreModMethodTransformer@61bcbcce to Target : METHOD {Lnet/minecraft/entity/passive/SheepEntity;} {func_230254_b_} {(Lnet/minecraft/entity/player/PlayerEntity;Lnet/minecraft/util/Hand;)Lnet/minecraft/util/ActionResultType;}
[13Jun2025 00:32:56.492] [main/DEBUG] [cpw.mods.modlauncher.TransformStore/MODLAUNCHER]: Adding transformer net.minecraftforge.coremod.transformer.CoreModMethodTransformer@6af91cc8 to Target : METHOD {Lnet/minecraft/entity/passive/SnowGolemEntity;} {func_230254_b_} {(Lnet/minecraft/entity/player/PlayerEntity;Lnet/minecraft/util/Hand;)Lnet/minecraft/util/ActionResultType;}
[13Jun2025 00:32:56.492] [main/DEBUG] [cpw.mods.modlauncher.TransformationServiceDecorator/MODLAUNCHER]: Initialized transformers for transformation service fml
[13Jun2025 00:32:56.530] [main/DEBUG] [mixin/]: Processing prepare() for PlatformAgent[MixinPlatformAgentDefault:ModLauncher Root Container(ModLauncher:4f56a0a2)]
[13Jun2025 00:32:56.531] [main/DEBUG] [mixin/]: Processing launch tasks for PlatformAgent[MixinPlatformAgentDefault:ModLauncher Root Container(ModLauncher:4f56a0a2)]
[13Jun2025 00:32:56.531] [main/DEBUG] [mixin/]: Adding mixin platform agents for container ContainerHandleModLauncher.Resource(forge-1.16.5-36.2.42-server.jar:/workspaces/franco-es-de-cerro-xd/servidor_minecraft/libraries/net/minecraftforge/forge/1.16.5-36.2.42/forge-1.16.5-36.2.42-server.jar)
[13Jun2025 00:32:56.531] [main/DEBUG] [mixin/]: Instancing new MixinPlatformAgentMinecraftForge for ContainerHandleModLauncher.Resource(forge-1.16.5-36.2.42-server.jar:/workspaces/franco-es-de-cerro-xd/servidor_minecraft/libraries/net/minecraftforge/forge/1.16.5-36.2.42/forge-1.16.5-36.2.42-server.jar)
[13Jun2025 00:32:56.532] [main/DEBUG] [mixin/]: MixinPlatformAgentMinecraftForge rejected container ContainerHandleModLauncher.Resource(forge-1.16.5-36.2.42-server.jar:/workspaces/franco-es-de-cerro-xd/servidor_minecraft/libraries/net/minecraftforge/forge/1.16.5-36.2.42/forge-1.16.5-36.2.42-server.jar)
[13Jun2025 00:32:56.532] [main/DEBUG] [mixin/]: Instancing new MixinPlatformAgentDefault for ContainerHandleModLauncher.Resource(forge-1.16.5-36.2.42-server.jar:/workspaces/franco-es-de-cerro-xd/servidor_minecraft/libraries/net/minecraftforge/forge/1.16.5-36.2.42/forge-1.16.5-36.2.42-server.jar)
[13Jun2025 00:32:56.532] [main/DEBUG] [mixin/]: MixinPlatformAgentDefault accepted container ContainerHandleModLauncher.Resource(forge-1.16.5-36.2.42-server.jar:/workspaces/franco-es-de-cerro-xd/servidor_minecraft/libraries/net/minecraftforge/forge/1.16.5-36.2.42/forge-1.16.5-36.2.42-server.jar)
[13Jun2025 00:32:56.533] [main/DEBUG] [mixin/]: Processing prepare() for PlatformAgent[MixinPlatformAgentDefault:ContainerHandleModLauncher.Resource(forge-1.16.5-36.2.42-server.jar:/workspaces/franco-es-de-cerro-xd/servidor_minecraft/libraries/net/minecraftforge/forge/1.16.5-36.2.42/forge-1.16.5-36.2.42-server.jar)]
[13Jun2025 00:32:56.533] [main/DEBUG] [mixin/]: Adding mixin platform agents for container ContainerHandleModLauncher.Resource(useful_backpacks-1.16.5-1.12.1.103.jar:/workspaces/franco-es-de-cerro-xd/servidor_minecraft/mods/useful_backpacks-1.16.5-1.12.1.103.jar)
[13Jun2025 00:32:56.533] [main/DEBUG] [mixin/]: Instancing new MixinPlatformAgentMinecraftForge for ContainerHandleModLauncher.Resource(useful_backpacks-1.16.5-1.12.1.103.jar:/workspaces/franco-es-de-cerro-xd/servidor_minecraft/mods/useful_backpacks-1.16.5-1.12.1.103.jar)
[13Jun2025 00:32:56.534] [main/DEBUG] [mixin/]: MixinPlatformAgentMinecraftForge rejected container ContainerHandleModLauncher.Resource(useful_backpacks-1.16.5-1.12.1.103.jar:/workspaces/franco-es-de-cerro-xd/servidor_minecraft/mods/useful_backpacks-1.16.5-1.12.1.103.jar)
[13Jun2025 00:32:56.534] [main/DEBUG] [mixin/]: Instancing new MixinPlatformAgentDefault for ContainerHandleModLauncher.Resource(useful_backpacks-1.16.5-1.12.1.103.jar:/workspaces/franco-es-de-cerro-xd/servidor_minecraft/mods/useful_backpacks-1.16.5-1.12.1.103.jar)
[13Jun2025 00:32:56.534] [main/DEBUG] [mixin/]: MixinPlatformAgentDefault accepted container ContainerHandleModLauncher.Resource(useful_backpacks-1.16.5-1.12.1.103.jar:/workspaces/franco-es-de-cerro-xd/servidor_minecraft/mods/useful_backpacks-1.16.5-1.12.1.103.jar)
[13Jun2025 00:32:56.534] [main/DEBUG] [mixin/]: Processing prepare() for PlatformAgent[MixinPlatformAgentDefault:ContainerHandleModLauncher.Resource(useful_backpacks-1.16.5-1.12.1.103.jar:/workspaces/franco-es-de-cerro-xd/servidor_minecraft/mods/useful_backpacks-1.16.5-1.12.1.103.jar)]
[13Jun2025 00:32:56.535] [main/DEBUG] [mixin/]: Adding mixin platform agents for container ContainerHandleModLauncher.Resource(mowziesmobs-1.5.27.jar:/workspaces/franco-es-de-cerro-xd/servidor_minecraft/mods/mowziesmobs-1.5.27.jar)
[13Jun2025 00:32:56.535] [main/DEBUG] [mixin/]: Instancing new MixinPlatformAgentMinecraftForge for ContainerHandleModLauncher.Resource(mowziesmobs-1.5.27.jar:/workspaces/franco-es-de-cerro-xd/servidor_minecraft/mods/mowziesmobs-1.5.27.jar)
[13Jun2025 00:32:56.535] [main/DEBUG] [mixin/]: MixinPlatformAgentMinecraftForge rejected container ContainerHandleModLauncher.Resource(mowziesmobs-1.5.27.jar:/workspaces/franco-es-de-cerro-xd/servidor_minecraft/mods/mowziesmobs-1.5.27.jar)
[13Jun2025 00:32:56.535] [main/DEBUG] [mixin/]: Instancing new MixinPlatformAgentDefault for ContainerHandleModLauncher.Resource(mowziesmobs-1.5.27.jar:/workspaces/franco-es-de-cerro-xd/servidor_minecraft/mods/mowziesmobs-1.5.27.jar)
[13Jun2025 00:32:56.536] [main/DEBUG] [mixin/]: MixinPlatformAgentDefault accepted container ContainerHandleModLauncher.Resource(mowziesmobs-1.5.27.jar:/workspaces/franco-es-de-cerro-xd/servidor_minecraft/mods/mowziesmobs-1.5.27.jar)
[13Jun2025 00:32:56.536] [main/DEBUG] [mixin/]: Processing prepare() for PlatformAgent[MixinPlatformAgentDefault:ContainerHandleModLauncher.Resource(mowziesmobs-1.5.27.jar:/workspaces/franco-es-de-cerro-xd/servidor_minecraft/mods/mowziesmobs-1.5.27.jar)]
[13Jun2025 00:32:56.536] [main/DEBUG] [mixin/]: Adding mixin platform agents for container ContainerHandleModLauncher.Resource(Jade-1.16.4-2.8.3.jar:/workspaces/franco-es-de-cerro-xd/servidor_minecraft/mods/Jade-1.16.4-2.8.3.jar)
[13Jun2025 00:32:56.537] [main/DEBUG] [mixin/]: Instancing new MixinPlatformAgentMinecraftForge for ContainerHandleModLauncher.Resource(Jade-1.16.4-2.8.3.jar:/workspaces/franco-es-de-cerro-xd/servidor_minecraft/mods/Jade-1.16.4-2.8.3.jar)
[13Jun2025 00:32:56.537] [main/DEBUG] [mixin/]: MixinPlatformAgentMinecraftForge rejected container ContainerHandleModLauncher.Resource(Jade-1.16.4-2.8.3.jar:/workspaces/franco-es-de-cerro-xd/servidor_minecraft/mods/Jade-1.16.4-2.8.3.jar)
[13Jun2025 00:32:56.537] [main/DEBUG] [mixin/]: Instancing new MixinPlatformAgentDefault for ContainerHandleModLauncher.Resource(Jade-1.16.4-2.8.3.jar:/workspaces/franco-es-de-cerro-xd/servidor_minecraft/mods/Jade-1.16.4-2.8.3.jar)
[13Jun2025 00:32:56.537] [main/DEBUG] [mixin/]: MixinPlatformAgentDefault accepted container ContainerHandleModLauncher.Resource(Jade-1.16.4-2.8.3.jar:/workspaces/franco-es-de-cerro-xd/servidor_minecraft/mods/Jade-1.16.4-2.8.3.jar)
[13Jun2025 00:32:56.537] [main/DEBUG] [mixin/]: Processing prepare() for PlatformAgent[MixinPlatformAgentDefault:ContainerHandleModLauncher.Resource(Jade-1.16.4-2.8.3.jar:/workspaces/franco-es-de-cerro-xd/servidor_minecraft/mods/Jade-1.16.4-2.8.3.jar)]
[13Jun2025 00:32:56.538] [main/DEBUG] [mixin/]: Adding mixin platform agents for container ContainerHandleModLauncher.Resource(endrem-5.0.3-R-1.16.5.jar:/workspaces/franco-es-de-cerro-xd/servidor_minecraft/mods/endrem-5.0.3-R-1.16.5.jar)
[13Jun2025 00:32:56.538] [main/DEBUG] [mixin/]: Instancing new MixinPlatformAgentMinecraftForge for ContainerHandleModLauncher.Resource(endrem-5.0.3-R-1.16.5.jar:/workspaces/franco-es-de-cerro-xd/servidor_minecraft/mods/endrem-5.0.3-R-1.16.5.jar)
[13Jun2025 00:32:56.538] [main/DEBUG] [mixin/]: MixinPlatformAgentMinecraftForge rejected container ContainerHandleModLauncher.Resource(endrem-5.0.3-R-1.16.5.jar:/workspaces/franco-es-de-cerro-xd/servidor_minecraft/mods/endrem-5.0.3-R-1.16.5.jar)
[13Jun2025 00:32:56.538] [main/DEBUG] [mixin/]: Instancing new MixinPlatformAgentDefault for ContainerHandleModLauncher.Resource(endrem-5.0.3-R-1.16.5.jar:/workspaces/franco-es-de-cerro-xd/servidor_minecraft/mods/endrem-5.0.3-R-1.16.5.jar)
[13Jun2025 00:32:56.538] [main/DEBUG] [mixin/]: MixinPlatformAgentDefault accepted container ContainerHandleModLauncher.Resource(endrem-5.0.3-R-1.16.5.jar:/workspaces/franco-es-de-cerro-xd/servidor_minecraft/mods/endrem-5.0.3-R-1.16.5.jar)
[13Jun2025 00:32:56.539] [main/DEBUG] [mixin/]: Processing prepare() for PlatformAgent[MixinPlatformAgentDefault:ContainerHandleModLauncher.Resource(endrem-5.0.3-R-1.16.5.jar:/workspaces/franco-es-de-cerro-xd/servidor_minecraft/mods/endrem-5.0.3-R-1.16.5.jar)]
[13Jun2025 00:32:56.539] [main/DEBUG] [mixin/]: Registering mixin config: endrem.mixins.json
[13Jun2025 00:32:56.567] [main/DEBUG] [mixin/]: Adding mixin platform agents for container ContainerHandleModLauncher.Resource(jei-1.16.5-7.8.0.1013.jar:/workspaces/franco-es-de-cerro-xd/servidor_minecraft/mods/jei-1.16.5-7.8.0.1013.jar)
[13Jun2025 00:32:56.567] [main/DEBUG] [mixin/]: Instancing new MixinPlatformAgentMinecraftForge for ContainerHandleModLauncher.Resource(jei-1.16.5-7.8.0.1013.jar:/workspaces/franco-es-de-cerro-xd/servidor_minecraft/mods/jei-1.16.5-7.8.0.1013.jar)
[13Jun2025 00:32:56.567] [main/DEBUG] [mixin/]: MixinPlatformAgentMinecraftForge rejected container ContainerHandleModLauncher.Resource(jei-1.16.5-7.8.0.1013.jar:/workspaces/franco-es-de-cerro-xd/servidor_minecraft/mods/jei-1.16.5-7.8.0.1013.jar)
[13Jun2025 00:32:56.568] [main/DEBUG] [mixin/]: Instancing new MixinPlatformAgentDefault for ContainerHandleModLauncher.Resource(jei-1.16.5-7.8.0.1013.jar:/workspaces/franco-es-de-cerro-xd/servidor_minecraft/mods/jei-1.16.5-7.8.0.1013.jar)
[13Jun2025 00:32:56.568] [main/DEBUG] [mixin/]: MixinPlatformAgentDefault accepted container ContainerHandleModLauncher.Resource(jei-1.16.5-7.8.0.1013.jar:/workspaces/franco-es-de-cerro-xd/servidor_minecraft/mods/jei-1.16.5-7.8.0.1013.jar)
[13Jun2025 00:32:56.568] [main/DEBUG] [mixin/]: Processing prepare() for PlatformAgent[MixinPlatformAgentDefault:ContainerHandleModLauncher.Resource(jei-1.16.5-7.8.0.1013.jar:/workspaces/franco-es-de-cerro-xd/servidor_minecraft/mods/jei-1.16.5-7.8.0.1013.jar)]
[13Jun2025 00:32:56.568] [main/DEBUG] [mixin/]: Adding mixin platform agents for container ContainerHandleModLauncher.Resource(simplefarming-1.16.5-1.3.8.jar:/workspaces/franco-es-de-cerro-xd/servidor_minecraft/mods/simplefarming-1.16.5-1.3.8.jar)
[13Jun2025 00:32:56.569] [main/DEBUG] [mixin/]: Instancing new MixinPlatformAgentMinecraftForge for ContainerHandleModLauncher.Resource(simplefarming-1.16.5-1.3.8.jar:/workspaces/franco-es-de-cerro-xd/servidor_minecraft/mods/simplefarming-1.16.5-1.3.8.jar)
[13Jun2025 00:32:56.569] [main/DEBUG] [mixin/]: MixinPlatformAgentMinecraftForge rejected container ContainerHandleModLauncher.Resource(simplefarming-1.16.5-1.3.8.jar:/workspaces/franco-es-de-cerro-xd/servidor_minecraft/mods/simplefarming-1.16.5-1.3.8.jar)
[13Jun2025 00:32:56.569] [main/DEBUG] [mixin/]: Instancing new MixinPlatformAgentDefault for ContainerHandleModLauncher.Resource(simplefarming-1.16.5-1.3.8.jar:/workspaces/franco-es-de-cerro-xd/servidor_minecraft/mods/simplefarming-1.16.5-1.3.8.jar)
[13Jun2025 00:32:56.569] [main/DEBUG] [mixin/]: MixinPlatformAgentDefault accepted container ContainerHandleModLauncher.Resource(simplefarming-1.16.5-1.3.8.jar:/workspaces/franco-es-de-cerro-xd/servidor_minecraft/mods/simplefarming-1.16.5-1.3.8.jar)
[13Jun2025 00:32:56.570] [main/DEBUG] [mixin/]: Processing prepare() for PlatformAgent[MixinPlatformAgentDefault:ContainerHandleModLauncher.Resource(simplefarming-1.16.5-1.3.8.jar:/workspaces/franco-es-de-cerro-xd/servidor_minecraft/mods/simplefarming-1.16.5-1.3.8.jar)]
[13Jun2025 00:32:56.570] [main/DEBUG] [mixin/]: Adding mixin platform agents for container ContainerHandleModLauncher.Resource(goblintraders-1.7.3-1.16.5.jar:/workspaces/franco-es-de-cerro-xd/servidor_minecraft/mods/goblintraders-1.7.3-1.16.5.jar)
[13Jun2025 00:32:56.570] [main/DEBUG] [mixin/]: Instancing new MixinPlatformAgentMinecraftForge for ContainerHandleModLauncher.Resource(goblintraders-1.7.3-1.16.5.jar:/workspaces/franco-es-de-cerro-xd/servidor_minecraft/mods/goblintraders-1.7.3-1.16.5.jar)
[13Jun2025 00:32:56.570] [main/DEBUG] [mixin/]: MixinPlatformAgentMinecraftForge rejected container ContainerHandleModLauncher.Resource(goblintraders-1.7.3-1.16.5.jar:/workspaces/franco-es-de-cerro-xd/servidor_minecraft/mods/goblintraders-1.7.3-1.16.5.jar)
[13Jun2025 00:32:56.571] [main/DEBUG] [mixin/]: Instancing new MixinPlatformAgentDefault for ContainerHandleModLauncher.Resource(goblintraders-1.7.3-1.16.5.jar:/workspaces/franco-es-de-cerro-xd/servidor_minecraft/mods/goblintraders-1.7.3-1.16.5.jar)
[13Jun2025 00:32:56.571] [main/DEBUG] [mixin/]: MixinPlatformAgentDefault accepted container ContainerHandleModLauncher.Resource(goblintraders-1.7.3-1.16.5.jar:/workspaces/franco-es-de-cerro-xd/servidor_minecraft/mods/goblintraders-1.7.3-1.16.5.jar)
[13Jun2025 00:32:56.571] [main/DEBUG] [mixin/]: Processing prepare() for PlatformAgent[MixinPlatformAgentDefault:ContainerHandleModLauncher.Resource(goblintraders-1.7.3-1.16.5.jar:/workspaces/franco-es-de-cerro-xd/servidor_minecraft/mods/goblintraders-1.7.3-1.16.5.jar)]
[13Jun2025 00:32:56.571] [main/DEBUG] [mixin/]: Registering mixin config: goblintraders.mixins.json
[13Jun2025 00:32:56.574] [main/DEBUG] [mixin/]: Adding mixin platform agents for container ContainerHandleModLauncher.Resource(L_Enders Cataclysm-0.48 Changed Theme -1.16.5.jar:/workspaces/franco-es-de-cerro-xd/servidor_minecraft/mods/L_Enders Cataclysm-0.48 Changed Theme -1.16.5.jar)
[13Jun2025 00:32:56.574] [main/DEBUG] [mixin/]: Instancing new MixinPlatformAgentMinecraftForge for ContainerHandleModLauncher.Resource(L_Enders Cataclysm-0.48 Changed Theme -1.16.5.jar:/workspaces/franco-es-de-cerro-xd/servidor_minecraft/mods/L_Enders Cataclysm-0.48 Changed Theme -1.16.5.jar)
[13Jun2025 00:32:56.574] [main/DEBUG] [mixin/]: MixinPlatformAgentMinecraftForge rejected container ContainerHandleModLauncher.Resource(L_Enders Cataclysm-0.48 Changed Theme -1.16.5.jar:/workspaces/franco-es-de-cerro-xd/servidor_minecraft/mods/L_Enders Cataclysm-0.48 Changed Theme -1.16.5.jar)
[13Jun2025 00:32:56.574] [main/DEBUG] [mixin/]: Instancing new MixinPlatformAgentDefault for ContainerHandleModLauncher.Resource(L_Enders Cataclysm-0.48 Changed Theme -1.16.5.jar:/workspaces/franco-es-de-cerro-xd/servidor_minecraft/mods/L_Enders Cataclysm-0.48 Changed Theme -1.16.5.jar)
[13Jun2025 00:32:56.575] [main/DEBUG] [mixin/]: MixinPlatformAgentDefault accepted container ContainerHandleModLauncher.Resource(L_Enders Cataclysm-0.48 Changed Theme -1.16.5.jar:/workspaces/franco-es-de-cerro-xd/servidor_minecraft/mods/L_Enders Cataclysm-0.48 Changed Theme -1.16.5.jar)
[13Jun2025 00:32:56.575] [main/DEBUG] [mixin/]: Processing prepare() for PlatformAgent[MixinPlatformAgentDefault:ContainerHandleModLauncher.Resource(L_Enders Cataclysm-0.48 Changed Theme -1.16.5.jar:/workspaces/franco-es-de-cerro-xd/servidor_minecraft/mods/L_Enders Cataclysm-0.48 Changed Theme -1.16.5.jar)]
[13Jun2025 00:32:56.575] [main/DEBUG] [mixin/]: Registering mixin config: cataclysm.mixins.json
[13Jun2025 00:32:56.577] [main/DEBUG] [mixin/]: Adding mixin platform agents for container ContainerHandleModLauncher.Resource(curios-forge-1.16.5-4.1.0.0.jar:/workspaces/franco-es-de-cerro-xd/servidor_minecraft/mods/curios-forge-1.16.5-4.1.0.0.jar)
[13Jun2025 00:32:56.577] [main/DEBUG] [mixin/]: Instancing new MixinPlatformAgentMinecraftForge for ContainerHandleModLauncher.Resource(curios-forge-1.16.5-4.1.0.0.jar:/workspaces/franco-es-de-cerro-xd/servidor_minecraft/mods/curios-forge-1.16.5-4.1.0.0.jar)
[13Jun2025 00:32:56.577] [main/DEBUG] [mixin/]: MixinPlatformAgentMinecraftForge rejected container ContainerHandleModLauncher.Resource(curios-forge-1.16.5-4.1.0.0.jar:/workspaces/franco-es-de-cerro-xd/servidor_minecraft/mods/curios-forge-1.16.5-4.1.0.0.jar)
[13Jun2025 00:32:56.577] [main/DEBUG] [mixin/]: Instancing new MixinPlatformAgentDefault for ContainerHandleModLauncher.Resource(curios-forge-1.16.5-4.1.0.0.jar:/workspaces/franco-es-de-cerro-xd/servidor_minecraft/mods/curios-forge-1.16.5-4.1.0.0.jar)
[13Jun2025 00:32:56.578] [main/DEBUG] [mixin/]: MixinPlatformAgentDefault accepted container ContainerHandleModLauncher.Resource(curios-forge-1.16.5-4.1.0.0.jar:/workspaces/franco-es-de-cerro-xd/servidor_minecraft/mods/curios-forge-1.16.5-4.1.0.0.jar)
[13Jun2025 00:32:56.578] [main/DEBUG] [mixin/]: Processing prepare() for PlatformAgent[MixinPlatformAgentDefault:ContainerHandleModLauncher.Resource(curios-forge-1.16.5-4.1.0.0.jar:/workspaces/franco-es-de-cerro-xd/servidor_minecraft/mods/curios-forge-1.16.5-4.1.0.0.jar)]
[13Jun2025 00:32:56.578] [main/DEBUG] [mixin/]: Adding mixin platform agents for container ContainerHandleModLauncher.Resource(Waystones_1.16.5-7.6.4.jar:/workspaces/franco-es-de-cerro-xd/servidor_minecraft/mods/Waystones_1.16.5-7.6.4.jar)
[13Jun2025 00:32:56.578] [main/DEBUG] [mixin/]: Instancing new MixinPlatformAgentMinecraftForge for ContainerHandleModLauncher.Resource(Waystones_1.16.5-7.6.4.jar:/workspaces/franco-es-de-cerro-xd/servidor_minecraft/mods/Waystones_1.16.5-7.6.4.jar)
[13Jun2025 00:32:56.578] [main/DEBUG] [mixin/]: MixinPlatformAgentMinecraftForge rejected container ContainerHandleModLauncher.Resource(Waystones_1.16.5-7.6.4.jar:/workspaces/franco-es-de-cerro-xd/servidor_minecraft/mods/Waystones_1.16.5-7.6.4.jar)
[13Jun2025 00:32:56.578] [main/DEBUG] [mixin/]: Instancing new MixinPlatformAgentDefault for ContainerHandleModLauncher.Resource(Waystones_1.16.5-7.6.4.jar:/workspaces/franco-es-de-cerro-xd/servidor_minecraft/mods/Waystones_1.16.5-7.6.4.jar)
[13Jun2025 00:32:56.578] [main/DEBUG] [mixin/]: MixinPlatformAgentDefault accepted container ContainerHandleModLauncher.Resource(Waystones_1.16.5-7.6.4.jar:/workspaces/franco-es-de-cerro-xd/servidor_minecraft/mods/Waystones_1.16.5-7.6.4.jar)
[13Jun2025 00:32:56.579] [main/DEBUG] [mixin/]: Processing prepare() for PlatformAgent[MixinPlatformAgentDefault:ContainerHandleModLauncher.Resource(Waystones_1.16.5-7.6.4.jar:/workspaces/franco-es-de-cerro-xd/servidor_minecraft/mods/Waystones_1.16.5-7.6.4.jar)]
[13Jun2025 00:32:56.579] [main/DEBUG] [mixin/]: Registering mixin config: mixins.waystones.json
[13Jun2025 00:32:56.582] [main/DEBUG] [mixin/]: Adding mixin platform agents for container ContainerHandleModLauncher.Resource(citadel-1.8.1-1.16.5.jar:/workspaces/franco-es-de-cerro-xd/servidor_minecraft/mods/citadel-1.8.1-1.16.5.jar)
[13Jun2025 00:32:56.582] [main/DEBUG] [mixin/]: Instancing new MixinPlatformAgentMinecraftForge for ContainerHandleModLauncher.Resource(citadel-1.8.1-1.16.5.jar:/workspaces/franco-es-de-cerro-xd/servidor_minecraft/mods/citadel-1.8.1-1.16.5.jar)
[13Jun2025 00:32:56.582] [main/DEBUG] [mixin/]: MixinPlatformAgentMinecraftForge rejected container ContainerHandleModLauncher.Resource(citadel-1.8.1-1.16.5.jar:/workspaces/franco-es-de-cerro-xd/servidor_minecraft/mods/citadel-1.8.1-1.16.5.jar)
[13Jun2025 00:32:56.582] [main/DEBUG] [mixin/]: Instancing new MixinPlatformAgentDefault for ContainerHandleModLauncher.Resource(citadel-1.8.1-1.16.5.jar:/workspaces/franco-es-de-cerro-xd/servidor_minecraft/mods/citadel-1.8.1-1.16.5.jar)
[13Jun2025 00:32:56.582] [main/DEBUG] [mixin/]: MixinPlatformAgentDefault accepted container ContainerHandleModLauncher.Resource(citadel-1.8.1-1.16.5.jar:/workspaces/franco-es-de-cerro-xd/servidor_minecraft/mods/citadel-1.8.1-1.16.5.jar)
[13Jun2025 00:32:56.582] [main/DEBUG] [mixin/]: Processing prepare() for PlatformAgent[MixinPlatformAgentDefault:ContainerHandleModLauncher.Resource(citadel-1.8.1-1.16.5.jar:/workspaces/franco-es-de-cerro-xd/servidor_minecraft/mods/citadel-1.8.1-1.16.5.jar)]
[13Jun2025 00:32:56.583] [main/DEBUG] [mixin/]: Registering mixin config: citadel.mixins.json
[13Jun2025 00:32:56.585] [main/DEBUG] [mixin/]: Adding mixin platform agents for container ContainerHandleModLauncher.Resource(StorageDrawers-1.16.3-8.5.2.jar:/workspaces/franco-es-de-cerro-xd/servidor_minecraft/mods/StorageDrawers-1.16.3-8.5.2.jar)
[13Jun2025 00:32:56.585] [main/DEBUG] [mixin/]: Instancing new MixinPlatformAgentMinecraftForge for ContainerHandleModLauncher.Resource(StorageDrawers-1.16.3-8.5.2.jar:/workspaces/franco-es-de-cerro-xd/servidor_minecraft/mods/StorageDrawers-1.16.3-8.5.2.jar)
[13Jun2025 00:32:56.585] [main/DEBUG] [mixin/]: MixinPlatformAgentMinecraftForge rejected container ContainerHandleModLauncher.Resource(StorageDrawers-1.16.3-8.5.2.jar:/workspaces/franco-es-de-cerro-xd/servidor_minecraft/mods/StorageDrawers-1.16.3-8.5.2.jar)
[13Jun2025 00:32:56.585] [main/DEBUG] [mixin/]: Instancing new MixinPlatformAgentDefault for ContainerHandleModLauncher.Resource(StorageDrawers-1.16.3-8.5.2.jar:/workspaces/franco-es-de-cerro-xd/servidor_minecraft/mods/StorageDrawers-1.16.3-8.5.2.jar)
[13Jun2025 00:32:56.586] [main/DEBUG] [mixin/]: MixinPlatformAgentDefault accepted container ContainerHandleModLauncher.Resource(StorageDrawers-1.16.3-8.5.2.jar:/workspaces/franco-es-de-cerro-xd/servidor_minecraft/mods/StorageDrawers-1.16.3-8.5.2.jar)
[13Jun2025 00:32:56.586] [main/DEBUG] [mixin/]: Processing prepare() for PlatformAgent[MixinPlatformAgentDefault:ContainerHandleModLauncher.Resource(StorageDrawers-1.16.3-8.5.2.jar:/workspaces/franco-es-de-cerro-xd/servidor_minecraft/mods/StorageDrawers-1.16.3-8.5.2.jar)]
[13Jun2025 00:32:56.586] [main/DEBUG] [mixin/]: Adding mixin platform agents for container ContainerHandleModLauncher.Resource(Artifacts-1.16.5-2.10.6.jar:/workspaces/franco-es-de-cerro-xd/servidor_minecraft/mods/Artifacts-1.16.5-2.10.6.jar)
[13Jun2025 00:32:56.587] [main/DEBUG] [mixin/]: Instancing new MixinPlatformAgentMinecraftForge for ContainerHandleModLauncher.Resource(Artifacts-1.16.5-2.10.6.jar:/workspaces/franco-es-de-cerro-xd/servidor_minecraft/mods/Artifacts-1.16.5-2.10.6.jar)
[13Jun2025 00:32:56.588] [main/DEBUG] [mixin/]: MixinPlatformAgentMinecraftForge rejected container ContainerHandleModLauncher.Resource(Artifacts-1.16.5-2.10.6.jar:/workspaces/franco-es-de-cerro-xd/servidor_minecraft/mods/Artifacts-1.16.5-2.10.6.jar)
[13Jun2025 00:32:56.588] [main/DEBUG] [mixin/]: Instancing new MixinPlatformAgentDefault for ContainerHandleModLauncher.Resource(Artifacts-1.16.5-2.10.6.jar:/workspaces/franco-es-de-cerro-xd/servidor_minecraft/mods/Artifacts-1.16.5-2.10.6.jar)
[13Jun2025 00:32:56.588] [main/DEBUG] [mixin/]: MixinPlatformAgentDefault accepted container ContainerHandleModLauncher.Resource(Artifacts-1.16.5-2.10.6.jar:/workspaces/franco-es-de-cerro-xd/servidor_minecraft/mods/Artifacts-1.16.5-2.10.6.jar)
[13Jun2025 00:32:56.588] [main/DEBUG] [mixin/]: Processing prepare() for PlatformAgent[MixinPlatformAgentDefault:ContainerHandleModLauncher.Resource(Artifacts-1.16.5-2.10.6.jar:/workspaces/franco-es-de-cerro-xd/servidor_minecraft/mods/Artifacts-1.16.5-2.10.6.jar)]
[13Jun2025 00:32:56.589] [main/DEBUG] [mixin/]: Registering mixin config: mixins.artifacts.json
[13Jun2025 00:32:56.591] [main/DEBUG] [mixin/]: Adding mixin platform agents for container ContainerHandleModLauncher.Resource(configured-1.5.4-1.16.5.jar:/workspaces/franco-es-de-cerro-xd/servidor_minecraft/mods/configured-1.5.4-1.16.5.jar)
[13Jun2025 00:32:56.591] [main/DEBUG] [mixin/]: Instancing new MixinPlatformAgentMinecraftForge for ContainerHandleModLauncher.Resource(configured-1.5.4-1.16.5.jar:/workspaces/franco-es-de-cerro-xd/servidor_minecraft/mods/configured-1.5.4-1.16.5.jar)
[13Jun2025 00:32:56.592] [main/DEBUG] [mixin/]: MixinPlatformAgentMinecraftForge rejected container ContainerHandleModLauncher.Resource(configured-1.5.4-1.16.5.jar:/workspaces/franco-es-de-cerro-xd/servidor_minecraft/mods/configured-1.5.4-1.16.5.jar)
[13Jun2025 00:32:56.592] [main/DEBUG] [mixin/]: Instancing new MixinPlatformAgentDefault for ContainerHandleModLauncher.Resource(configured-1.5.4-1.16.5.jar:/workspaces/franco-es-de-cerro-xd/servidor_minecraft/mods/configured-1.5.4-1.16.5.jar)
[13Jun2025 00:32:56.593] [main/DEBUG] [mixin/]: MixinPlatformAgentDefault accepted container ContainerHandleModLauncher.Resource(configured-1.5.4-1.16.5.jar:/workspaces/franco-es-de-cerro-xd/servidor_minecraft/mods/configured-1.5.4-1.16.5.jar)
[13Jun2025 00:32:56.593] [main/DEBUG] [mixin/]: Processing prepare() for PlatformAgent[MixinPlatformAgentDefault:ContainerHandleModLauncher.Resource(configured-1.5.4-1.16.5.jar:/workspaces/franco-es-de-cerro-xd/servidor_minecraft/mods/configured-1.5.4-1.16.5.jar)]
[13Jun2025 00:32:56.594] [main/DEBUG] [mixin/]: Adding mixin platform agents for container ContainerHandleModLauncher.Resource(elevatorid-1.16.5-1.7.13.jar:/workspaces/franco-es-de-cerro-xd/servidor_minecraft/mods/elevatorid-1.16.5-1.7.13.jar)
[13Jun2025 00:32:56.594] [main/DEBUG] [mixin/]: Instancing new MixinPlatformAgentMinecraftForge for ContainerHandleModLauncher.Resource(elevatorid-1.16.5-1.7.13.jar:/workspaces/franco-es-de-cerro-xd/servidor_minecraft/mods/elevatorid-1.16.5-1.7.13.jar)
[13Jun2025 00:32:56.594] [main/DEBUG] [mixin/]: MixinPlatformAgentMinecraftForge rejected container ContainerHandleModLauncher.Resource(elevatorid-1.16.5-1.7.13.jar:/workspaces/franco-es-de-cerro-xd/servidor_minecraft/mods/elevatorid-1.16.5-1.7.13.jar)
[13Jun2025 00:32:56.594] [main/DEBUG] [mixin/]: Instancing new MixinPlatformAgentDefault for ContainerHandleModLauncher.Resource(elevatorid-1.16.5-1.7.13.jar:/workspaces/franco-es-de-cerro-xd/servidor_minecraft/mods/elevatorid-1.16.5-1.7.13.jar)
[13Jun2025 00:32:56.594] [main/DEBUG] [mixin/]: MixinPlatformAgentDefault accepted container ContainerHandleModLauncher.Resource(elevatorid-1.16.5-1.7.13.jar:/workspaces/franco-es-de-cerro-xd/servidor_minecraft/mods/elevatorid-1.16.5-1.7.13.jar)
[13Jun2025 00:32:56.594] [main/DEBUG] [mixin/]: Processing prepare() for PlatformAgent[MixinPlatformAgentDefault:ContainerHandleModLauncher.Resource(elevatorid-1.16.5-1.7.13.jar:/workspaces/franco-es-de-cerro-xd/servidor_minecraft/mods/elevatorid-1.16.5-1.7.13.jar)]
[13Jun2025 00:32:56.594] [main/DEBUG] [mixin/]: Adding mixin platform agents for container ContainerHandleModLauncher.Resource(tombstone-1.16.5-6.9.6.jar:/workspaces/franco-es-de-cerro-xd/servidor_minecraft/mods/tombstone-1.16.5-6.9.6.jar)
[13Jun2025 00:32:56.595] [main/DEBUG] [mixin/]: Instancing new MixinPlatformAgentMinecraftForge for ContainerHandleModLauncher.Resource(tombstone-1.16.5-6.9.6.jar:/workspaces/franco-es-de-cerro-xd/servidor_minecraft/mods/tombstone-1.16.5-6.9.6.jar)
[13Jun2025 00:32:56.595] [main/DEBUG] [mixin/]: MixinPlatformAgentMinecraftForge rejected container ContainerHandleModLauncher.Resource(tombstone-1.16.5-6.9.6.jar:/workspaces/franco-es-de-cerro-xd/servidor_minecraft/mods/tombstone-1.16.5-6.9.6.jar)
[13Jun2025 00:32:56.595] [main/DEBUG] [mixin/]: Instancing new MixinPlatformAgentDefault for ContainerHandleModLauncher.Resource(tombstone-1.16.5-6.9.6.jar:/workspaces/franco-es-de-cerro-xd/servidor_minecraft/mods/tombstone-1.16.5-6.9.6.jar)
[13Jun2025 00:32:56.595] [main/DEBUG] [mixin/]: MixinPlatformAgentDefault accepted container ContainerHandleModLauncher.Resource(tombstone-1.16.5-6.9.6.jar:/workspaces/franco-es-de-cerro-xd/servidor_minecraft/mods/tombstone-1.16.5-6.9.6.jar)
[13Jun2025 00:32:56.595] [main/DEBUG] [mixin/]: Processing prepare() for PlatformAgent[MixinPlatformAgentDefault:ContainerHandleModLauncher.Resource(tombstone-1.16.5-6.9.6.jar:/workspaces/franco-es-de-cerro-xd/servidor_minecraft/mods/tombstone-1.16.5-6.9.6.jar)]
[13Jun2025 00:32:56.596] [main/DEBUG] [mixin/]: Registering mixin config: tombstone.mixins.json
[13Jun2025 00:32:56.598] [main/DEBUG] [mixin/]: Adding mixin platform agents for container ContainerHandleModLauncher.Resource(DungeonCrawl-1.16.5-2.3.12.jar:/workspaces/franco-es-de-cerro-xd/servidor_minecraft/mods/DungeonCrawl-1.16.5-2.3.12.jar)
[13Jun2025 00:32:56.599] [main/DEBUG] [mixin/]: Instancing new MixinPlatformAgentMinecraftForge for ContainerHandleModLauncher.Resource(DungeonCrawl-1.16.5-2.3.12.jar:/workspaces/franco-es-de-cerro-xd/servidor_minecraft/mods/DungeonCrawl-1.16.5-2.3.12.jar)
[13Jun2025 00:32:56.599] [main/DEBUG] [mixin/]: MixinPlatformAgentMinecraftForge rejected container ContainerHandleModLauncher.Resource(DungeonCrawl-1.16.5-2.3.12.jar:/workspaces/franco-es-de-cerro-xd/servidor_minecraft/mods/DungeonCrawl-1.16.5-2.3.12.jar)
[13Jun2025 00:32:56.599] [main/DEBUG] [mixin/]: Instancing new MixinPlatformAgentDefault for ContainerHandleModLauncher.Resource(DungeonCrawl-1.16.5-2.3.12.jar:/workspaces/franco-es-de-cerro-xd/servidor_minecraft/mods/DungeonCrawl-1.16.5-2.3.12.jar)
[13Jun2025 00:32:56.599] [main/DEBUG] [mixin/]: MixinPlatformAgentDefault accepted container ContainerHandleModLauncher.Resource(DungeonCrawl-1.16.5-2.3.12.jar:/workspaces/franco-es-de-cerro-xd/servidor_minecraft/mods/DungeonCrawl-1.16.5-2.3.12.jar)
[13Jun2025 00:32:56.599] [main/DEBUG] [mixin/]: Processing prepare() for PlatformAgent[MixinPlatformAgentDefault:ContainerHandleModLauncher.Resource(DungeonCrawl-1.16.5-2.3.12.jar:/workspaces/franco-es-de-cerro-xd/servidor_minecraft/mods/DungeonCrawl-1.16.5-2.3.12.jar)]
[13Jun2025 00:32:56.600] [main/DEBUG] [mixin/]: Adding mixin platform agents for container ContainerHandleModLauncher.Resource(sophisticatedbackpacks-1.16.5-3.15.20.755.jar:/workspaces/franco-es-de-cerro-xd/servidor_minecraft/mods/sophisticatedbackpacks-1.16.5-3.15.20.755.jar)
[13Jun2025 00:32:56.600] [main/DEBUG] [mixin/]: Instancing new MixinPlatformAgentMinecraftForge for ContainerHandleModLauncher.Resource(sophisticatedbackpacks-1.16.5-3.15.20.755.jar:/workspaces/franco-es-de-cerro-xd/servidor_minecraft/mods/sophisticatedbackpacks-1.16.5-3.15.20.755.jar)
[13Jun2025 00:32:56.600] [main/DEBUG] [mixin/]: MixinPlatformAgentMinecraftForge rejected container ContainerHandleModLauncher.Resource(sophisticatedbackpacks-1.16.5-3.15.20.755.jar:/workspaces/franco-es-de-cerro-xd/servidor_minecraft/mods/sophisticatedbackpacks-1.16.5-3.15.20.755.jar)
[13Jun2025 00:32:56.601] [main/DEBUG] [mixin/]: Instancing new MixinPlatformAgentDefault for ContainerHandleModLauncher.Resource(sophisticatedbackpacks-1.16.5-3.15.20.755.jar:/workspaces/franco-es-de-cerro-xd/servidor_minecraft/mods/sophisticatedbackpacks-1.16.5-3.15.20.755.jar)
[13Jun2025 00:32:56.601] [main/DEBUG] [mixin/]: MixinPlatformAgentDefault accepted container ContainerHandleModLauncher.Resource(sophisticatedbackpacks-1.16.5-3.15.20.755.jar:/workspaces/franco-es-de-cerro-xd/servidor_minecraft/mods/sophisticatedbackpacks-1.16.5-3.15.20.755.jar)
[13Jun2025 00:32:56.601] [main/DEBUG] [mixin/]: Processing prepare() for PlatformAgent[MixinPlatformAgentDefault:ContainerHandleModLauncher.Resource(sophisticatedbackpacks-1.16.5-3.15.20.755.jar:/workspaces/franco-es-de-cerro-xd/servidor_minecraft/mods/sophisticatedbackpacks-1.16.5-3.15.20.755.jar)]
[13Jun2025 00:32:56.601] [main/DEBUG] [mixin/]: Adding mixin platform agents for container ContainerHandleModLauncher.Resource(u_team_core-forge-1.16.5-3.2.1.358.jar:/workspaces/franco-es-de-cerro-xd/servidor_minecraft/mods/u_team_core-forge-1.16.5-3.2.1.358.jar)
[13Jun2025 00:32:56.601] [main/DEBUG] [mixin/]: Instancing new MixinPlatformAgentMinecraftForge for ContainerHandleModLauncher.Resource(u_team_core-forge-1.16.5-3.2.1.358.jar:/workspaces/franco-es-de-cerro-xd/servidor_minecraft/mods/u_team_core-forge-1.16.5-3.2.1.358.jar)
[13Jun2025 00:32:56.601] [main/DEBUG] [mixin/]: MixinPlatformAgentMinecraftForge rejected container ContainerHandleModLauncher.Resource(u_team_core-forge-1.16.5-3.2.1.358.jar:/workspaces/franco-es-de-cerro-xd/servidor_minecraft/mods/u_team_core-forge-1.16.5-3.2.1.358.jar)
[13Jun2025 00:32:56.601] [main/DEBUG] [mixin/]: Instancing new MixinPlatformAgentDefault for ContainerHandleModLauncher.Resource(u_team_core-forge-1.16.5-3.2.1.358.jar:/workspaces/franco-es-de-cerro-xd/servidor_minecraft/mods/u_team_core-forge-1.16.5-3.2.1.358.jar)
[13Jun2025 00:32:56.601] [main/DEBUG] [mixin/]: MixinPlatformAgentDefault accepted container ContainerHandleModLauncher.Resource(u_team_core-forge-1.16.5-3.2.1.358.jar:/workspaces/franco-es-de-cerro-xd/servidor_minecraft/mods/u_team_core-forge-1.16.5-3.2.1.358.jar)
[13Jun2025 00:32:56.602] [main/DEBUG] [mixin/]: Processing prepare() for PlatformAgent[MixinPlatformAgentDefault:ContainerHandleModLauncher.Resource(u_team_core-forge-1.16.5-3.2.1.358.jar:/workspaces/franco-es-de-cerro-xd/servidor_minecraft/mods/u_team_core-forge-1.16.5-3.2.1.358.jar)]
[13Jun2025 00:32:56.602] [main/DEBUG] [mixin/]: Adding mixin platform agents for container ContainerHandleModLauncher.Resource(SpartanWeaponry-1.16.5-2.2.2.jar:/workspaces/franco-es-de-cerro-xd/servidor_minecraft/mods/SpartanWeaponry-1.16.5-2.2.2.jar)
[13Jun2025 00:32:56.602] [main/DEBUG] [mixin/]: Instancing new MixinPlatformAgentMinecraftForge for ContainerHandleModLauncher.Resource(SpartanWeaponry-1.16.5-2.2.2.jar:/workspaces/franco-es-de-cerro-xd/servidor_minecraft/mods/SpartanWeaponry-1.16.5-2.2.2.jar)
[13Jun2025 00:32:56.602] [main/DEBUG] [mixin/]: MixinPlatformAgentMinecraftForge rejected container ContainerHandleModLauncher.Resource(SpartanWeaponry-1.16.5-2.2.2.jar:/workspaces/franco-es-de-cerro-xd/servidor_minecraft/mods/SpartanWeaponry-1.16.5-2.2.2.jar)
[13Jun2025 00:32:56.602] [main/DEBUG] [mixin/]: Instancing new MixinPlatformAgentDefault for ContainerHandleModLauncher.Resource(SpartanWeaponry-1.16.5-2.2.2.jar:/workspaces/franco-es-de-cerro-xd/servidor_minecraft/mods/SpartanWeaponry-1.16.5-2.2.2.jar)
[13Jun2025 00:32:56.602] [main/DEBUG] [mixin/]: MixinPlatformAgentDefault accepted container ContainerHandleModLauncher.Resource(SpartanWeaponry-1.16.5-2.2.2.jar:/workspaces/franco-es-de-cerro-xd/servidor_minecraft/mods/SpartanWeaponry-1.16.5-2.2.2.jar)
[13Jun2025 00:32:56.602] [main/DEBUG] [mixin/]: Processing prepare() for PlatformAgent[MixinPlatformAgentDefault:ContainerHandleModLauncher.Resource(SpartanWeaponry-1.16.5-2.2.2.jar:/workspaces/franco-es-de-cerro-xd/servidor_minecraft/mods/SpartanWeaponry-1.16.5-2.2.2.jar)]
[13Jun2025 00:32:56.603] [main/DEBUG] [mixin/]: Registering mixin config: spartanweaponry.mixins.json
[13Jun2025 00:32:56.605] [main/DEBUG] [mixin/]: Adding mixin platform agents for container ContainerHandleModLauncher.Resource(relics-1.16.5-0.3.4.4.jar:/workspaces/franco-es-de-cerro-xd/servidor_minecraft/mods/relics-1.16.5-0.3.4.4.jar)
[13Jun2025 00:32:56.605] [main/DEBUG] [mixin/]: Instancing new MixinPlatformAgentMinecraftForge for ContainerHandleModLauncher.Resource(relics-1.16.5-0.3.4.4.jar:/workspaces/franco-es-de-cerro-xd/servidor_minecraft/mods/relics-1.16.5-0.3.4.4.jar)
[13Jun2025 00:32:56.606] [main/DEBUG] [mixin/]: MixinPlatformAgentMinecraftForge rejected container ContainerHandleModLauncher.Resource(relics-1.16.5-0.3.4.4.jar:/workspaces/franco-es-de-cerro-xd/servidor_minecraft/mods/relics-1.16.5-0.3.4.4.jar)
[13Jun2025 00:32:56.606] [main/DEBUG] [mixin/]: Instancing new MixinPlatformAgentDefault for ContainerHandleModLauncher.Resource(relics-1.16.5-0.3.4.4.jar:/workspaces/franco-es-de-cerro-xd/servidor_minecraft/mods/relics-1.16.5-0.3.4.4.jar)
[13Jun2025 00:32:56.606] [main/DEBUG] [mixin/]: MixinPlatformAgentDefault accepted container ContainerHandleModLauncher.Resource(relics-1.16.5-0.3.4.4.jar:/workspaces/franco-es-de-cerro-xd/servidor_minecraft/mods/relics-1.16.5-0.3.4.4.jar)
[13Jun2025 00:32:56.606] [main/DEBUG] [mixin/]: Processing prepare() for PlatformAgent[MixinPlatformAgentDefault:ContainerHandleModLauncher.Resource(relics-1.16.5-0.3.4.4.jar:/workspaces/franco-es-de-cerro-xd/servidor_minecraft/mods/relics-1.16.5-0.3.4.4.jar)]
[13Jun2025 00:32:56.606] [main/DEBUG] [mixin/]: Registering mixin config: relics.mixins.json
[13Jun2025 00:32:56.608] [main/DEBUG] [mixin/]: Adding mixin platform agents for container ContainerHandleModLauncher.Resource(architectury-1.32.68.jar:/workspaces/franco-es-de-cerro-xd/servidor_minecraft/mods/architectury-1.32.68.jar)
[13Jun2025 00:32:56.608] [main/DEBUG] [mixin/]: Instancing new MixinPlatformAgentMinecraftForge for ContainerHandleModLauncher.Resource(architectury-1.32.68.jar:/workspaces/franco-es-de-cerro-xd/servidor_minecraft/mods/architectury-1.32.68.jar)
[13Jun2025 00:32:56.608] [main/DEBUG] [mixin/]: MixinPlatformAgentMinecraftForge rejected container ContainerHandleModLauncher.Resource(architectury-1.32.68.jar:/workspaces/franco-es-de-cerro-xd/servidor_minecraft/mods/architectury-1.32.68.jar)
[13Jun2025 00:32:56.608] [main/DEBUG] [mixin/]: Instancing new MixinPlatformAgentDefault for ContainerHandleModLauncher.Resource(architectury-1.32.68.jar:/workspaces/franco-es-de-cerro-xd/servidor_minecraft/mods/architectury-1.32.68.jar)
[13Jun2025 00:32:56.608] [main/DEBUG] [mixin/]: MixinPlatformAgentDefault accepted container ContainerHandleModLauncher.Resource(architectury-1.32.68.jar:/workspaces/franco-es-de-cerro-xd/servidor_minecraft/mods/architectury-1.32.68.jar)
[13Jun2025 00:32:56.608] [main/DEBUG] [mixin/]: Processing prepare() for PlatformAgent[MixinPlatformAgentDefault:ContainerHandleModLauncher.Resource(architectury-1.32.68.jar:/workspaces/franco-es-de-cerro-xd/servidor_minecraft/mods/architectury-1.32.68.jar)]
[13Jun2025 00:32:56.608] [main/DEBUG] [mixin/]: Registering mixin config: architectury.mixins.json
[13Jun2025 00:32:56.610] [main/DEBUG] [mixin/]: Registering mixin config: architectury-common.mixins.json
[13Jun2025 00:32:56.612] [main/DEBUG] [mixin/]: Adding mixin platform agents for container ContainerHandleModLauncher.Resource(catalogue-1.6.1-1.16.5.jar:/workspaces/franco-es-de-cerro-xd/servidor_minecraft/mods/catalogue-1.6.1-1.16.5.jar)
[13Jun2025 00:32:56.612] [main/DEBUG] [mixin/]: Instancing new MixinPlatformAgentMinecraftForge for ContainerHandleModLauncher.Resource(catalogue-1.6.1-1.16.5.jar:/workspaces/franco-es-de-cerro-xd/servidor_minecraft/mods/catalogue-1.6.1-1.16.5.jar)
[13Jun2025 00:32:56.613] [main/DEBUG] [mixin/]: MixinPlatformAgentMinecraftForge rejected container ContainerHandleModLauncher.Resource(catalogue-1.6.1-1.16.5.jar:/workspaces/franco-es-de-cerro-xd/servidor_minecraft/mods/catalogue-1.6.1-1.16.5.jar)
[13Jun2025 00:32:56.613] [main/DEBUG] [mixin/]: Instancing new MixinPlatformAgentDefault for ContainerHandleModLauncher.Resource(catalogue-1.6.1-1.16.5.jar:/workspaces/franco-es-de-cerro-xd/servidor_minecraft/mods/catalogue-1.6.1-1.16.5.jar)
[13Jun2025 00:32:56.613] [main/DEBUG] [mixin/]: MixinPlatformAgentDefault accepted container ContainerHandleModLauncher.Resource(catalogue-1.6.1-1.16.5.jar:/workspaces/franco-es-de-cerro-xd/servidor_minecraft/mods/catalogue-1.6.1-1.16.5.jar)
[13Jun2025 00:32:56.613] [main/DEBUG] [mixin/]: Processing prepare() for PlatformAgent[MixinPlatformAgentDefault:ContainerHandleModLauncher.Resource(catalogue-1.6.1-1.16.5.jar:/workspaces/franco-es-de-cerro-xd/servidor_minecraft/mods/catalogue-1.6.1-1.16.5.jar)]
[13Jun2025 00:32:56.613] [main/DEBUG] [mixin/]: Adding mixin platform agents for container ContainerHandleModLauncher.Resource(walljump-forge-1.16.4-1.3.7.jar:/workspaces/franco-es-de-cerro-xd/servidor_minecraft/mods/walljump-forge-1.16.4-1.3.7.jar)
[13Jun2025 00:32:56.613] [main/DEBUG] [mixin/]: Instancing new MixinPlatformAgentMinecraftForge for ContainerHandleModLauncher.Resource(walljump-forge-1.16.4-1.3.7.jar:/workspaces/franco-es-de-cerro-xd/servidor_minecraft/mods/walljump-forge-1.16.4-1.3.7.jar)
[13Jun2025 00:32:56.613] [main/DEBUG] [mixin/]: MixinPlatformAgentMinecraftForge rejected container ContainerHandleModLauncher.Resource(walljump-forge-1.16.4-1.3.7.jar:/workspaces/franco-es-de-cerro-xd/servidor_minecraft/mods/walljump-forge-1.16.4-1.3.7.jar)
[13Jun2025 00:32:56.614] [main/DEBUG] [mixin/]: Instancing new MixinPlatformAgentDefault for ContainerHandleModLauncher.Resource(walljump-forge-1.16.4-1.3.7.jar:/workspaces/franco-es-de-cerro-xd/servidor_minecraft/mods/walljump-forge-1.16.4-1.3.7.jar)
[13Jun2025 00:32:56.614] [main/DEBUG] [mixin/]: MixinPlatformAgentDefault accepted container ContainerHandleModLauncher.Resource(walljump-forge-1.16.4-1.3.7.jar:/workspaces/franco-es-de-cerro-xd/servidor_minecraft/mods/walljump-forge-1.16.4-1.3.7.jar)
[13Jun2025 00:32:56.614] [main/DEBUG] [mixin/]: Processing prepare() for PlatformAgent[MixinPlatformAgentDefault:ContainerHandleModLauncher.Resource(walljump-forge-1.16.4-1.3.7.jar:/workspaces/franco-es-de-cerro-xd/servidor_minecraft/mods/walljump-forge-1.16.4-1.3.7.jar)]
[13Jun2025 00:32:56.614] [main/DEBUG] [mixin/]: Adding mixin platform agents for container ContainerHandleModLauncher.Resource(cloth-config-4.17.132-forge.jar:/workspaces/franco-es-de-cerro-xd/servidor_minecraft/mods/cloth-config-4.17.132-forge.jar)
[13Jun2025 00:32:56.614] [main/DEBUG] [mixin/]: Instancing new MixinPlatformAgentMinecraftForge for ContainerHandleModLauncher.Resource(cloth-config-4.17.132-forge.jar:/workspaces/franco-es-de-cerro-xd/servidor_minecraft/mods/cloth-config-4.17.132-forge.jar)
[13Jun2025 00:32:56.614] [main/DEBUG] [mixin/]: MixinPlatformAgentMinecraftForge rejected container ContainerHandleModLauncher.Resource(cloth-config-4.17.132-forge.jar:/workspaces/franco-es-de-cerro-xd/servidor_minecraft/mods/cloth-config-4.17.132-forge.jar)
[13Jun2025 00:32:56.614] [main/DEBUG] [mixin/]: Instancing new MixinPlatformAgentDefault for ContainerHandleModLauncher.Resource(cloth-config-4.17.132-forge.jar:/workspaces/franco-es-de-cerro-xd/servidor_minecraft/mods/cloth-config-4.17.132-forge.jar)
[13Jun2025 00:32:56.614] [main/DEBUG] [mixin/]: MixinPlatformAgentDefault accepted container ContainerHandleModLauncher.Resource(cloth-config-4.17.132-forge.jar:/workspaces/franco-es-de-cerro-xd/servidor_minecraft/mods/cloth-config-4.17.132-forge.jar)
[13Jun2025 00:32:56.615] [main/DEBUG] [mixin/]: Processing prepare() for PlatformAgent[MixinPlatformAgentDefault:ContainerHandleModLauncher.Resource(cloth-config-4.17.132-forge.jar:/workspaces/franco-es-de-cerro-xd/servidor_minecraft/mods/cloth-config-4.17.132-forge.jar)]
[13Jun2025 00:32:56.615] [main/DEBUG] [mixin/]: Adding mixin platform agents for container ContainerHandleModLauncher.Resource(footwork-1.2.jar:/workspaces/franco-es-de-cerro-xd/servidor_minecraft/mods/footwork-1.2.jar)
[13Jun2025 00:32:56.615] [main/DEBUG] [mixin/]: Instancing new MixinPlatformAgentMinecraftForge for ContainerHandleModLauncher.Resource(footwork-1.2.jar:/workspaces/franco-es-de-cerro-xd/servidor_minecraft/mods/footwork-1.2.jar)
[13Jun2025 00:32:56.615] [main/DEBUG] [mixin/]: MixinPlatformAgentMinecraftForge rejected container ContainerHandleModLauncher.Resource(footwork-1.2.jar:/workspaces/franco-es-de-cerro-xd/servidor_minecraft/mods/footwork-1.2.jar)
[13Jun2025 00:32:56.615] [main/DEBUG] [mixin/]: Instancing new MixinPlatformAgentDefault for ContainerHandleModLauncher.Resource(footwork-1.2.jar:/workspaces/franco-es-de-cerro-xd/servidor_minecraft/mods/footwork-1.2.jar)
[13Jun2025 00:32:56.616] [main/DEBUG] [mixin/]: MixinPlatformAgentDefault accepted container ContainerHandleModLauncher.Resource(footwork-1.2.jar:/workspaces/franco-es-de-cerro-xd/servidor_minecraft/mods/footwork-1.2.jar)
[13Jun2025 00:32:56.616] [main/DEBUG] [mixin/]: Processing prepare() for PlatformAgent[MixinPlatformAgentDefault:ContainerHandleModLauncher.Resource(footwork-1.2.jar:/workspaces/franco-es-de-cerro-xd/servidor_minecraft/mods/footwork-1.2.jar)]
[13Jun2025 00:32:56.616] [main/DEBUG] [mixin/]: Registering mixin config: footwork.mixins.json
[13Jun2025 00:32:56.618] [main/DEBUG] [mixin/]: Adding mixin platform agents for container ContainerHandleModLauncher.Resource(enhancedcelestials-2.0.9-1.16.5.jar:/workspaces/franco-es-de-cerro-xd/servidor_minecraft/mods/enhancedcelestials-2.0.9-1.16.5.jar)
[13Jun2025 00:32:56.618] [main/DEBUG] [mixin/]: Instancing new MixinPlatformAgentMinecraftForge for ContainerHandleModLauncher.Resource(enhancedcelestials-2.0.9-1.16.5.jar:/workspaces/franco-es-de-cerro-xd/servidor_minecraft/mods/enhancedcelestials-2.0.9-1.16.5.jar)
[13Jun2025 00:32:56.618] [main/DEBUG] [mixin/]: MixinPlatformAgentMinecraftForge rejected container ContainerHandleModLauncher.Resource(enhancedcelestials-2.0.9-1.16.5.jar:/workspaces/franco-es-de-cerro-xd/servidor_minecraft/mods/enhancedcelestials-2.0.9-1.16.5.jar)
[13Jun2025 00:32:56.619] [main/DEBUG] [mixin/]: Instancing new MixinPlatformAgentDefault for ContainerHandleModLauncher.Resource(enhancedcelestials-2.0.9-1.16.5.jar:/workspaces/franco-es-de-cerro-xd/servidor_minecraft/mods/enhancedcelestials-2.0.9-1.16.5.jar)
[13Jun2025 00:32:56.619] [main/DEBUG] [mixin/]: MixinPlatformAgentDefault accepted container ContainerHandleModLauncher.Resource(enhancedcelestials-2.0.9-1.16.5.jar:/workspaces/franco-es-de-cerro-xd/servidor_minecraft/mods/enhancedcelestials-2.0.9-1.16.5.jar)
[13Jun2025 00:32:56.619] [main/DEBUG] [mixin/]: Processing prepare() for PlatformAgent[MixinPlatformAgentDefault:ContainerHandleModLauncher.Resource(enhancedcelestials-2.0.9-1.16.5.jar:/workspaces/franco-es-de-cerro-xd/servidor_minecraft/mods/enhancedcelestials-2.0.9-1.16.5.jar)]
[13Jun2025 00:32:56.619] [main/DEBUG] [mixin/]: Registering mixin config: enhancedcelestials.mixins.json
[13Jun2025 00:32:56.620] [main/DEBUG] [mixin/]: Adding mixin platform agents for container ContainerHandleModLauncher.Resource(carryon-1.16.5-1.15.6.24.jar:/workspaces/franco-es-de-cerro-xd/servidor_minecraft/mods/carryon-1.16.5-1.15.6.24.jar)
[13Jun2025 00:32:56.621] [main/DEBUG] [mixin/]: Instancing new MixinPlatformAgentMinecraftForge for ContainerHandleModLauncher.Resource(carryon-1.16.5-1.15.6.24.jar:/workspaces/franco-es-de-cerro-xd/servidor_minecraft/mods/carryon-1.16.5-1.15.6.24.jar)
[13Jun2025 00:32:56.621] [main/DEBUG] [mixin/]: MixinPlatformAgentMinecraftForge rejected container ContainerHandleModLauncher.Resource(carryon-1.16.5-1.15.6.24.jar:/workspaces/franco-es-de-cerro-xd/servidor_minecraft/mods/carryon-1.16.5-1.15.6.24.jar)
[13Jun2025 00:32:56.621] [main/DEBUG] [mixin/]: Instancing new MixinPlatformAgentDefault for ContainerHandleModLauncher.Resource(carryon-1.16.5-1.15.6.24.jar:/workspaces/franco-es-de-cerro-xd/servidor_minecraft/mods/carryon-1.16.5-1.15.6.24.jar)
[13Jun2025 00:32:56.621] [main/DEBUG] [mixin/]: MixinPlatformAgentDefault accepted container ContainerHandleModLauncher.Resource(carryon-1.16.5-1.15.6.24.jar:/workspaces/franco-es-de-cerro-xd/servidor_minecraft/mods/carryon-1.16.5-1.15.6.24.jar)
[13Jun2025 00:32:56.621] [main/DEBUG] [mixin/]: Processing prepare() for PlatformAgent[MixinPlatformAgentDefault:ContainerHandleModLauncher.Resource(carryon-1.16.5-1.15.6.24.jar:/workspaces/franco-es-de-cerro-xd/servidor_minecraft/mods/carryon-1.16.5-1.15.6.24.jar)]
[13Jun2025 00:32:56.621] [main/DEBUG] [mixin/]: Adding mixin platform agents for container ContainerHandleModLauncher.Resource(the_bumblezone_forge-3.2.1+1.16.5.jar:/workspaces/franco-es-de-cerro-xd/servidor_minecraft/mods/the_bumblezone_forge-3.2.1+1.16.5.jar)
[13Jun2025 00:32:56.621] [main/DEBUG] [mixin/]: Instancing new MixinPlatformAgentMinecraftForge for ContainerHandleModLauncher.Resource(the_bumblezone_forge-3.2.1+1.16.5.jar:/workspaces/franco-es-de-cerro-xd/servidor_minecraft/mods/the_bumblezone_forge-3.2.1+1.16.5.jar)
[13Jun2025 00:32:56.622] [main/DEBUG] [mixin/]: MixinPlatformAgentMinecraftForge rejected container ContainerHandleModLauncher.Resource(the_bumblezone_forge-3.2.1+1.16.5.jar:/workspaces/franco-es-de-cerro-xd/servidor_minecraft/mods/the_bumblezone_forge-3.2.1+1.16.5.jar)
[13Jun2025 00:32:56.622] [main/DEBUG] [mixin/]: Instancing new MixinPlatformAgentDefault for ContainerHandleModLauncher.Resource(the_bumblezone_forge-3.2.1+1.16.5.jar:/workspaces/franco-es-de-cerro-xd/servidor_minecraft/mods/the_bumblezone_forge-3.2.1+1.16.5.jar)
[13Jun2025 00:32:56.622] [main/DEBUG] [mixin/]: MixinPlatformAgentDefault accepted container ContainerHandleModLauncher.Resource(the_bumblezone_forge-3.2.1+1.16.5.jar:/workspaces/franco-es-de-cerro-xd/servidor_minecraft/mods/the_bumblezone_forge-3.2.1+1.16.5.jar)
[13Jun2025 00:32:56.622] [main/DEBUG] [mixin/]: Processing prepare() for PlatformAgent[MixinPlatformAgentDefault:ContainerHandleModLauncher.Resource(the_bumblezone_forge-3.2.1+1.16.5.jar:/workspaces/franco-es-de-cerro-xd/servidor_minecraft/mods/the_bumblezone_forge-3.2.1+1.16.5.jar)]
[13Jun2025 00:32:56.622] [main/DEBUG] [mixin/]: Registering mixin config: the_bumblezone.mixins.json
[13Jun2025 00:32:56.624] [main/DEBUG] [mixin/]: Adding mixin platform agents for container ContainerHandleModLauncher.Resource(ColdsGrappler(Forge1.16.4)vrs1.0.2.jar:/workspaces/franco-es-de-cerro-xd/servidor_minecraft/mods/ColdsGrappler(Forge1.16.4)vrs1.0.2.jar)
[13Jun2025 00:32:56.625] [main/DEBUG] [mixin/]: Instancing new MixinPlatformAgentMinecraftForge for ContainerHandleModLauncher.Resource(ColdsGrappler(Forge1.16.4)vrs1.0.2.jar:/workspaces/franco-es-de-cerro-xd/servidor_minecraft/mods/ColdsGrappler(Forge1.16.4)vrs1.0.2.jar)
[13Jun2025 00:32:56.625] [main/DEBUG] [mixin/]: MixinPlatformAgentMinecraftForge rejected container ContainerHandleModLauncher.Resource(ColdsGrappler(Forge1.16.4)vrs1.0.2.jar:/workspaces/franco-es-de-cerro-xd/servidor_minecraft/mods/ColdsGrappler(Forge1.16.4)vrs1.0.2.jar)
[13Jun2025 00:32:56.625] [main/DEBUG] [mixin/]: Instancing new MixinPlatformAgentDefault for ContainerHandleModLauncher.Resource(ColdsGrappler(Forge1.16.4)vrs1.0.2.jar:/workspaces/franco-es-de-cerro-xd/servidor_minecraft/mods/ColdsGrappler(Forge1.16.4)vrs1.0.2.jar)
[13Jun2025 00:32:56.625] [main/DEBUG] [mixin/]: MixinPlatformAgentDefault accepted container ContainerHandleModLauncher.Resource(ColdsGrappler(Forge1.16.4)vrs1.0.2.jar:/workspaces/franco-es-de-cerro-xd/servidor_minecraft/mods/ColdsGrappler(Forge1.16.4)vrs1.0.2.jar)
[13Jun2025 00:32:56.625] [main/DEBUG] [mixin/]: Processing prepare() for PlatformAgent[MixinPlatformAgentDefault:ContainerHandleModLauncher.Resource(ColdsGrappler(Forge1.16.4)vrs1.0.2.jar:/workspaces/franco-es-de-cerro-xd/servidor_minecraft/mods/ColdsGrappler(Forge1.16.4)vrs1.0.2.jar)]
[13Jun2025 00:32:56.625] [main/DEBUG] [mixin/]: Adding mixin platform agents for container ContainerHandleModLauncher.Resource(Paraglider-1.16.5-1.3.2.14.jar:/workspaces/franco-es-de-cerro-xd/servidor_minecraft/mods/Paraglider-1.16.5-1.3.2.14.jar)
[13Jun2025 00:32:56.625] [main/DEBUG] [mixin/]: Instancing new MixinPlatformAgentMinecraftForge for ContainerHandleModLauncher.Resource(Paraglider-1.16.5-1.3.2.14.jar:/workspaces/franco-es-de-cerro-xd/servidor_minecraft/mods/Paraglider-1.16.5-1.3.2.14.jar)
[13Jun2025 00:32:56.625] [main/DEBUG] [mixin/]: MixinPlatformAgentMinecraftForge rejected container ContainerHandleModLauncher.Resource(Paraglider-1.16.5-1.3.2.14.jar:/workspaces/franco-es-de-cerro-xd/servidor_minecraft/mods/Paraglider-1.16.5-1.3.2.14.jar)
[13Jun2025 00:32:56.625] [main/DEBUG] [mixin/]: Instancing new MixinPlatformAgentDefault for ContainerHandleModLauncher.Resource(Paraglider-1.16.5-1.3.2.14.jar:/workspaces/franco-es-de-cerro-xd/servidor_minecraft/mods/Paraglider-1.16.5-1.3.2.14.jar)
[13Jun2025 00:32:56.625] [main/DEBUG] [mixin/]: MixinPlatformAgentDefault accepted container ContainerHandleModLauncher.Resource(Paraglider-1.16.5-1.3.2.14.jar:/workspaces/franco-es-de-cerro-xd/servidor_minecraft/mods/Paraglider-1.16.5-1.3.2.14.jar)
[13Jun2025 00:32:56.626] [main/DEBUG] [mixin/]: Processing prepare() for PlatformAgent[MixinPlatformAgentDefault:ContainerHandleModLauncher.Resource(Paraglider-1.16.5-1.3.2.14.jar:/workspaces/franco-es-de-cerro-xd/servidor_minecraft/mods/Paraglider-1.16.5-1.3.2.14.jar)]
[13Jun2025 00:32:56.626] [main/DEBUG] [mixin/]: Adding mixin platform agents for container ContainerHandleModLauncher.Resource(forge-1.16.5-36.2.42-universal.jar:/workspaces/franco-es-de-cerro-xd/servidor_minecraft/libraries/net/minecraftforge/forge/1.16.5-36.2.42/forge-1.16.5-36.2.42-universal.jar)
[13Jun2025 00:32:56.626] [main/DEBUG] [mixin/]: Instancing new MixinPlatformAgentMinecraftForge for ContainerHandleModLauncher.Resource(forge-1.16.5-36.2.42-universal.jar:/workspaces/franco-es-de-cerro-xd/servidor_minecraft/libraries/net/minecraftforge/forge/1.16.5-36.2.42/forge-1.16.5-36.2.42-universal.jar)
[13Jun2025 00:32:56.626] [main/DEBUG] [mixin/]: MixinPlatformAgentMinecraftForge rejected container ContainerHandleModLauncher.Resource(forge-1.16.5-36.2.42-universal.jar:/workspaces/franco-es-de-cerro-xd/servidor_minecraft/libraries/net/minecraftforge/forge/1.16.5-36.2.42/forge-1.16.5-36.2.42-universal.jar)
[13Jun2025 00:32:56.626] [main/DEBUG] [mixin/]: Instancing new MixinPlatformAgentDefault for ContainerHandleModLauncher.Resource(forge-1.16.5-36.2.42-universal.jar:/workspaces/franco-es-de-cerro-xd/servidor_minecraft/libraries/net/minecraftforge/forge/1.16.5-36.2.42/forge-1.16.5-36.2.42-universal.jar)
[13Jun2025 00:32:56.626] [main/DEBUG] [mixin/]: MixinPlatformAgentDefault accepted container ContainerHandleModLauncher.Resource(forge-1.16.5-36.2.42-universal.jar:/workspaces/franco-es-de-cerro-xd/servidor_minecraft/libraries/net/minecraftforge/forge/1.16.5-36.2.42/forge-1.16.5-36.2.42-universal.jar)
[13Jun2025 00:32:56.626] [main/DEBUG] [mixin/]: Processing prepare() for PlatformAgent[MixinPlatformAgentDefault:ContainerHandleModLauncher.Resource(forge-1.16.5-36.2.42-universal.jar:/workspaces/franco-es-de-cerro-xd/servidor_minecraft/libraries/net/minecraftforge/forge/1.16.5-36.2.42/forge-1.16.5-36.2.42-universal.jar)]
[13Jun2025 00:32:56.627] [main/DEBUG] [mixin/]: Adding mixin platform agents for container ContainerHandleModLauncher.Resource(cofh_core-1.16.5-1.5.2.22.jar:/workspaces/franco-es-de-cerro-xd/servidor_minecraft/mods/cofh_core-1.16.5-1.5.2.22.jar)
[13Jun2025 00:32:56.627] [main/DEBUG] [mixin/]: Instancing new MixinPlatformAgentMinecraftForge for ContainerHandleModLauncher.Resource(cofh_core-1.16.5-1.5.2.22.jar:/workspaces/franco-es-de-cerro-xd/servidor_minecraft/mods/cofh_core-1.16.5-1.5.2.22.jar)
[13Jun2025 00:32:56.627] [main/DEBUG] [mixin/]: MixinPlatformAgentMinecraftForge rejected container ContainerHandleModLauncher.Resource(cofh_core-1.16.5-1.5.2.22.jar:/workspaces/franco-es-de-cerro-xd/servidor_minecraft/mods/cofh_core-1.16.5-1.5.2.22.jar)
[13Jun2025 00:32:56.627] [main/DEBUG] [mixin/]: Instancing new MixinPlatformAgentDefault for ContainerHandleModLauncher.Resource(cofh_core-1.16.5-1.5.2.22.jar:/workspaces/franco-es-de-cerro-xd/servidor_minecraft/mods/cofh_core-1.16.5-1.5.2.22.jar)
[13Jun2025 00:32:56.628] [main/DEBUG] [mixin/]: MixinPlatformAgentDefault accepted container ContainerHandleModLauncher.Resource(cofh_core-1.16.5-1.5.2.22.jar:/workspaces/franco-es-de-cerro-xd/servidor_minecraft/mods/cofh_core-1.16.5-1.5.2.22.jar)
[13Jun2025 00:32:56.628] [main/DEBUG] [mixin/]: Processing prepare() for PlatformAgent[MixinPlatformAgentDefault:ContainerHandleModLauncher.Resource(cofh_core-1.16.5-1.5.2.22.jar:/workspaces/franco-es-de-cerro-xd/servidor_minecraft/mods/cofh_core-1.16.5-1.5.2.22.jar)]
[13Jun2025 00:32:56.628] [main/DEBUG] [mixin/]: Registering mixin config: mixins.cofhcore.json
[13Jun2025 00:32:56.630] [main/DEBUG] [mixin/]: Adding mixin platform agents for container ContainerHandleModLauncher.Resource(archers_paradox-1.16.5-1.5.0.2.jar:/workspaces/franco-es-de-cerro-xd/servidor_minecraft/mods/archers_paradox-1.16.5-1.5.0.2.jar)
[13Jun2025 00:32:56.630] [main/DEBUG] [mixin/]: Instancing new MixinPlatformAgentMinecraftForge for ContainerHandleModLauncher.Resource(archers_paradox-1.16.5-1.5.0.2.jar:/workspaces/franco-es-de-cerro-xd/servidor_minecraft/mods/archers_paradox-1.16.5-1.5.0.2.jar)
[13Jun2025 00:32:56.630] [main/DEBUG] [mixin/]: MixinPlatformAgentMinecraftForge rejected container ContainerHandleModLauncher.Resource(archers_paradox-1.16.5-1.5.0.2.jar:/workspaces/franco-es-de-cerro-xd/servidor_minecraft/mods/archers_paradox-1.16.5-1.5.0.2.jar)
[13Jun2025 00:32:56.630] [main/DEBUG] [mixin/]: Instancing new MixinPlatformAgentDefault for ContainerHandleModLauncher.Resource(archers_paradox-1.16.5-1.5.0.2.jar:/workspaces/franco-es-de-cerro-xd/servidor_minecraft/mods/archers_paradox-1.16.5-1.5.0.2.jar)
[13Jun2025 00:32:56.630] [main/DEBUG] [mixin/]: MixinPlatformAgentDefault accepted container ContainerHandleModLauncher.Resource(archers_paradox-1.16.5-1.5.0.2.jar:/workspaces/franco-es-de-cerro-xd/servidor_minecraft/mods/archers_paradox-1.16.5-1.5.0.2.jar)
[13Jun2025 00:32:56.630] [main/DEBUG] [mixin/]: Processing prepare() for PlatformAgent[MixinPlatformAgentDefault:ContainerHandleModLauncher.Resource(archers_paradox-1.16.5-1.5.0.2.jar:/workspaces/franco-es-de-cerro-xd/servidor_minecraft/mods/archers_paradox-1.16.5-1.5.0.2.jar)]
[13Jun2025 00:32:56.630] [main/DEBUG] [mixin/]: Adding mixin platform agents for container ContainerHandleModLauncher.Resource(Aquaculture-1.16.5-2.1.23.jar:/workspaces/franco-es-de-cerro-xd/servidor_minecraft/mods/Aquaculture-1.16.5-2.1.23.jar)
[13Jun2025 00:32:56.631] [main/DEBUG] [mixin/]: Instancing new MixinPlatformAgentMinecraftForge for ContainerHandleModLauncher.Resource(Aquaculture-1.16.5-2.1.23.jar:/workspaces/franco-es-de-cerro-xd/servidor_minecraft/mods/Aquaculture-1.16.5-2.1.23.jar)
[13Jun2025 00:32:56.631] [main/DEBUG] [mixin/]: MixinPlatformAgentMinecraftForge rejected container ContainerHandleModLauncher.Resource(Aquaculture-1.16.5-2.1.23.jar:/workspaces/franco-es-de-cerro-xd/servidor_minecraft/mods/Aquaculture-1.16.5-2.1.23.jar)
[13Jun2025 00:32:56.631] [main/DEBUG] [mixin/]: Instancing new MixinPlatformAgentDefault for ContainerHandleModLauncher.Resource(Aquaculture-1.16.5-2.1.23.jar:/workspaces/franco-es-de-cerro-xd/servidor_minecraft/mods/Aquaculture-1.16.5-2.1.23.jar)
[13Jun2025 00:32:56.631] [main/DEBUG] [mixin/]: MixinPlatformAgentDefault accepted container ContainerHandleModLauncher.Resource(Aquaculture-1.16.5-2.1.23.jar:/workspaces/franco-es-de-cerro-xd/servidor_minecraft/mods/Aquaculture-1.16.5-2.1.23.jar)
[13Jun2025 00:32:56.631] [main/DEBUG] [mixin/]: Processing prepare() for PlatformAgent[MixinPlatformAgentDefault:ContainerHandleModLauncher.Resource(Aquaculture-1.16.5-2.1.23.jar:/workspaces/franco-es-de-cerro-xd/servidor_minecraft/mods/Aquaculture-1.16.5-2.1.23.jar)]
[13Jun2025 00:32:56.631] [main/DEBUG] [mixin/]: Adding mixin platform agents for container ContainerHandleModLauncher.Resource(expandability-2.0.1-forge.jar:/workspaces/franco-es-de-cerro-xd/servidor_minecraft/mods/expandability-2.0.1-forge.jar)
[13Jun2025 00:32:56.631] [main/DEBUG] [mixin/]: Instancing new MixinPlatformAgentMinecraftForge for ContainerHandleModLauncher.Resource(expandability-2.0.1-forge.jar:/workspaces/franco-es-de-cerro-xd/servidor_minecraft/mods/expandability-2.0.1-forge.jar)
[13Jun2025 00:32:56.631] [main/DEBUG] [mixin/]: MixinPlatformAgentMinecraftForge rejected container ContainerHandleModLauncher.Resource(expandability-2.0.1-forge.jar:/workspaces/franco-es-de-cerro-xd/servidor_minecraft/mods/expandability-2.0.1-forge.jar)
[13Jun2025 00:32:56.631] [main/DEBUG] [mixin/]: Instancing new MixinPlatformAgentDefault for ContainerHandleModLauncher.Resource(expandability-2.0.1-forge.jar:/workspaces/franco-es-de-cerro-xd/servidor_minecraft/mods/expandability-2.0.1-forge.jar)
[13Jun2025 00:32:56.632] [main/DEBUG] [mixin/]: MixinPlatformAgentDefault accepted container ContainerHandleModLauncher.Resource(expandability-2.0.1-forge.jar:/workspaces/franco-es-de-cerro-xd/servidor_minecraft/mods/expandability-2.0.1-forge.jar)
[13Jun2025 00:32:56.632] [main/DEBUG] [mixin/]: Processing prepare() for PlatformAgent[MixinPlatformAgentDefault:ContainerHandleModLauncher.Resource(expandability-2.0.1-forge.jar:/workspaces/franco-es-de-cerro-xd/servidor_minecraft/mods/expandability-2.0.1-forge.jar)]
[13Jun2025 00:32:56.632] [main/DEBUG] [mixin/]: Registering mixin config: expandability.mixins.json
[13Jun2025 00:32:56.634] [main/DEBUG] [mixin/]: Adding mixin platform agents for container ContainerHandleModLauncher.Resource(geckolib-forge-1.16.5-3.0.106.jar:/workspaces/franco-es-de-cerro-xd/servidor_minecraft/mods/geckolib-forge-1.16.5-3.0.106.jar)
[13Jun2025 00:32:56.634] [main/DEBUG] [mixin/]: Instancing new MixinPlatformAgentMinecraftForge for ContainerHandleModLauncher.Resource(geckolib-forge-1.16.5-3.0.106.jar:/workspaces/franco-es-de-cerro-xd/servidor_minecraft/mods/geckolib-forge-1.16.5-3.0.106.jar)
[13Jun2025 00:32:56.634] [main/DEBUG] [mixin/]: MixinPlatformAgentMinecraftForge rejected container ContainerHandleModLauncher.Resource(geckolib-forge-1.16.5-3.0.106.jar:/workspaces/franco-es-de-cerro-xd/servidor_minecraft/mods/geckolib-forge-1.16.5-3.0.106.jar)
[13Jun2025 00:32:56.634] [main/DEBUG] [mixin/]: Instancing new MixinPlatformAgentDefault for ContainerHandleModLauncher.Resource(geckolib-forge-1.16.5-3.0.106.jar:/workspaces/franco-es-de-cerro-xd/servidor_minecraft/mods/geckolib-forge-1.16.5-3.0.106.jar)
[13Jun2025 00:32:56.634] [main/DEBUG] [mixin/]: MixinPlatformAgentDefault accepted container ContainerHandleModLauncher.Resource(geckolib-forge-1.16.5-3.0.106.jar:/workspaces/franco-es-de-cerro-xd/servidor_minecraft/mods/geckolib-forge-1.16.5-3.0.106.jar)
[13Jun2025 00:32:56.634] [main/DEBUG] [mixin/]: Processing prepare() for PlatformAgent[MixinPlatformAgentDefault:ContainerHandleModLauncher.Resource(geckolib-forge-1.16.5-3.0.106.jar:/workspaces/franco-es-de-cerro-xd/servidor_minecraft/mods/geckolib-forge-1.16.5-3.0.106.jar)]
[13Jun2025 00:32:56.634] [main/DEBUG] [mixin/]: Adding mixin platform agents for container ContainerHandleModLauncher.Resource(ironchest-1.16.5-11.2.21.jar:/workspaces/franco-es-de-cerro-xd/servidor_minecraft/mods/ironchest-1.16.5-11.2.21.jar)
[13Jun2025 00:32:56.635] [main/DEBUG] [mixin/]: Instancing new MixinPlatformAgentMinecraftForge for ContainerHandleModLauncher.Resource(ironchest-1.16.5-11.2.21.jar:/workspaces/franco-es-de-cerro-xd/servidor_minecraft/mods/ironchest-1.16.5-11.2.21.jar)
[13Jun2025 00:32:56.635] [main/DEBUG] [mixin/]: MixinPlatformAgentMinecraftForge rejected container ContainerHandleModLauncher.Resource(ironchest-1.16.5-11.2.21.jar:/workspaces/franco-es-de-cerro-xd/servidor_minecraft/mods/ironchest-1.16.5-11.2.21.jar)
[13Jun2025 00:32:56.635] [main/DEBUG] [mixin/]: Instancing new MixinPlatformAgentDefault for ContainerHandleModLauncher.Resource(ironchest-1.16.5-11.2.21.jar:/workspaces/franco-es-de-cerro-xd/servidor_minecraft/mods/ironchest-1.16.5-11.2.21.jar)
[13Jun2025 00:32:56.635] [main/DEBUG] [mixin/]: MixinPlatformAgentDefault accepted container ContainerHandleModLauncher.Resource(ironchest-1.16.5-11.2.21.jar:/workspaces/franco-es-de-cerro-xd/servidor_minecraft/mods/ironchest-1.16.5-11.2.21.jar)
[13Jun2025 00:32:56.635] [main/DEBUG] [mixin/]: Processing prepare() for PlatformAgent[MixinPlatformAgentDefault:ContainerHandleModLauncher.Resource(ironchest-1.16.5-11.2.21.jar:/workspaces/franco-es-de-cerro-xd/servidor_minecraft/mods/ironchest-1.16.5-11.2.21.jar)]
[13Jun2025 00:32:56.635] [main/DEBUG] [mixin/]: Adding mixin platform agents for container ContainerHandleModLauncher.Resource(antiqueatlas-6.2.4-forge-mc1.16.5.jar:/workspaces/franco-es-de-cerro-xd/servidor_minecraft/mods/antiqueatlas-6.2.4-forge-mc1.16.5.jar)
[13Jun2025 00:32:56.635] [main/DEBUG] [mixin/]: Instancing new MixinPlatformAgentMinecraftForge for ContainerHandleModLauncher.Resource(antiqueatlas-6.2.4-forge-mc1.16.5.jar:/workspaces/franco-es-de-cerro-xd/servidor_minecraft/mods/antiqueatlas-6.2.4-forge-mc1.16.5.jar)
[13Jun2025 00:32:56.635] [main/DEBUG] [mixin/]: MixinPlatformAgentMinecraftForge rejected container ContainerHandleModLauncher.Resource(antiqueatlas-6.2.4-forge-mc1.16.5.jar:/workspaces/franco-es-de-cerro-xd/servidor_minecraft/mods/antiqueatlas-6.2.4-forge-mc1.16.5.jar)
[13Jun2025 00:32:56.635] [main/DEBUG] [mixin/]: Instancing new MixinPlatformAgentDefault for ContainerHandleModLauncher.Resource(antiqueatlas-6.2.4-forge-mc1.16.5.jar:/workspaces/franco-es-de-cerro-xd/servidor_minecraft/mods/antiqueatlas-6.2.4-forge-mc1.16.5.jar)
[13Jun2025 00:32:56.636] [main/DEBUG] [mixin/]: MixinPlatformAgentDefault accepted container ContainerHandleModLauncher.Resource(antiqueatlas-6.2.4-forge-mc1.16.5.jar:/workspaces/franco-es-de-cerro-xd/servidor_minecraft/mods/antiqueatlas-6.2.4-forge-mc1.16.5.jar)
[13Jun2025 00:32:56.636] [main/DEBUG] [mixin/]: Processing prepare() for PlatformAgent[MixinPlatformAgentDefault:ContainerHandleModLauncher.Resource(antiqueatlas-6.2.4-forge-mc1.16.5.jar:/workspaces/franco-es-de-cerro-xd/servidor_minecraft/mods/antiqueatlas-6.2.4-forge-mc1.16.5.jar)]
[13Jun2025 00:32:56.636] [main/DEBUG] [mixin/]: Registering mixin config: antiqueatlas-common.mixins.json
[13Jun2025 00:32:56.637] [main/DEBUG] [mixin/]: Registering mixin config: antiqueatlas.mixins.json
[13Jun2025 00:32:56.639] [main/DEBUG] [mixin/]: Adding mixin platform agents for container ContainerHandleModLauncher.Resource(DungeonsArise-1.16.5-2.1.49-beta.jar:/workspaces/franco-es-de-cerro-xd/servidor_minecraft/mods/DungeonsArise-1.16.5-2.1.49-beta.jar)
[13Jun2025 00:32:56.640] [main/DEBUG] [mixin/]: Instancing new MixinPlatformAgentMinecraftForge for ContainerHandleModLauncher.Resource(DungeonsArise-1.16.5-2.1.49-beta.jar:/workspaces/franco-es-de-cerro-xd/servidor_minecraft/mods/DungeonsArise-1.16.5-2.1.49-beta.jar)
[13Jun2025 00:32:56.640] [main/DEBUG] [mixin/]: MixinPlatformAgentMinecraftForge rejected container ContainerHandleModLauncher.Resource(DungeonsArise-1.16.5-2.1.49-beta.jar:/workspaces/franco-es-de-cerro-xd/servidor_minecraft/mods/DungeonsArise-1.16.5-2.1.49-beta.jar)
[13Jun2025 00:32:56.640] [main/DEBUG] [mixin/]: Instancing new MixinPlatformAgentDefault for ContainerHandleModLauncher.Resource(DungeonsArise-1.16.5-2.1.49-beta.jar:/workspaces/franco-es-de-cerro-xd/servidor_minecraft/mods/DungeonsArise-1.16.5-2.1.49-beta.jar)
[13Jun2025 00:32:56.640] [main/DEBUG] [mixin/]: MixinPlatformAgentDefault accepted container ContainerHandleModLauncher.Resource(DungeonsArise-1.16.5-2.1.49-beta.jar:/workspaces/franco-es-de-cerro-xd/servidor_minecraft/mods/DungeonsArise-1.16.5-2.1.49-beta.jar)
[13Jun2025 00:32:56.640] [main/DEBUG] [mixin/]: Processing prepare() for PlatformAgent[MixinPlatformAgentDefault:ContainerHandleModLauncher.Resource(DungeonsArise-1.16.5-2.1.49-beta.jar:/workspaces/franco-es-de-cerro-xd/servidor_minecraft/mods/DungeonsArise-1.16.5-2.1.49-beta.jar)]
[13Jun2025 00:32:56.641] [main/DEBUG] [mixin/]: Adding mixin platform agents for container ContainerHandleModLauncher.Resource(AnointedItems-1.16.5-release1.2.4.jar:/workspaces/franco-es-de-cerro-xd/servidor_minecraft/mods/AnointedItems-1.16.5-release1.2.4.jar)
[13Jun2025 00:32:56.641] [main/DEBUG] [mixin/]: Instancing new MixinPlatformAgentMinecraftForge for ContainerHandleModLauncher.Resource(AnointedItems-1.16.5-release1.2.4.jar:/workspaces/franco-es-de-cerro-xd/servidor_minecraft/mods/AnointedItems-1.16.5-release1.2.4.jar)
[13Jun2025 00:32:56.641] [main/DEBUG] [mixin/]: MixinPlatformAgentMinecraftForge rejected container ContainerHandleModLauncher.Resource(AnointedItems-1.16.5-release1.2.4.jar:/workspaces/franco-es-de-cerro-xd/servidor_minecraft/mods/AnointedItems-1.16.5-release1.2.4.jar)
[13Jun2025 00:32:56.641] [main/DEBUG] [mixin/]: Instancing new MixinPlatformAgentDefault for ContainerHandleModLauncher.Resource(AnointedItems-1.16.5-release1.2.4.jar:/workspaces/franco-es-de-cerro-xd/servidor_minecraft/mods/AnointedItems-1.16.5-release1.2.4.jar)
[13Jun2025 00:32:56.641] [main/DEBUG] [mixin/]: MixinPlatformAgentDefault accepted container ContainerHandleModLauncher.Resource(AnointedItems-1.16.5-release1.2.4.jar:/workspaces/franco-es-de-cerro-xd/servidor_minecraft/mods/AnointedItems-1.16.5-release1.2.4.jar)
[13Jun2025 00:32:56.642] [main/DEBUG] [mixin/]: Processing prepare() for PlatformAgent[MixinPlatformAgentDefault:ContainerHandleModLauncher.Resource(AnointedItems-1.16.5-release1.2.4.jar:/workspaces/franco-es-de-cerro-xd/servidor_minecraft/mods/AnointedItems-1.16.5-release1.2.4.jar)]
[13Jun2025 00:32:56.642] [main/DEBUG] [mixin/]: inject() running with 43 agents
[13Jun2025 00:32:56.642] [main/DEBUG] [mixin/]: Processing inject() for PlatformAgent[MixinPlatformAgentDefault:ModLauncher Root Container(ModLauncher:4f56a0a2)]
[13Jun2025 00:32:56.642] [main/DEBUG] [mixin/]: Processing inject() for PlatformAgent[MixinPlatformAgentDefault:ContainerHandleModLauncher.Resource(forge-1.16.5-36.2.42-server.jar:/workspaces/franco-es-de-cerro-xd/servidor_minecraft/libraries/net/minecraftforge/forge/1.16.5-36.2.42/forge-1.16.5-36.2.42-server.jar)]
[13Jun2025 00:32:56.643] [main/DEBUG] [mixin/]: Processing inject() for PlatformAgent[MixinPlatformAgentDefault:ContainerHandleModLauncher.Resource(useful_backpacks-1.16.5-1.12.1.103.jar:/workspaces/franco-es-de-cerro-xd/servidor_minecraft/mods/useful_backpacks-1.16.5-1.12.1.103.jar)]
[13Jun2025 00:32:56.643] [main/DEBUG] [mixin/]: Processing inject() for PlatformAgent[MixinPlatformAgentDefault:ContainerHandleModLauncher.Resource(mowziesmobs-1.5.27.jar:/workspaces/franco-es-de-cerro-xd/servidor_minecraft/mods/mowziesmobs-1.5.27.jar)]
[13Jun2025 00:32:56.643] [main/DEBUG] [mixin/]: Processing inject() for PlatformAgent[MixinPlatformAgentDefault:ContainerHandleModLauncher.Resource(Jade-1.16.4-2.8.3.jar:/workspaces/franco-es-de-cerro-xd/servidor_minecraft/mods/Jade-1.16.4-2.8.3.jar)]
[13Jun2025 00:32:56.643] [main/DEBUG] [mixin/]: Processing inject() for PlatformAgent[MixinPlatformAgentDefault:ContainerHandleModLauncher.Resource(endrem-5.0.3-R-1.16.5.jar:/workspaces/franco-es-de-cerro-xd/servidor_minecraft/mods/endrem-5.0.3-R-1.16.5.jar)]
[13Jun2025 00:32:56.643] [main/DEBUG] [mixin/]: Processing inject() for PlatformAgent[MixinPlatformAgentDefault:ContainerHandleModLauncher.Resource(jei-1.16.5-7.8.0.1013.jar:/workspaces/franco-es-de-cerro-xd/servidor_minecraft/mods/jei-1.16.5-7.8.0.1013.jar)]
[13Jun2025 00:32:56.644] [main/DEBUG] [mixin/]: Processing inject() for PlatformAgent[MixinPlatformAgentDefault:ContainerHandleModLauncher.Resource(simplefarming-1.16.5-1.3.8.jar:/workspaces/franco-es-de-cerro-xd/servidor_minecraft/mods/simplefarming-1.16.5-1.3.8.jar)]
[13Jun2025 00:32:56.644] [main/DEBUG] [mixin/]: Processing inject() for PlatformAgent[MixinPlatformAgentDefault:ContainerHandleModLauncher.Resource(goblintraders-1.7.3-1.16.5.jar:/workspaces/franco-es-de-cerro-xd/servidor_minecraft/mods/goblintraders-1.7.3-1.16.5.jar)]
[13Jun2025 00:32:56.644] [main/DEBUG] [mixin/]: Processing inject() for PlatformAgent[MixinPlatformAgentDefault:ContainerHandleModLauncher.Resource(L_Enders Cataclysm-0.48 Changed Theme -1.16.5.jar:/workspaces/franco-es-de-cerro-xd/servidor_minecraft/mods/L_Enders Cataclysm-0.48 Changed Theme -1.16.5.jar)]
[13Jun2025 00:32:56.644] [main/DEBUG] [mixin/]: Processing inject() for PlatformAgent[MixinPlatformAgentDefault:ContainerHandleModLauncher.Resource(curios-forge-1.16.5-4.1.0.0.jar:/workspaces/franco-es-de-cerro-xd/servidor_minecraft/mods/curios-forge-1.16.5-4.1.0.0.jar)]
[13Jun2025 00:32:56.645] [main/DEBUG] [mixin/]: Processing inject() for PlatformAgent[MixinPlatformAgentDefault:ContainerHandleModLauncher.Resource(Waystones_1.16.5-7.6.4.jar:/workspaces/franco-es-de-cerro-xd/servidor_minecraft/mods/Waystones_1.16.5-7.6.4.jar)]
[13Jun2025 00:32:56.645] [main/DEBUG] [mixin/]: Processing inject() for PlatformAgent[MixinPlatformAgentDefault:ContainerHandleModLauncher.Resource(citadel-1.8.1-1.16.5.jar:/workspaces/franco-es-de-cerro-xd/servidor_minecraft/mods/citadel-1.8.1-1.16.5.jar)]
[13Jun2025 00:32:56.645] [main/DEBUG] [mixin/]: Processing inject() for PlatformAgent[MixinPlatformAgentDefault:ContainerHandleModLauncher.Resource(StorageDrawers-1.16.3-8.5.2.jar:/workspaces/franco-es-de-cerro-xd/servidor_minecraft/mods/StorageDrawers-1.16.3-8.5.2.jar)]
[13Jun2025 00:32:56.645] [main/DEBUG] [mixin/]: Processing inject() for PlatformAgent[MixinPlatformAgentDefault:ContainerHandleModLauncher.Resource(Artifacts-1.16.5-2.10.6.jar:/workspaces/franco-es-de-cerro-xd/servidor_minecraft/mods/Artifacts-1.16.5-2.10.6.jar)]
[13Jun2025 00:32:56.645] [main/DEBUG] [mixin/]: Processing inject() for PlatformAgent[MixinPlatformAgentDefault:ContainerHandleModLauncher.Resource(configured-1.5.4-1.16.5.jar:/workspaces/franco-es-de-cerro-xd/servidor_minecraft/mods/configured-1.5.4-1.16.5.jar)]
[13Jun2025 00:32:56.646] [main/DEBUG] [mixin/]: Processing inject() for PlatformAgent[MixinPlatformAgentDefault:ContainerHandleModLauncher.Resource(elevatorid-1.16.5-1.7.13.jar:/workspaces/franco-es-de-cerro-xd/servidor_minecraft/mods/elevatorid-1.16.5-1.7.13.jar)]
[13Jun2025 00:32:56.646] [main/DEBUG] [mixin/]: Processing inject() for PlatformAgent[MixinPlatformAgentDefault:ContainerHandleModLauncher.Resource(tombstone-1.16.5-6.9.6.jar:/workspaces/franco-es-de-cerro-xd/servidor_minecraft/mods/tombstone-1.16.5-6.9.6.jar)]
[13Jun2025 00:32:56.647] [main/DEBUG] [mixin/]: Processing inject() for PlatformAgent[MixinPlatformAgentDefault:ContainerHandleModLauncher.Resource(DungeonCrawl-1.16.5-2.3.12.jar:/workspaces/franco-es-de-cerro-xd/servidor_minecraft/mods/DungeonCrawl-1.16.5-2.3.12.jar)]
[13Jun2025 00:32:56.647] [main/DEBUG] [mixin/]: Processing inject() for PlatformAgent[MixinPlatformAgentDefault:ContainerHandleModLauncher.Resource(sophisticatedbackpacks-1.16.5-3.15.20.755.jar:/workspaces/franco-es-de-cerro-xd/servidor_minecraft/mods/sophisticatedbackpacks-1.16.5-3.15.20.755.jar)]
[13Jun2025 00:32:56.647] [main/DEBUG] [mixin/]: Processing inject() for PlatformAgent[MixinPlatformAgentDefault:ContainerHandleModLauncher.Resource(u_team_core-forge-1.16.5-3.2.1.358.jar:/workspaces/franco-es-de-cerro-xd/servidor_minecraft/mods/u_team_core-forge-1.16.5-3.2.1.358.jar)]
[13Jun2025 00:32:56.647] [main/DEBUG] [mixin/]: Processing inject() for PlatformAgent[MixinPlatformAgentDefault:ContainerHandleModLauncher.Resource(SpartanWeaponry-1.16.5-2.2.2.jar:/workspaces/franco-es-de-cerro-xd/servidor_minecraft/mods/SpartanWeaponry-1.16.5-2.2.2.jar)]
[13Jun2025 00:32:56.647] [main/DEBUG] [mixin/]: Processing inject() for PlatformAgent[MixinPlatformAgentDefault:ContainerHandleModLauncher.Resource(relics-1.16.5-0.3.4.4.jar:/workspaces/franco-es-de-cerro-xd/servidor_minecraft/mods/relics-1.16.5-0.3.4.4.jar)]
[13Jun2025 00:32:56.647] [main/DEBUG] [mixin/]: Processing inject() for PlatformAgent[MixinPlatformAgentDefault:ContainerHandleModLauncher.Resource(architectury-1.32.68.jar:/workspaces/franco-es-de-cerro-xd/servidor_minecraft/mods/architectury-1.32.68.jar)]
[13Jun2025 00:32:56.648] [main/DEBUG] [mixin/]: Processing inject() for PlatformAgent[MixinPlatformAgentDefault:ContainerHandleModLauncher.Resource(catalogue-1.6.1-1.16.5.jar:/workspaces/franco-es-de-cerro-xd/servidor_minecraft/mods/catalogue-1.6.1-1.16.5.jar)]
[13Jun2025 00:32:56.648] [main/DEBUG] [mixin/]: Processing inject() for PlatformAgent[MixinPlatformAgentDefault:ContainerHandleModLauncher.Resource(walljump-forge-1.16.4-1.3.7.jar:/workspaces/franco-es-de-cerro-xd/servidor_minecraft/mods/walljump-forge-1.16.4-1.3.7.jar)]
[13Jun2025 00:32:56.648] [main/DEBUG] [mixin/]: Processing inject() for PlatformAgent[MixinPlatformAgentDefault:ContainerHandleModLauncher.Resource(cloth-config-4.17.132-forge.jar:/workspaces/franco-es-de-cerro-xd/servidor_minecraft/mods/cloth-config-4.17.132-forge.jar)]
[13Jun2025 00:32:56.648] [main/DEBUG] [mixin/]: Processing inject() for PlatformAgent[MixinPlatformAgentDefault:ContainerHandleModLauncher.Resource(footwork-1.2.jar:/workspaces/franco-es-de-cerro-xd/servidor_minecraft/mods/footwork-1.2.jar)]
[13Jun2025 00:32:56.648] [main/DEBUG] [mixin/]: Processing inject() for PlatformAgent[MixinPlatformAgentDefault:ContainerHandleModLauncher.Resource(enhancedcelestials-2.0.9-1.16.5.jar:/workspaces/franco-es-de-cerro-xd/servidor_minecraft/mods/enhancedcelestials-2.0.9-1.16.5.jar)]
[13Jun2025 00:32:56.648] [main/DEBUG] [mixin/]: Processing inject() for PlatformAgent[MixinPlatformAgentDefault:ContainerHandleModLauncher.Resource(carryon-1.16.5-1.15.6.24.jar:/workspaces/franco-es-de-cerro-xd/servidor_minecraft/mods/carryon-1.16.5-1.15.6.24.jar)]
[13Jun2025 00:32:56.648] [main/DEBUG] [mixin/]: Processing inject() for PlatformAgent[MixinPlatformAgentDefault:ContainerHandleModLauncher.Resource(the_bumblezone_forge-3.2.1+1.16.5.jar:/workspaces/franco-es-de-cerro-xd/servidor_minecraft/mods/the_bumblezone_forge-3.2.1+1.16.5.jar)]
[13Jun2025 00:32:56.648] [main/DEBUG] [mixin/]: Processing inject() for PlatformAgent[MixinPlatformAgentDefault:ContainerHandleModLauncher.Resource(ColdsGrappler(Forge1.16.4)vrs1.0.2.jar:/workspaces/franco-es-de-cerro-xd/servidor_minecraft/mods/ColdsGrappler(Forge1.16.4)vrs1.0.2.jar)]
[13Jun2025 00:32:56.648] [main/DEBUG] [mixin/]: Processing inject() for PlatformAgent[MixinPlatformAgentDefault:ContainerHandleModLauncher.Resource(Paraglider-1.16.5-1.3.2.14.jar:/workspaces/franco-es-de-cerro-xd/servidor_minecraft/mods/Paraglider-1.16.5-1.3.2.14.jar)]
[13Jun2025 00:32:56.649] [main/DEBUG] [mixin/]: Processing inject() for PlatformAgent[MixinPlatformAgentDefault:ContainerHandleModLauncher.Resource(forge-1.16.5-36.2.42-universal.jar:/workspaces/franco-es-de-cerro-xd/servidor_minecraft/libraries/net/minecraftforge/forge/1.16.5-36.2.42/forge-1.16.5-36.2.42-universal.jar)]
[13Jun2025 00:32:56.649] [main/DEBUG] [mixin/]: Processing inject() for PlatformAgent[MixinPlatformAgentDefault:ContainerHandleModLauncher.Resource(cofh_core-1.16.5-1.5.2.22.jar:/workspaces/franco-es-de-cerro-xd/servidor_minecraft/mods/cofh_core-1.16.5-1.5.2.22.jar)]
[13Jun2025 00:32:56.649] [main/DEBUG] [mixin/]: Processing inject() for PlatformAgent[MixinPlatformAgentDefault:ContainerHandleModLauncher.Resource(archers_paradox-1.16.5-1.5.0.2.jar:/workspaces/franco-es-de-cerro-xd/servidor_minecraft/mods/archers_paradox-1.16.5-1.5.0.2.jar)]
[13Jun2025 00:32:56.649] [main/DEBUG] [mixin/]: Processing inject() for PlatformAgent[MixinPlatformAgentDefault:ContainerHandleModLauncher.Resource(Aquaculture-1.16.5-2.1.23.jar:/workspaces/franco-es-de-cerro-xd/servidor_minecraft/mods/Aquaculture-1.16.5-2.1.23.jar)]
[13Jun2025 00:32:56.649] [main/DEBUG] [mixin/]: Processing inject() for PlatformAgent[MixinPlatformAgentDefault:ContainerHandleModLauncher.Resource(expandability-2.0.1-forge.jar:/workspaces/franco-es-de-cerro-xd/servidor_minecraft/mods/expandability-2.0.1-forge.jar)]
[13Jun2025 00:32:56.649] [main/DEBUG] [mixin/]: Processing inject() for PlatformAgent[MixinPlatformAgentDefault:ContainerHandleModLauncher.Resource(geckolib-forge-1.16.5-3.0.106.jar:/workspaces/franco-es-de-cerro-xd/servidor_minecraft/mods/geckolib-forge-1.16.5-3.0.106.jar)]
[13Jun2025 00:32:56.649] [main/DEBUG] [mixin/]: Processing inject() for PlatformAgent[MixinPlatformAgentDefault:ContainerHandleModLauncher.Resource(ironchest-1.16.5-11.2.21.jar:/workspaces/franco-es-de-cerro-xd/servidor_minecraft/mods/ironchest-1.16.5-11.2.21.jar)]
[13Jun2025 00:32:56.649] [main/DEBUG] [mixin/]: Processing inject() for PlatformAgent[MixinPlatformAgentDefault:ContainerHandleModLauncher.Resource(antiqueatlas-6.2.4-forge-mc1.16.5.jar:/workspaces/franco-es-de-cerro-xd/servidor_minecraft/mods/antiqueatlas-6.2.4-forge-mc1.16.5.jar)]
[13Jun2025 00:32:56.649] [main/DEBUG] [mixin/]: Processing inject() for PlatformAgent[MixinPlatformAgentDefault:ContainerHandleModLauncher.Resource(DungeonsArise-1.16.5-2.1.49-beta.jar:/workspaces/franco-es-de-cerro-xd/servidor_minecraft/mods/DungeonsArise-1.16.5-2.1.49-beta.jar)]
[13Jun2025 00:32:56.650] [main/DEBUG] [mixin/]: Processing inject() for PlatformAgent[MixinPlatformAgentDefault:ContainerHandleModLauncher.Resource(AnointedItems-1.16.5-release1.2.4.jar:/workspaces/franco-es-de-cerro-xd/servidor_minecraft/mods/AnointedItems-1.16.5-release1.2.4.jar)]
[13Jun2025 00:32:56.678] [main/DEBUG] [mixin/]: Error cleaning class output directory: .mixin.out
[13Jun2025 00:32:56.683] [main/DEBUG] [mixin/]: Preparing mixins for MixinEnvironment[PREINIT]
[13Jun2025 00:32:56.690] [main/INFO] [mixin/]: Successfully loaded Mixin Connector [tictim.paraglider.MixinConnector]
[13Jun2025 00:32:56.694] [main/INFO] [cpw.mods.modlauncher.LaunchServiceHandler/MODLAUNCHER]: Launching target 'fmlserver' with arguments [--gameDir, ., nogui]
[13Jun2025 00:32:56.699] [main/DEBUG] [mixin/]: Preparing mixins for MixinEnvironment[DEFAULT]
[13Jun2025 00:32:56.699] [main/DEBUG] [mixin/]: Selecting config endrem.mixins.json
[13Jun2025 00:32:56.702] [main/DEBUG] [mixin/]: Selecting config goblintraders.mixins.json
[13Jun2025 00:32:56.703] [main/DEBUG] [mixin/]: Selecting config cataclysm.mixins.json
[13Jun2025 00:32:56.704] [main/WARN] [mixin/]: Reference map 'cataclysm.refmap.json' for cataclysm.mixins.json could not be read. If this is a development environment you can ignore this message
[13Jun2025 00:32:56.705] [main/DEBUG] [mixin/]: Selecting config mixins.waystones.json
[13Jun2025 00:32:56.705] [main/DEBUG] [mixin/]: Selecting config citadel.mixins.json
[13Jun2025 00:32:56.706] [main/DEBUG] [mixin/]: Selecting config mixins.artifacts.json
[13Jun2025 00:32:56.708] [main/DEBUG] [mixin/]: Selecting config tombstone.mixins.json
[13Jun2025 00:32:56.712] [main/DEBUG] [mixin/]: Selecting config spartanweaponry.mixins.json
[13Jun2025 00:32:56.713] [main/DEBUG] [mixin/]: Selecting config relics.mixins.json
[13Jun2025 00:32:56.714] [main/DEBUG] [mixin/]: Selecting config architectury.mixins.json
[13Jun2025 00:32:56.720] [main/DEBUG] [mixin/]: Selecting config architectury-common.mixins.json
[13Jun2025 00:32:56.721] [main/DEBUG] [mixin/]: Selecting config footwork.mixins.json
[13Jun2025 00:32:56.722] [main/DEBUG] [mixin/]: Selecting config enhancedcelestials.mixins.json
[13Jun2025 00:32:56.723] [main/DEBUG] [mixin/]: Selecting config the_bumblezone.mixins.json
[13Jun2025 00:32:56.726] [main/DEBUG] [mixin/]: Selecting config mixins.cofhcore.json
[13Jun2025 00:32:56.727] [main/DEBUG] [mixin/]: Selecting config expandability.mixins.json
[13Jun2025 00:32:56.729] [main/DEBUG] [mixin/]: Selecting config antiqueatlas-common.mixins.json
[13Jun2025 00:32:56.734] [main/DEBUG] [mixin/]: Selecting config antiqueatlas.mixins.json
[13Jun2025 00:32:56.735] [main/WARN] [mixin/]: Reference map 'antiqueatlas-forge-refmap.json' for antiqueatlas.mixins.json could not be read. If this is a development environment you can ignore this message
[13Jun2025 00:32:56.735] [main/DEBUG] [mixin/]: Selecting config assets/paraglider/mixin.json
[13Jun2025 00:32:56.737] [main/DEBUG] [mixin/]: Preparing endrem.mixins.json (4)
[13Jun2025 00:32:56.778] [main/DEBUG] [mixin/]: Preparing goblintraders.mixins.json (4)
[13Jun2025 00:32:56.809] [main/DEBUG] [mixin/]: Preparing cataclysm.mixins.json (0)
[13Jun2025 00:32:56.809] [main/DEBUG] [mixin/]: Preparing mixins.waystones.json (1)
[13Jun2025 00:32:56.816] [main/DEBUG] [mixin/]: Preparing citadel.mixins.json (2)
[13Jun2025 00:32:56.855] [main/DEBUG] [mixin/]: Preparing mixins.artifacts.json (9)
[13Jun2025 00:32:56.921] [main/DEBUG] [mixin/]: Preparing tombstone.mixins.json (25)
[13Jun2025 00:32:56.952] [main/DEBUG] [net.minecraftforge.coremod.transformer.CoreModBaseTransformer/COREMOD]: Transforming func_82840_a with desc (Lnet/minecraft/entity/player/PlayerEntity;Lnet/minecraft/client/util/ITooltipFlag;)Ljava/util/List;
[13Jun2025 00:32:57.133] [main/DEBUG] [net.minecraftforge.coremod.transformer.CoreModBaseTransformer/COREMOD]: Transforming net/minecraft/item/ItemStack
[13Jun2025 00:32:57.194] [main/DEBUG] [net.minecraftforge.coremod.transformer.CoreModBaseTransformer/COREMOD]: Transforming func_219970_i with desc (Lnet/minecraft/item/ItemStack;)Z
[13Jun2025 00:32:57.254] [main/DEBUG] [mixin/]: Preparing spartanweaponry.mixins.json (5)
[13Jun2025 00:32:57.267] [main/DEBUG] [mixin/]: Preparing relics.mixins.json (6)
[13Jun2025 00:32:57.277] [main/DEBUG] [mixin/]: Preparing architectury.mixins.json (18)
[13Jun2025 00:32:57.309] [main/DEBUG] [mixin/]: Preparing architectury-common.mixins.json (6)
[13Jun2025 00:32:57.326] [main/DEBUG] [mixin/]: Preparing footwork.mixins.json (2)
[13Jun2025 00:32:57.329] [main/DEBUG] [mixin/]: Preparing enhancedcelestials.mixins.json (23)
[13Jun2025 00:32:57.389] [main/DEBUG] [net.minecraftforge.coremod.transformer.CoreModBaseTransformer/COREMOD]: Transforming net/minecraft/potion/EffectInstance
[13Jun2025 00:32:57.418] [main/DEBUG] [mixin/]: Preparing the_bumblezone.mixins.json (41)
[13Jun2025 00:32:57.453] [main/DEBUG] [net.minecraftforge.coremod.transformer.CoreModBaseTransformer/COREMOD]: Transforming func_225533_a_ with desc (Lnet/minecraft/block/BlockState;Lnet/minecraft/world/World;Lnet/minecraft/util/math/BlockPos;Lnet/minecraft/entity/player/PlayerEntity;Lnet/minecraft/util/Hand;Lnet/minecraft/util/math/BlockRayTraceResult;)Lnet/minecraft/util/ActionResultType;
[13Jun2025 00:32:57.492] [main/DEBUG] [net.minecraftforge.coremod.transformer.CoreModBaseTransformer/COREMOD]: Transforming func_234600_a_ with desc (Lnet/minecraft/entity/player/PlayerEntity;)Z
[13Jun2025 00:32:57.527] [main/DEBUG] [mixin/]: Preparing mixins.cofhcore.json (1)
[13Jun2025 00:32:57.527] [main/DEBUG] [mixin/]: Preparing expandability.mixins.json (9)
[13Jun2025 00:32:57.540] [main/DEBUG] [mixin/]: Preparing antiqueatlas-common.mixins.json (14)
[13Jun2025 00:32:57.585] [main/DEBUG] [net.minecraftforge.coremod.transformer.CoreModBaseTransformer/COREMOD]: Transforming func_82846_b with desc (Lnet/minecraft/entity/player/PlayerEntity;I)Lnet/minecraft/item/ItemStack;
[13Jun2025 00:32:57.597] [main/DEBUG] [mixin/]: Preparing antiqueatlas.mixins.json (0)
[13Jun2025 00:32:57.597] [main/DEBUG] [mixin/]: Preparing assets/paraglider/mixin.json (3)
[13Jun2025 00:32:57.619] [main/DEBUG] [mixin/]: Registering new injector for @Inject with org.spongepowered.asm.mixin.injection.struct.CallbackInjectionInfo
[13Jun2025 00:32:57.621] [main/DEBUG] [mixin/]: Registering new injector for @ModifyArg with org.spongepowered.asm.mixin.injection.struct.ModifyArgInjectionInfo
[13Jun2025 00:32:57.622] [main/DEBUG] [mixin/]: Registering new injector for @ModifyArgs with org.spongepowered.asm.mixin.injection.struct.ModifyArgsInjectionInfo
[13Jun2025 00:32:57.623] [main/DEBUG] [mixin/]: Registering new injector for @Redirect with org.spongepowered.asm.mixin.injection.struct.RedirectInjectionInfo
[13Jun2025 00:32:57.624] [main/DEBUG] [mixin/]: Registering new injector for @ModifyVariable with org.spongepowered.asm.mixin.injection.struct.ModifyVariableInjectionInfo
[13Jun2025 00:32:57.625] [main/DEBUG] [mixin/]: Registering new injector for @ModifyConstant with org.spongepowered.asm.mixin.injection.struct.ModifyConstantInjectionInfo
[13Jun2025 00:32:57.701] [main/DEBUG] [mixin/]: Prepared 142 mixins in 1.000 sec (7.0ms avg) (0ms load, 0ms transform, 0ms plugin)
[13Jun2025 00:32:57.760] [main/DEBUG] [mixin/]: Mixing access.StyleAccess from enhancedcelestials.mixins.json into net.minecraft.util.text.Style
[13Jun2025 00:32:57.765] [main/DEBUG] [mixin/]: Renaming @Invoker method create(Lnet/minecraft/util/text/Color;Ljava/lang/Boolean;Ljava/lang/Boolean;Ljava/lang/Boolean;Ljava/lang/Boolean;Ljava/lang/Boolean;Lnet/minecraft/util/text/event/ClickEvent;Lnet/minecraft/util/text/event/HoverEvent;Ljava/lang/String;Lnet/minecraft/util/ResourceLocation;)Lnet/minecraft/util/text/Style; to create_$md$8224b4$0 in enhancedcelestials.mixins.json:access.StyleAccess
[13Jun2025 00:32:57.928] [main/DEBUG] [mixin/]: Mixing access.RegistryAccess from enhancedcelestials.mixins.json into net.minecraft.util.registry.Registry
[13Jun2025 00:32:57.929] [main/DEBUG] [mixin/]: Renaming @Invoker method invokeRegisterSimple(Lnet/minecraft/util/RegistryKey;Ljava/util/function/Supplier;)Lnet/minecraft/util/registry/Registry; to invokeRegisterSimple_$md$8224b4$0 in enhancedcelestials.mixins.json:access.RegistryAccess
[13Jun2025 00:32:58.000] [main/DEBUG] [mixin/]: Mixing MixinBlock from enhancedcelestials.mixins.json into net.minecraft.block.Block
[13Jun2025 00:32:58.077] [main/DEBUG] [net.minecraftforge.coremod.transformer.CoreModBaseTransformer/COREMOD]: Transforming func_219970_i with desc (Lnet/minecraft/item/ItemStack;)Z
[13Jun2025 00:32:58.077] [main/DEBUG] [mixin/]: Mixing ItemMixin from tombstone.mixins.json into net.minecraft.item.Item
[13Jun2025 00:32:58.117] [main/DEBUG] [mixin/]: Mixing accessor.ItemAccessor from tombstone.mixins.json into net.minecraft.item.Item
[13Jun2025 00:32:58.118] [main/DEBUG] [mixin/]: Mixing MixinItem from relics.mixins.json into net.minecraft.item.Item
[13Jun2025 00:32:58.145] [main/DEBUG] [mixin/]: Mixing EnchantmentMixin from goblintraders.mixins.json into net.minecraft.enchantment.Enchantment
[13Jun2025 00:32:58.208] [main/DEBUG] [mixin/]: Mixing world.StructureAccessor from the_bumblezone.mixins.json into net.minecraft.world.gen.feature.structure.Structure
[13Jun2025 00:32:58.208] [main/DEBUG] [mixin/]: Renaming @Accessor method bumblezone_setNOISE_AFFECTING_FEATURES(Ljava/util/List;)V to bumblezone_setNOISE_AFFECTING_FEATURES_$md$8224b4$0 in the_bumblezone.mixins.json:world.StructureAccessor
[13Jun2025 00:32:58.300] [main/DEBUG] [net.minecraftforge.coremod.transformer.CoreModBaseTransformer/COREMOD]: Transforming net/minecraft/block/FlowingFluidBlock
[13Jun2025 00:32:58.317] [main/DEBUG] [mixin/]: Mixing BlockLandingInvoker from architectury-common.mixins.json into net.minecraft.block.FallingBlock
[13Jun2025 00:32:58.333] [main/DEBUG] [mixin/]: Mixing blocks.DispenserBlockInvoker from the_bumblezone.mixins.json into net.minecraft.block.DispenserBlock
[13Jun2025 00:32:58.346] [main/DEBUG] [mixin/]: Mixing MixinWebBlock from relics.mixins.json into net.minecraft.block.WebBlock
[13Jun2025 00:32:58.378] [main/DEBUG] [net.minecraftforge.coremod.transformer.CoreModBaseTransformer/COREMOD]: Transforming net/minecraft/block/StairsBlock
[13Jun2025 00:32:58.452] [main/DEBUG] [net.minecraftforge.coremod.transformer.CoreModBaseTransformer/COREMOD]: Transforming func_225533_a_ with desc (Lnet/minecraft/block/BlockState;Lnet/minecraft/world/World;Lnet/minecraft/util/math/BlockPos;Lnet/minecraft/entity/player/PlayerEntity;Lnet/minecraft/util/Hand;Lnet/minecraft/util/math/BlockRayTraceResult;)Lnet/minecraft/util/ActionResultType;
[13Jun2025 00:32:58.480] [main/DEBUG] [mixin/]: Mixing blocks.VineBlockAccessor from the_bumblezone.mixins.json into net.minecraft.block.VineBlock
[13Jun2025 00:32:58.481] [main/DEBUG] [mixin/]: Renaming @Accessor method thebumblezone_getUP_SHAPE()Lnet/minecraft/util/math/shapes/VoxelShape; to thebumblezone_getUP_SHAPE_$md$8224b4$0 in the_bumblezone.mixins.json:blocks.VineBlockAccessor
[13Jun2025 00:32:58.481] [main/DEBUG] [mixin/]: Renaming @Accessor method thebumblezone_getNORTH_SHAPE()Lnet/minecraft/util/math/shapes/VoxelShape; to thebumblezone_getNORTH_SHAPE_$md$8224b4$1 in the_bumblezone.mixins.json:blocks.VineBlockAccessor
[13Jun2025 00:32:58.481] [main/DEBUG] [mixin/]: Renaming @Accessor method thebumblezone_getEAST_SHAPE()Lnet/minecraft/util/math/shapes/VoxelShape; to thebumblezone_getEAST_SHAPE_$md$8224b4$2 in the_bumblezone.mixins.json:blocks.VineBlockAccessor
[13Jun2025 00:32:58.481] [main/DEBUG] [mixin/]: Renaming @Accessor method thebumblezone_getSOUTH_SHAPE()Lnet/minecraft/util/math/shapes/VoxelShape; to thebumblezone_getSOUTH_SHAPE_$md$8224b4$3 in the_bumblezone.mixins.json:blocks.VineBlockAccessor
[13Jun2025 00:32:58.481] [main/DEBUG] [mixin/]: Renaming @Accessor method thebumblezone_getWEST_SHAPE()Lnet/minecraft/util/math/shapes/VoxelShape; to thebumblezone_getWEST_SHAPE_$md$8224b4$4 in the_bumblezone.mixins.json:blocks.VineBlockAccessor
[13Jun2025 00:32:58.498] [main/DEBUG] [net.minecraftforge.coremod.transformer.CoreModBaseTransformer/COREMOD]: Transforming func_176208_a with desc (Lnet/minecraft/world/World;Lnet/minecraft/util/math/BlockPos;Lnet/minecraft/block/BlockState;Lnet/minecraft/entity/player/PlayerEntity;)V
[13Jun2025 00:32:58.506] [main/DEBUG] [net.minecraftforge.coremod.transformer.CoreModBaseTransformer/COREMOD]: Transforming net/minecraft/block/FlowerPotBlock
[13Jun2025 00:32:58.531] [main/DEBUG] [mixin/]: Mixing BlockLandingInvoker from architectury-common.mixins.json into net.minecraft.block.AnvilBlock
[13Jun2025 00:32:58.561] [main/DEBUG] [mixin/]: Mixing BlockLandingInvoker from architectury-common.mixins.json into net.minecraft.block.ConcretePowderBlock
[13Jun2025 00:32:58.580] [main/DEBUG] [mixin/]: Mixing swimming.BubbleColumnBlockMixin from expandability.mixins.json into net.minecraft.block.BubbleColumnBlock
[13Jun2025 00:32:58.635] [main/DEBUG] [net.minecraftforge.coremod.transformer.CoreModBaseTransformer/COREMOD]: Transforming func_225533_a_ with desc (Lnet/minecraft/block/BlockState;Lnet/minecraft/world/World;Lnet/minecraft/util/math/BlockPos;Lnet/minecraft/entity/player/PlayerEntity;Lnet/minecraft/util/Hand;Lnet/minecraft/util/math/BlockRayTraceResult;)Lnet/minecraft/util/ActionResultType;
[13Jun2025 00:32:58.641] [main/DEBUG] [mixin/]: Mixing blocks.BeeHiveDropsMixin from the_bumblezone.mixins.json into net.minecraft.block.BeehiveBlock
[13Jun2025 00:32:58.666] [main/DEBUG] [mixin/]: Mixing item.aquadashers.EntityMixin from mixins.artifacts.json into net.minecraft.entity.Entity
[13Jun2025 00:32:58.694] [main/DEBUG] [mixin/]: Mixing item.umbrella.EntityMixin from mixins.artifacts.json into net.minecraft.entity.Entity
[13Jun2025 00:32:58.698] [main/DEBUG] [mixin/]: Mixing EntityMixin from tombstone.mixins.json into net.minecraft.entity.Entity
[13Jun2025 00:32:58.704] [main/DEBUG] [mixin/]: Mixing EntityMixin from spartanweaponry.mixins.json into net.minecraft.entity.Entity
[13Jun2025 00:32:58.705] [main/DEBUG] [mixin/]: Mixing MixinEntity from relics.mixins.json into net.minecraft.entity.Entity
[13Jun2025 00:32:58.708] [main/DEBUG] [mixin/]: Mixing entities.EntityMixin from the_bumblezone.mixins.json into net.minecraft.entity.Entity
[13Jun2025 00:32:58.713] [main/DEBUG] [mixin/]: Mixing fluidcollision.EntityMixin from expandability.mixins.json into net.minecraft.entity.Entity
[13Jun2025 00:32:58.754] [main/DEBUG] [mixin/]: Mixing swimming.EntityMixin from expandability.mixins.json into net.minecraft.entity.Entity
[13Jun2025 00:32:58.791] [main/DEBUG] [mixin/]: Mixing MixinEntity from antiqueatlas-common.mixins.json into net.minecraft.entity.Entity
[13Jun2025 00:32:58.929] [main/DEBUG] [mixin/]: Mixing LivingEntityMixin from citadel.mixins.json into net.minecraft.entity.LivingEntity
[13Jun2025 00:32:58.939] [main/DEBUG] [mixin/]: Mixing LivingEntityMixin from tombstone.mixins.json into net.minecraft.entity.LivingEntity
[13Jun2025 00:32:58.941] [main/DEBUG] [mixin/]: Mixing LivingEntityMixin from spartanweaponry.mixins.json into net.minecraft.entity.LivingEntity
[13Jun2025 00:32:58.965] [main/DEBUG] [mixin/]: Mixing MixinLivingEntity from relics.mixins.json into net.minecraft.entity.LivingEntity
[13Jun2025 00:32:58.972] [main/DEBUG] [mixin/]: Mixing MixinAttackSpeed from footwork.mixins.json into net.minecraft.entity.LivingEntity
[13Jun2025 00:32:58.980] [main/DEBUG] [mixin/]: Mixing MixinLivingEntity from enhancedcelestials.mixins.json into net.minecraft.entity.LivingEntity
[13Jun2025 00:32:58.982] [main/DEBUG] [mixin/]: Mixing entities.LivingEntityAccessor from the_bumblezone.mixins.json into net.minecraft.entity.LivingEntity
[13Jun2025 00:32:58.983] [main/DEBUG] [mixin/]: Mixing entities.LivingEntityMixin from the_bumblezone.mixins.json into net.minecraft.entity.LivingEntity
[13Jun2025 00:32:58.993] [main/DEBUG] [mixin/]: Mixing swimming.LivingEntityMixin from expandability.mixins.json into net.minecraft.entity.LivingEntity
[13Jun2025 00:32:58.994] [main/DEBUG] [mixin/]: Renaming synthetic method lambda$setFluidHeight$0(Lnet/minecraft/entity/LivingEntity;Lnet/minecraft/tags/ITag;)Ljava/lang/Double; to md8224b4$lambda$setFluidHeight$0$0 in expandability.mixins.json:swimming.LivingEntityMixin
[13Jun2025 00:32:59.135] [main/DEBUG] [mixin/]: Mixing MixinWorld from enhancedcelestials.mixins.json into net.minecraft.world.World
[13Jun2025 00:32:59.159] [main/DEBUG] [mixin/]: Mixing MixinServerWorld from enhancedcelestials.mixins.json into net.minecraft.world.server.ServerWorld
[13Jun2025 00:32:59.162] [main/DEBUG] [mixin/]: Mixing world.ServerWorldMixin from the_bumblezone.mixins.json into net.minecraft.world.server.ServerWorld
[13Jun2025 00:32:59.166] [main/DEBUG] [mixin/]: Mixing ServerWorldMixin from tombstone.mixins.json into net.minecraft.world.server.ServerWorld
[13Jun2025 00:32:59.200] [main/DEBUG] [mixin/]: Mixing PlayerEntityMixin from spartanweaponry.mixins.json into net.minecraft.entity.player.PlayerEntity
[13Jun2025 00:32:59.207] [main/DEBUG] [mixin/]: Mixing PlayerEntityMixin from tombstone.mixins.json into net.minecraft.entity.player.PlayerEntity
[13Jun2025 00:32:59.209] [main/DEBUG] [mixin/]: Mixing MixinPlayerEntity from footwork.mixins.json into net.minecraft.entity.player.PlayerEntity
[13Jun2025 00:32:59.215] [main/DEBUG] [mixin/]: Mixing entities.PlayerEntityMixin from the_bumblezone.mixins.json into net.minecraft.entity.player.PlayerEntity
[13Jun2025 00:32:59.216] [main/DEBUG] [mixin/]: Mixing entities.PlayerInteractsEntityMixin from the_bumblezone.mixins.json into net.minecraft.entity.player.PlayerEntity
[13Jun2025 00:32:59.219] [main/DEBUG] [mixin/]: Mixing items.HoneyShieldDamageMixin from the_bumblezone.mixins.json into net.minecraft.entity.player.PlayerEntity
[13Jun2025 00:32:59.220] [main/DEBUG] [mixin/]: Mixing items.HoneyShieldDisableMixin from the_bumblezone.mixins.json into net.minecraft.entity.player.PlayerEntity
[13Jun2025 00:32:59.222] [main/DEBUG] [mixin/]: Mixing items.PlayerDamagedMixin from the_bumblezone.mixins.json into net.minecraft.entity.player.PlayerEntity
[13Jun2025 00:32:59.222] [main/DEBUG] [mixin/]: Mixing items.PlayerDamageShieldInvoker from the_bumblezone.mixins.json into net.minecraft.entity.player.PlayerEntity
[13Jun2025 00:32:59.223] [main/DEBUG] [mixin/]: Mixing swimming.PlayerMixin from expandability.mixins.json into net.minecraft.entity.player.PlayerEntity
[13Jun2025 00:32:59.223] [main/DEBUG] [mixin/]: Renaming synthetic method lambda$setEyeInFluid$0(Lnet/minecraft/entity/player/PlayerEntity;Lnet/minecraft/tags/ITag;)Ljava/lang/Boolean; to md8224b4$lambda$setEyeInFluid$0$0 in expandability.mixins.json:swimming.PlayerMixin
[13Jun2025 00:32:59.224] [main/DEBUG] [mixin/]: Mixing MixinPlayerEntity from antiqueatlas-common.mixins.json into net.minecraft.entity.player.PlayerEntity
[13Jun2025 00:32:59.225] [main/DEBUG] [mixin/]: Mixing MixinPlayerEntityDeath from antiqueatlas-common.mixins.json into net.minecraft.entity.player.PlayerEntity
[13Jun2025 00:32:59.249] [main/WARN] [mixin/]: @Redirect conflict. Skipping spartanweaponry.mixins.json:PlayerEntityMixin->@Redirect::causePlayerDamage(Lnet/minecraft/entity/player/PlayerEntity;)Lnet/minecraft/util/DamageSource; with priority 900, already redirected by footwork.mixins.json:MixinPlayerEntity->@Redirect::customDamageSource(Lnet/minecraft/entity/player/PlayerEntity;)Lnet/minecraft/util/DamageSource; with priority 1000
[13Jun2025 00:32:59.249] [main/WARN] [mixin/]: @Redirect conflict. Skipping spartanweaponry.mixins.json:PlayerEntityMixin->@Redirect::causePlayerDamage(Lnet/minecraft/entity/player/PlayerEntity;)Lnet/minecraft/util/DamageSource; with priority 900, already redirected by footwork.mixins.json:MixinPlayerEntity->@Redirect::customDamageSource(Lnet/minecraft/entity/player/PlayerEntity;)Lnet/minecraft/util/DamageSource; with priority 1000
[13Jun2025 00:32:59.319] [main/DEBUG] [mixin/]: Mixing ForgeHooksMixin from tombstone.mixins.json into net.minecraftforge.common.ForgeHooks
[13Jun2025 00:32:59.357] [main/DEBUG] [mixin/]: Mixing MixinPlayerEntityDeath from antiqueatlas-common.mixins.json into net.minecraft.entity.player.ServerPlayerEntity
[13Jun2025 00:32:59.377] [main/DEBUG] [mixin/]: Mixing world.DisableStrongholdMixin from endrem.mixins.json into net.minecraft.world.gen.ChunkGenerator
[13Jun2025 00:32:59.379] [main/DEBUG] [mixin/]: Mixing world.ChunkGeneratorAccessorMixin from endrem.mixins.json into net.minecraft.world.gen.ChunkGenerator
[13Jun2025 00:32:59.386] [main/DEBUG] [mixin/]: Mixing items.MaterialInvoker from the_bumblezone.mixins.json into net.minecraft.block.material.Material$Builder
[13Jun2025 00:32:59.547] [main/DEBUG] [mixin/]: Mixing blocks.FlowingFluidAccessor from the_bumblezone.mixins.json into net.minecraft.fluid.FlowingFluid
[13Jun2025 00:32:59.554] [main/DEBUG] [mixin/]: Mixing blocks.WaterEquivalenceMixin from the_bumblezone.mixins.json into net.minecraft.fluid.WaterFluid
[13Jun2025 00:32:59.560] [main/DEBUG] [mixin/]: Mixing FluidTagsAccessor from architectury-common.mixins.json into net.minecraft.tags.FluidTags
[13Jun2025 00:32:59.560] [main/DEBUG] [mixin/]: Renaming @Accessor method getHelper()Lnet/minecraft/tags/TagRegistry; to getHelper_$md$8224b4$0 in architectury-common.mixins.json:FluidTagsAccessor
[13Jun2025 00:32:59.582] [main/DEBUG] [mixin/]: Mixing blocks.FallingBlockEntityAccessor from the_bumblezone.mixins.json into net.minecraft.entity.item.FallingBlockEntity
[13Jun2025 00:32:59.604] [main/DEBUG] [mixin/]: Mixing MixinBlockEntity from architectury.mixins.json into net.minecraft.tileentity.TileEntity
[13Jun2025 00:32:59.618] [main/DEBUG] [mixin/]: Mixing blocks.DefaultDispenseItemBehaviorInvoker from the_bumblezone.mixins.json into net.minecraft.dispenser.DefaultDispenseItemBehavior
[13Jun2025 00:32:59.759] [main/DEBUG] [mixin/]: Mixing blocks.PistonTileEntityMixin from the_bumblezone.mixins.json into net.minecraft.tileentity.PistonTileEntity
[13Jun2025 00:32:59.922] [main/DEBUG] [mixin/]: Mixing containers.WorkbenchContainerMixin from the_bumblezone.mixins.json into net.minecraft.inventory.container.WorkbenchContainer
[13Jun2025 00:32:59.966] [main/DEBUG] [net.minecraftforge.coremod.transformer.CoreModBaseTransformer/COREMOD]: Transforming func_230254_b_ with desc (Lnet/minecraft/entity/player/PlayerEntity;Lnet/minecraft/util/Hand;)Lnet/minecraft/util/ActionResultType;
[13Jun2025 00:32:59.970] [main/DEBUG] [mixin/]: Mixing MobMixin from tombstone.mixins.json into net.minecraft.entity.MobEntity
[13Jun2025 00:32:59.971] [main/DEBUG] [mixin/]: Renaming synthetic method lambda$methodSetTarget$2(Lnet/minecraft/entity/LivingEntity;Ljava/util/UUID;)Ljava/lang/Boolean; to md8224b4$lambda$methodSetTarget$2$0 in tombstone.mixins.json:MobMixin
[13Jun2025 00:32:59.971] [main/DEBUG] [mixin/]: Renaming synthetic method lambda$methodCanBeLeashed$1(Lnet/minecraft/entity/player/PlayerEntity;Ljava/util/UUID;)Ljava/lang/Boolean; to md8224b4$lambda$methodCanBeLeashed$1$1 in tombstone.mixins.json:MobMixin
[13Jun2025 00:32:59.972] [main/DEBUG] [mixin/]: Renaming synthetic method lambda$methodTick$0(Lnet/minecraft/entity/MobEntity;Lovh/corail/tombstone/api/capability/ISpellCaster;)V to md8224b4$lambda$methodTick$0$2 in tombstone.mixins.json:MobMixin
[13Jun2025 00:32:59.979] [main/DEBUG] [mixin/]: Mixing items.HoneyShieldCooldownMixin from the_bumblezone.mixins.json into net.minecraft.entity.MobEntity
[13Jun2025 00:32:59.980] [main/DEBUG] [mixin/]: Mixing items.HoneyShieldPreferredSlotMixin from the_bumblezone.mixins.json into net.minecraft.entity.MobEntity
[13Jun2025 00:33:00.006] [main/DEBUG] [mixin/]: Mixing MonsterMixin from tombstone.mixins.json into net.minecraft.entity.monster.MonsterEntity
[13Jun2025 00:33:00.101] [main/DEBUG] [mixin/]: Mixing RepairContainerMixin from goblintraders.mixins.json into net.minecraft.inventory.container.RepairContainer
[13Jun2025 00:33:00.110] [main/DEBUG] [mixin/]: ArgsClassGenerator assigning org.spongepowered.asm.synthetic.args.Args$1 for descriptor (Ljava/lang/Object;Ljava/lang/Object;)V
[13Jun2025 00:33:00.197] [main/DEBUG] [mixin/]: Mixing ProjectileEntityMixin from spartanweaponry.mixins.json into net.minecraft.entity.projectile.ProjectileEntity
[13Jun2025 00:33:00.499] [main/DEBUG] [net.minecraftforge.coremod.transformer.CoreModBaseTransformer/COREMOD]: Transforming func_82846_b with desc (Lnet/minecraft/entity/player/PlayerEntity;I)Lnet/minecraft/item/ItemStack;
[13Jun2025 00:33:00.504] [main/DEBUG] [mixin/]: Mixing MixinCartographyTableScreenHandler from antiqueatlas-common.mixins.json into net.minecraft.inventory.container.CartographyContainer
[13Jun2025 00:33:00.698] [main/DEBUG] [mixin/]: Mixing world.NoFluidsInStructures from endrem.mixins.json into net.minecraft.world.gen.feature.SpringFeature
[13Jun2025 00:33:00.716] [main/DEBUG] [mixin/]: Mixing world.NoLakesInStructuresMixin from endrem.mixins.json into net.minecraft.world.gen.feature.LakesFeature
[13Jun2025 00:33:01.433] [main/DEBUG] [mixin/]: Mixing AbstractArrowEntityMixin from spartanweaponry.mixins.json into net.minecraft.entity.projectile.AbstractArrowEntity
[13Jun2025 00:33:01.478] [main/DEBUG] [mixin/]: Mixing entities.BeeEntityMixin from the_bumblezone.mixins.json into net.minecraft.entity.passive.BeeEntity
[13Jun2025 00:33:01.480] [main/DEBUG] [mixin/]: Mixing entities.BeePollenatedSpawnMixin from the_bumblezone.mixins.json into net.minecraft.entity.passive.BeeEntity
[13Jun2025 00:33:01.504] [main/DEBUG] [mixin/]: Mixing entities.BeePathfindingMixin from the_bumblezone.mixins.json into net.minecraft.entity.passive.BeeEntity$WanderGoal
[13Jun2025 00:33:01.510] [main/DEBUG] [mixin/]: Mixing HurtByTargetGoalMixin from tombstone.mixins.json into net.minecraft.entity.ai.goal.HurtByTargetGoal
[13Jun2025 00:33:01.513] [main/DEBUG] [mixin/]: Mixing accessor.TargetGoalAccessor from tombstone.mixins.json into net.minecraft.entity.ai.goal.TargetGoal
[13Jun2025 00:33:01.572] [main/DEBUG] [mixin/]: Mixing ZombieMixin from tombstone.mixins.json into net.minecraft.entity.monster.ZombieEntity
[13Jun2025 00:33:01.600] [main/DEBUG] [mixin/]: Mixing MixinEndermanEntity from relics.mixins.json into net.minecraft.entity.monster.EndermanEntity
[13Jun2025 00:33:01.665] [main/DEBUG] [net.minecraftforge.coremod.transformer.CoreModBaseTransformer/COREMOD]: Transforming func_82840_a with desc (Lnet/minecraft/entity/player/PlayerEntity;Lnet/minecraft/client/util/ITooltipFlag;)Ljava/util/List;
[13Jun2025 00:33:01.696] [main/DEBUG] [net.minecraftforge.coremod.transformer.CoreModBaseTransformer/COREMOD]: Transforming net/minecraft/item/ItemStack
[13Jun2025 00:33:01.698] [main/DEBUG] [mixin/]: Mixing ItemStackMixin from tombstone.mixins.json into net.minecraft.item.ItemStack
[13Jun2025 00:33:01.709] [main/DEBUG] [net.minecraftforge.coremod.transformer.CoreModBaseTransformer/COREMOD]: Transforming func_110131_b with desc (Lnet/minecraft/item/ItemStack;)V
[13Jun2025 00:33:01.715] [main/DEBUG] [mixin/]: Mixing MixinLightningBolt from architectury-common.mixins.json into net.minecraft.entity.effect.LightningBoltEntity
[13Jun2025 00:33:01.773] [main/DEBUG] [net.minecraftforge.coremod.transformer.CoreModBaseTransformer/COREMOD]: Transforming func_230254_b_ with desc (Lnet/minecraft/entity/player/PlayerEntity;Lnet/minecraft/util/Hand;)Lnet/minecraft/util/ActionResultType;
[13Jun2025 00:33:01.826] [main/DEBUG] [net.minecraftforge.coremod.transformer.CoreModBaseTransformer/COREMOD]: Transforming func_230280_a_ with desc (Lnet/minecraft/item/ShootableItem;)Z
[13Jun2025 00:33:01.828] [main/DEBUG] [net.minecraftforge.coremod.transformer.CoreModBaseTransformer/COREMOD]: Transforming func_208003_a with desc (Lnet/minecraft/item/ItemStack;Lnet/minecraft/item/ItemStack;)Z
[13Jun2025 00:33:01.840] [main/DEBUG] [net.minecraftforge.coremod.transformer.CoreModBaseTransformer/COREMOD]: Transforming func_230280_a_ with desc (Lnet/minecraft/item/ShootableItem;)Z
[13Jun2025 00:33:01.841] [main/DEBUG] [net.minecraftforge.coremod.transformer.CoreModBaseTransformer/COREMOD]: Transforming func_241844_w with desc (F)V
[13Jun2025 00:33:01.870] [main/DEBUG] [net.minecraftforge.coremod.transformer.CoreModBaseTransformer/COREMOD]: Transforming func_230254_b_ with desc (Lnet/minecraft/entity/player/PlayerEntity;Lnet/minecraft/util/Hand;)Lnet/minecraft/util/ActionResultType;
[13Jun2025 00:33:01.882] [main/DEBUG] [net.minecraftforge.coremod.transformer.CoreModBaseTransformer/COREMOD]: Transforming func_85036_m with desc ()V
[13Jun2025 00:33:01.886] [main/DEBUG] [net.minecraftforge.coremod.transformer.CoreModBaseTransformer/COREMOD]: Transforming func_230280_a_ with desc (Lnet/minecraft/item/ShootableItem;)Z
[13Jun2025 00:33:01.948] [main/DEBUG] [mixin/]: Mixing item.villagerhat.VillagerEntityMixin from mixins.artifacts.json into net.minecraft.entity.merchant.villager.VillagerEntity
[13Jun2025 00:33:01.955] [main/DEBUG] [mixin/]: Mixing accessor.VillagerAccessor from tombstone.mixins.json into net.minecraft.entity.merchant.villager.VillagerEntity
[13Jun2025 00:33:01.955] [main/DEBUG] [mixin/]: Mixing VillagerMixin from architectury-common.mixins.json into net.minecraft.entity.merchant.villager.VillagerEntity
[13Jun2025 00:33:01.983] [main/DEBUG] [mixin/]: Mixing item.villagerhat.AbstractVillagerEntityMixin from mixins.artifacts.json into net.minecraft.entity.merchant.villager.AbstractVillagerEntity
[13Jun2025 00:33:01.985] [main/DEBUG] [mixin/]: Mixing AbstractVillagerMixin from architectury-common.mixins.json into net.minecraft.entity.merchant.villager.AbstractVillagerEntity
[13Jun2025 00:33:02.029] [main/DEBUG] [mixin/]: Mixing WanderingTraderMixin from architectury-common.mixins.json into net.minecraft.entity.merchant.villager.WanderingTraderEntity
[13Jun2025 00:33:02.154] [main/DEBUG] [mixin/]: Mixing MixinServerChunkProvider from enhancedcelestials.mixins.json into net.minecraft.world.server.ServerChunkProvider
[13Jun2025 00:33:02.167] [main/DEBUG] [mixin/]: Mixing MixinWorldEvent from architectury.mixins.json into net.minecraftforge.event.world.WorldEvent
[13Jun2025 00:33:02.252] [main/DEBUG] [mixin/]: Mixing structure.StructureStartMixin from antiqueatlas-common.mixins.json into net.minecraft.world.gen.feature.structure.StructureStart
[13Jun2025 00:33:02.384] [main/DEBUG] [mixin/]: Mixing MobSpawnSettingsBuilderAccessor from architectury.mixins.json into net.minecraft.world.biome.MobSpawnInfo$Builder
[13Jun2025 00:33:02.395] [main/DEBUG] [mixin/]: Mixing BiomeGenerationSettingsBuilderAccessor from architectury.mixins.json into net.minecraft.world.biome.BiomeGenerationSettings$Builder
[13Jun2025 00:33:02.420] [main/DEBUG] [mixin/]: Mixing access.MobSpawnInfoAccess from enhancedcelestials.mixins.json into net.minecraft.world.biome.MobSpawnInfo
[13Jun2025 00:33:02.421] [main/DEBUG] [mixin/]: Renaming @Invoker method create(FLjava/util/Map;Ljava/util/Map;Z)Lnet/minecraft/world/biome/MobSpawnInfo; to create_$md$8224b4$0 in enhancedcelestials.mixins.json:access.MobSpawnInfoAccess
[13Jun2025 00:33:02.429] [main/DEBUG] [mixin/]: Mixing world.BiomeGenerationSettingsAccessor from the_bumblezone.mixins.json into net.minecraft.world.biome.BiomeGenerationSettings
[13Jun2025 00:33:02.493] [main/DEBUG] [mixin/]: Mixing world.DimensionStructuresSettingsAccessor from the_bumblezone.mixins.json into net.minecraft.world.gen.settings.DimensionStructuresSettings
[13Jun2025 00:33:02.493] [main/DEBUG] [mixin/]: Renaming @Accessor method bumblezone_setDEFAULTS(Lcom/google/common/collect/ImmutableMap;)V to bumblezone_setDEFAULTS_$md$8224b4$0 in the_bumblezone.mixins.json:world.DimensionStructuresSettingsAccessor
[13Jun2025 00:33:02.518] [main/DEBUG] [net.minecraftforge.coremod.transformer.CoreModBaseTransformer/COREMOD]: Transforming func_92089_a with desc (Lnet/minecraft/item/ItemStack;)Z
[13Jun2025 00:33:02.520] [main/DEBUG] [mixin/]: Mixing UnbreakingEnchantmentMixin from mixins.artifacts.json into net.minecraft.enchantment.UnbreakingEnchantment
[13Jun2025 00:33:02.698] [main/DEBUG] [net.minecraftforge.coremod.transformer.CoreModBaseTransformer/COREMOD]: Transforming net/minecraft/item/BucketItem
[13Jun2025 00:33:02.731] [main/DEBUG] [net.minecraftforge.coremod.transformer.CoreModBaseTransformer/COREMOD]: Transforming net/minecraft/item/FishBucketItem
[13Jun2025 00:33:02.787] [main/DEBUG] [mixin/]: Mixing PotionItemMixin from tombstone.mixins.json into net.minecraft.item.PotionItem
[13Jun2025 00:33:02.791] [main/DEBUG] [mixin/]: Renaming synthetic method lambda$effectList$0(Lnet/minecraft/potion/EffectInstance;)Ljava/lang/Integer; to md8224b4$lambda$effectList$0$0 in tombstone.mixins.json:PotionItemMixin
[13Jun2025 00:33:02.802] [main/DEBUG] [mixin/]: Mixing items.GlassBottleUseMixin from the_bumblezone.mixins.json into net.minecraft.item.GlassBottleItem
[13Jun2025 00:33:02.815] [main/DEBUG] [mixin/]: Mixing SpawnEggItemMixin from goblintraders.mixins.json into net.minecraft.item.SpawnEggItem
[13Jun2025 00:33:02.821] [main/DEBUG] [mixin/]: Renaming @Accessor method getEggMap()Ljava/util/Map; to getEggMap_$md$8224b4$0 in goblintraders.mixins.json:SpawnEggItemMixin
[13Jun2025 00:33:02.902] [main/DEBUG] [net.minecraftforge.coremod.transformer.CoreModBaseTransformer/COREMOD]: Transforming func_220013_l with desc (Lnet/minecraft/item/ItemStack;)F
[13Jun2025 00:33:02.924] [main/DEBUG] [mixin/]: Mixing access.ColorAccess from enhancedcelestials.mixins.json into net.minecraft.util.text.Color
[13Jun2025 00:33:02.924] [main/DEBUG] [mixin/]: Renaming @Invoker method create(I)Lnet/minecraft/util/text/Color; to create_$md$8224b4$0 in enhancedcelestials.mixins.json:access.ColorAccess
[13Jun2025 00:33:03.000] [main/DEBUG] [net.minecraftforge.coremod.transformer.CoreModBaseTransformer/COREMOD]: Transforming net/minecraft/potion/EffectInstance
[13Jun2025 00:33:03.005] [main/DEBUG] [mixin/]: Mixing access.EffectInstanceAccess from enhancedcelestials.mixins.json into net.minecraft.potion.EffectInstance
[13Jun2025 00:33:03.043] [main/DEBUG] [net.minecraftforge.coremod.transformer.CoreModBaseTransformer/COREMOD]: Transforming func_234600_a_ with desc (Lnet/minecraft/entity/player/PlayerEntity;)Z
[13Jun2025 00:33:03.047] [main/DEBUG] [mixin/]: Mixing entities.FishingBobberEntityMixin from the_bumblezone.mixins.json into net.minecraft.entity.projectile.FishingBobberEntity
[13Jun2025 00:33:03.126] [main/DEBUG] [mixin/]: Mixing MixinCraftingResultSlot from antiqueatlas-common.mixins.json into net.minecraft.inventory.container.CraftingResultSlot
[13Jun2025 00:33:03.141] [main/DEBUG] [mixin/]: Mixing MerchantResultSlotMixin from goblintraders.mixins.json into net.minecraft.inventory.container.MerchantResultSlot
[13Jun2025 00:33:03.155] [main/DEBUG] [net.minecraftforge.coremod.transformer.CoreModBaseTransformer/COREMOD]: Transforming func_75214_a with desc (Lnet/minecraft/item/ItemStack;)Z
[13Jun2025 00:33:03.160] [main/DEBUG] [mixin/]: Mixing prod.MixinCartographyTableScreenHandlerSlot from antiqueatlas-common.mixins.json into net.minecraft.inventory.container.CartographyContainer$4
[13Jun2025 00:33:03.162] [main/DEBUG] [mixin/]: Mixing prod.MixinCartographyTableScreenHandlerResultSlot from antiqueatlas-common.mixins.json into net.minecraft.inventory.container.CartographyContainer$5
[13Jun2025 00:33:03.267] [main/DEBUG] [mixin/]: Mixing MixinPiglinMobsSensor from relics.mixins.json into net.minecraft.entity.ai.brain.sensor.PiglinMobsSensor
[13Jun2025 00:33:03.869] [main/DEBUG] [mixin/]: Mixing entities.MinecraftServerMixin from the_bumblezone.mixins.json into net.minecraft.server.MinecraftServer
[13Jun2025 00:33:03.871] [main/DEBUG] [mixin/]: Renaming synthetic method lambda$thebumblezone_modifyBiomeRegistry$0(Ljava/util/Map$Entry;)Z to md8224b4$lambda$thebumblezone_modifyBiomeRegistry$0$0 in the_bumblezone.mixins.json:entities.MinecraftServerMixin
[13Jun2025 00:33:03.996] [main/DEBUG] [net.minecraftforge.fml.ForgeI18n/CORE]: Loading I18N data entries: 4980
[13Jun2025 00:33:04.186] [main/DEBUG] [net.minecraftforge.fml.ModLoader/CORE]: Loading Network data for FML net version: FML2
[13Jun2025 00:33:04.195] [main/DEBUG] [net.minecraftforge.fml.ModWorkManager/LOADING]: Using 4 threads for parallel mod-loading
[13Jun2025 00:33:04.250] [main/DEBUG] [net.minecraftforge.fml.javafmlmod.FMLJavaModLanguageProvider/LOADING]: Loading FMLModContainer from classloader cpw.mods.modlauncher.TransformingClassLoader@5ceecfee - got cpw.mods.modlauncher.TransformingClassLoader@5ceecfee
[13Jun2025 00:33:04.250] [main/DEBUG] [net.minecraftforge.fml.javafmlmod.FMLModContainer/LOADING]: Creating FMLModContainer instance for info.u_team.useful_backpacks.UsefulBackpacksMod with classLoader cpw.mods.modlauncher.TransformingClassLoader@5ceecfee & cpw.mods.modlauncher.TransformingClassLoader@5ceecfee
[13Jun2025 00:33:04.254] [main/DEBUG] [net.minecraftforge.fml.javafmlmod.FMLJavaModLanguageProvider/LOADING]: Loading FMLModContainer from classloader cpw.mods.modlauncher.TransformingClassLoader@5ceecfee - got cpw.mods.modlauncher.TransformingClassLoader@5ceecfee
[13Jun2025 00:33:04.254] [main/DEBUG] [net.minecraftforge.fml.javafmlmod.FMLModContainer/LOADING]: Creating FMLModContainer instance for com.bobmowzie.mowziesmobs.MowziesMobs with classLoader cpw.mods.modlauncher.TransformingClassLoader@5ceecfee & cpw.mods.modlauncher.TransformingClassLoader@5ceecfee
[13Jun2025 00:33:04.256] [main/DEBUG] [net.minecraftforge.fml.javafmlmod.FMLJavaModLanguageProvider/LOADING]: Loading FMLModContainer from classloader cpw.mods.modlauncher.TransformingClassLoader@5ceecfee - got cpw.mods.modlauncher.TransformingClassLoader@5ceecfee
[13Jun2025 00:33:04.256] [main/DEBUG] [net.minecraftforge.fml.javafmlmod.FMLModContainer/LOADING]: Creating FMLModContainer instance for snownee.jade.Jade with classLoader cpw.mods.modlauncher.TransformingClassLoader@5ceecfee & cpw.mods.modlauncher.TransformingClassLoader@5ceecfee
[13Jun2025 00:33:04.257] [main/DEBUG] [net.minecraftforge.fml.javafmlmod.FMLJavaModLanguageProvider/LOADING]: Loading FMLModContainer from classloader cpw.mods.modlauncher.TransformingClassLoader@5ceecfee - got cpw.mods.modlauncher.TransformingClassLoader@5ceecfee
[13Jun2025 00:33:04.257] [main/DEBUG] [net.minecraftforge.fml.javafmlmod.FMLModContainer/LOADING]: Creating FMLModContainer instance for mcp.mobius.waila.Waila with classLoader cpw.mods.modlauncher.TransformingClassLoader@5ceecfee & cpw.mods.modlauncher.TransformingClassLoader@5ceecfee
[13Jun2025 00:33:04.264] [main/DEBUG] [net.minecraftforge.fml.javafmlmod.FMLJavaModLanguageProvider/LOADING]: Loading FMLModContainer from classloader cpw.mods.modlauncher.TransformingClassLoader@5ceecfee - got cpw.mods.modlauncher.TransformingClassLoader@5ceecfee
[13Jun2025 00:33:04.264] [main/DEBUG] [net.minecraftforge.fml.javafmlmod.FMLModContainer/LOADING]: Creating FMLModContainer instance for com.teamremastered.endrem.EndRemastered with classLoader cpw.mods.modlauncher.TransformingClassLoader@5ceecfee & cpw.mods.modlauncher.TransformingClassLoader@5ceecfee
[13Jun2025 00:33:04.266] [main/DEBUG] [net.minecraftforge.fml.javafmlmod.FMLJavaModLanguageProvider/LOADING]: Loading FMLModContainer from classloader cpw.mods.modlauncher.TransformingClassLoader@5ceecfee - got cpw.mods.modlauncher.TransformingClassLoader@5ceecfee
[13Jun2025 00:33:04.266] [main/DEBUG] [net.minecraftforge.fml.javafmlmod.FMLModContainer/LOADING]: Creating FMLModContainer instance for mezz.jei.JustEnoughItems with classLoader cpw.mods.modlauncher.TransformingClassLoader@5ceecfee & cpw.mods.modlauncher.TransformingClassLoader@5ceecfee
[13Jun2025 00:33:04.268] [main/DEBUG] [net.minecraftforge.fml.javafmlmod.FMLJavaModLanguageProvider/LOADING]: Loading FMLModContainer from classloader cpw.mods.modlauncher.TransformingClassLoader@5ceecfee - got cpw.mods.modlauncher.TransformingClassLoader@5ceecfee
[13Jun2025 00:33:04.268] [main/DEBUG] [net.minecraftforge.fml.javafmlmod.FMLModContainer/LOADING]: Creating FMLModContainer instance for enemeez.simplefarming.SimpleFarming with classLoader cpw.mods.modlauncher.TransformingClassLoader@5ceecfee & cpw.mods.modlauncher.TransformingClassLoader@5ceecfee
[13Jun2025 00:33:04.272] [main/DEBUG] [net.minecraftforge.fml.javafmlmod.FMLJavaModLanguageProvider/LOADING]: Loading FMLModContainer from classloader cpw.mods.modlauncher.TransformingClassLoader@5ceecfee - got cpw.mods.modlauncher.TransformingClassLoader@5ceecfee
[13Jun2025 00:33:04.272] [main/DEBUG] [net.minecraftforge.fml.javafmlmod.FMLModContainer/LOADING]: Creating FMLModContainer instance for com.mrcrayfish.goblintraders.GoblinTraders with classLoader cpw.mods.modlauncher.TransformingClassLoader@5ceecfee & cpw.mods.modlauncher.TransformingClassLoader@5ceecfee
[13Jun2025 00:33:04.274] [main/DEBUG] [net.minecraftforge.fml.javafmlmod.FMLJavaModLanguageProvider/LOADING]: Loading FMLModContainer from classloader cpw.mods.modlauncher.TransformingClassLoader@5ceecfee - got cpw.mods.modlauncher.TransformingClassLoader@5ceecfee
[13Jun2025 00:33:04.274] [main/DEBUG] [net.minecraftforge.fml.javafmlmod.FMLModContainer/LOADING]: Creating FMLModContainer instance for L_Ender.cataclysm.cataclysm with classLoader cpw.mods.modlauncher.TransformingClassLoader@5ceecfee & cpw.mods.modlauncher.TransformingClassLoader@5ceecfee
[13Jun2025 00:33:04.278] [main/DEBUG] [net.minecraftforge.fml.javafmlmod.FMLJavaModLanguageProvider/LOADING]: Loading FMLModContainer from classloader cpw.mods.modlauncher.TransformingClassLoader@5ceecfee - got cpw.mods.modlauncher.TransformingClassLoader@5ceecfee
[13Jun2025 00:33:04.278] [main/DEBUG] [net.minecraftforge.fml.javafmlmod.FMLModContainer/LOADING]: Creating FMLModContainer instance for top.theillusivec4.curios.Curios with classLoader cpw.mods.modlauncher.TransformingClassLoader@5ceecfee & cpw.mods.modlauncher.TransformingClassLoader@5ceecfee
[13Jun2025 00:33:04.282] [main/DEBUG] [net.minecraftforge.fml.javafmlmod.FMLJavaModLanguageProvider/LOADING]: Loading FMLModContainer from classloader cpw.mods.modlauncher.TransformingClassLoader@5ceecfee - got cpw.mods.modlauncher.TransformingClassLoader@5ceecfee
[13Jun2025 00:33:04.282] [main/DEBUG] [net.minecraftforge.fml.javafmlmod.FMLModContainer/LOADING]: Creating FMLModContainer instance for net.blay09.mods.waystones.Waystones with classLoader cpw.mods.modlauncher.TransformingClassLoader@5ceecfee & cpw.mods.modlauncher.TransformingClassLoader@5ceecfee
[13Jun2025 00:33:04.286] [main/DEBUG] [net.minecraftforge.fml.javafmlmod.FMLJavaModLanguageProvider/LOADING]: Loading FMLModContainer from classloader cpw.mods.modlauncher.TransformingClassLoader@5ceecfee - got cpw.mods.modlauncher.TransformingClassLoader@5ceecfee
[13Jun2025 00:33:04.286] [main/DEBUG] [net.minecraftforge.fml.javafmlmod.FMLModContainer/LOADING]: Creating FMLModContainer instance for com.github.alexthe666.citadel.Citadel with classLoader cpw.mods.modlauncher.TransformingClassLoader@5ceecfee & cpw.mods.modlauncher.TransformingClassLoader@5ceecfee
[13Jun2025 00:33:04.294] [main/INFO] [net.minecraftforge.registries.GameData/]: Potentially Dangerous alternative prefix `citadel` for name `debug`, expected `minecraft`. This could be a intended override, but in most cases indicates a broken mod.
[13Jun2025 00:33:04.299] [main/INFO] [net.minecraftforge.registries.GameData/]: Potentially Dangerous alternative prefix `citadel` for name `citadel_book`, expected `minecraft`. This could be a intended override, but in most cases indicates a broken mod.
[13Jun2025 00:33:04.302] [main/INFO] [net.minecraftforge.registries.GameData/]: Potentially Dangerous alternative prefix `citadel` for name `effect_item`, expected `minecraft`. This could be a intended override, but in most cases indicates a broken mod.
[13Jun2025 00:33:04.302] [main/INFO] [net.minecraftforge.registries.GameData/]: Potentially Dangerous alternative prefix `citadel` for name `fancy_item`, expected `minecraft`. This could be a intended override, but in most cases indicates a broken mod.
[13Jun2025 00:33:04.303] [main/DEBUG] [net.minecraftforge.fml.javafmlmod.FMLJavaModLanguageProvider/LOADING]: Loading FMLModContainer from classloader cpw.mods.modlauncher.TransformingClassLoader@5ceecfee - got cpw.mods.modlauncher.TransformingClassLoader@5ceecfee
[13Jun2025 00:33:04.303] [main/DEBUG] [net.minecraftforge.fml.javafmlmod.FMLModContainer/LOADING]: Creating FMLModContainer instance for com.jaquadro.minecraft.storagedrawers.StorageDrawers with classLoader cpw.mods.modlauncher.TransformingClassLoader@5ceecfee & cpw.mods.modlauncher.TransformingClassLoader@5ceecfee
[13Jun2025 00:33:04.339] [main/DEBUG] [net.minecraftforge.fml.javafmlmod.FMLJavaModLanguageProvider/LOADING]: Loading FMLModContainer from classloader cpw.mods.modlauncher.TransformingClassLoader@5ceecfee - got cpw.mods.modlauncher.TransformingClassLoader@5ceecfee
[13Jun2025 00:33:04.340] [main/DEBUG] [net.minecraftforge.fml.javafmlmod.FMLModContainer/LOADING]: Creating FMLModContainer instance for artifacts.Artifacts with classLoader cpw.mods.modlauncher.TransformingClassLoader@5ceecfee & cpw.mods.modlauncher.TransformingClassLoader@5ceecfee
[13Jun2025 00:33:04.344] [main/DEBUG] [net.minecraftforge.fml.javafmlmod.FMLJavaModLanguageProvider/LOADING]: Loading FMLModContainer from classloader cpw.mods.modlauncher.TransformingClassLoader@5ceecfee - got cpw.mods.modlauncher.TransformingClassLoader@5ceecfee
[13Jun2025 00:33:04.344] [main/DEBUG] [net.minecraftforge.fml.javafmlmod.FMLModContainer/LOADING]: Creating FMLModContainer instance for com.mrcrayfish.configured.Configured with classLoader cpw.mods.modlauncher.TransformingClassLoader@5ceecfee & cpw.mods.modlauncher.TransformingClassLoader@5ceecfee
[13Jun2025 00:33:04.345] [main/DEBUG] [net.minecraftforge.fml.javafmlmod.FMLJavaModLanguageProvider/LOADING]: Loading FMLModContainer from classloader cpw.mods.modlauncher.TransformingClassLoader@5ceecfee - got cpw.mods.modlauncher.TransformingClassLoader@5ceecfee
[13Jun2025 00:33:04.347] [main/DEBUG] [net.minecraftforge.fml.javafmlmod.FMLModContainer/LOADING]: Creating FMLModContainer instance for xyz.vsngamer.elevatorid.ElevatorMod with classLoader cpw.mods.modlauncher.TransformingClassLoader@5ceecfee & cpw.mods.modlauncher.TransformingClassLoader@5ceecfee
[13Jun2025 00:33:04.349] [main/DEBUG] [net.minecraftforge.fml.javafmlmod.FMLJavaModLanguageProvider/LOADING]: Loading FMLModContainer from classloader cpw.mods.modlauncher.TransformingClassLoader@5ceecfee - got cpw.mods.modlauncher.TransformingClassLoader@5ceecfee
[13Jun2025 00:33:04.350] [main/DEBUG] [net.minecraftforge.fml.javafmlmod.FMLModContainer/LOADING]: Creating FMLModContainer instance for ovh.corail.tombstone.ModTombstone with classLoader cpw.mods.modlauncher.TransformingClassLoader@5ceecfee & cpw.mods.modlauncher.TransformingClassLoader@5ceecfee
[13Jun2025 00:33:04.368] [main/DEBUG] [net.minecraftforge.fml.javafmlmod.FMLJavaModLanguageProvider/LOADING]: Loading FMLModContainer from classloader cpw.mods.modlauncher.TransformingClassLoader@5ceecfee - got cpw.mods.modlauncher.TransformingClassLoader@5ceecfee
[13Jun2025 00:33:04.368] [main/DEBUG] [net.minecraftforge.fml.javafmlmod.FMLModContainer/LOADING]: Creating FMLModContainer instance for xiroc.dungeoncrawl.DungeonCrawl with classLoader cpw.mods.modlauncher.TransformingClassLoader@5ceecfee & cpw.mods.modlauncher.TransformingClassLoader@5ceecfee
[13Jun2025 00:33:04.371] [main/DEBUG] [net.minecraftforge.fml.javafmlmod.FMLJavaModLanguageProvider/LOADING]: Loading FMLModContainer from classloader cpw.mods.modlauncher.TransformingClassLoader@5ceecfee - got cpw.mods.modlauncher.TransformingClassLoader@5ceecfee
[13Jun2025 00:33:04.371] [main/DEBUG] [net.minecraftforge.fml.javafmlmod.FMLModContainer/LOADING]: Creating FMLModContainer instance for net.p3pp3rf1y.sophisticatedbackpacks.SophisticatedBackpacks with classLoader cpw.mods.modlauncher.TransformingClassLoader@5ceecfee & cpw.mods.modlauncher.TransformingClassLoader@5ceecfee
[13Jun2025 00:33:04.384] [main/DEBUG] [mixin/]: Mixing access.JsonReloadListenerAccess from enhancedcelestials.mixins.json into net.minecraft.client.resources.JsonReloadListener
[13Jun2025 00:33:04.491] [main/DEBUG] [net.minecraftforge.fml.javafmlmod.FMLJavaModLanguageProvider/LOADING]: Loading FMLModContainer from classloader cpw.mods.modlauncher.TransformingClassLoader@5ceecfee - got cpw.mods.modlauncher.TransformingClassLoader@5ceecfee
[13Jun2025 00:33:04.491] [main/DEBUG] [net.minecraftforge.fml.javafmlmod.FMLModContainer/LOADING]: Creating FMLModContainer instance for info.u_team.u_team_core.UCoreMod with classLoader cpw.mods.modlauncher.TransformingClassLoader@5ceecfee & cpw.mods.modlauncher.TransformingClassLoader@5ceecfee
[13Jun2025 00:33:04.495] [main/DEBUG] [net.minecraftforge.fml.javafmlmod.FMLJavaModLanguageProvider/LOADING]: Loading FMLModContainer from classloader cpw.mods.modlauncher.TransformingClassLoader@5ceecfee - got cpw.mods.modlauncher.TransformingClassLoader@5ceecfee
[13Jun2025 00:33:04.495] [main/DEBUG] [net.minecraftforge.fml.javafmlmod.FMLModContainer/LOADING]: Creating FMLModContainer instance for com.oblivioussp.spartanweaponry.ModSpartanWeaponry with classLoader cpw.mods.modlauncher.TransformingClassLoader@5ceecfee & cpw.mods.modlauncher.TransformingClassLoader@5ceecfee
[13Jun2025 00:33:04.496] [main/DEBUG] [net.minecraftforge.fml.javafmlmod.FMLJavaModLanguageProvider/LOADING]: Loading FMLModContainer from classloader cpw.mods.modlauncher.TransformingClassLoader@5ceecfee - got cpw.mods.modlauncher.TransformingClassLoader@5ceecfee
[13Jun2025 00:33:04.496] [main/DEBUG] [net.minecraftforge.fml.javafmlmod.FMLModContainer/LOADING]: Creating FMLModContainer instance for it.hurts.sskirillss.relics.Relics with classLoader cpw.mods.modlauncher.TransformingClassLoader@5ceecfee & cpw.mods.modlauncher.TransformingClassLoader@5ceecfee
[13Jun2025 00:33:04.497] [main/DEBUG] [net.minecraftforge.fml.javafmlmod.FMLJavaModLanguageProvider/LOADING]: Loading FMLModContainer from classloader cpw.mods.modlauncher.TransformingClassLoader@5ceecfee - got cpw.mods.modlauncher.TransformingClassLoader@5ceecfee
[13Jun2025 00:33:04.497] [main/DEBUG] [net.minecraftforge.fml.javafmlmod.FMLModContainer/LOADING]: Creating FMLModContainer instance for me.shedaniel.architectury.forge.ArchitecturyForge with classLoader cpw.mods.modlauncher.TransformingClassLoader@5ceecfee & cpw.mods.modlauncher.TransformingClassLoader@5ceecfee
[13Jun2025 00:33:04.498] [main/DEBUG] [net.minecraftforge.fml.javafmlmod.FMLJavaModLanguageProvider/LOADING]: Loading FMLModContainer from classloader cpw.mods.modlauncher.TransformingClassLoader@5ceecfee - got cpw.mods.modlauncher.TransformingClassLoader@5ceecfee
[13Jun2025 00:33:04.498] [main/DEBUG] [net.minecraftforge.fml.javafmlmod.FMLModContainer/LOADING]: Creating FMLModContainer instance for com.mrcrayfish.catalogue.Catalogue with classLoader cpw.mods.modlauncher.TransformingClassLoader@5ceecfee & cpw.mods.modlauncher.TransformingClassLoader@5ceecfee
[13Jun2025 00:33:04.505] [main/DEBUG] [net.minecraftforge.fml.javafmlmod.FMLJavaModLanguageProvider/LOADING]: Loading FMLModContainer from classloader cpw.mods.modlauncher.TransformingClassLoader@5ceecfee - got cpw.mods.modlauncher.TransformingClassLoader@5ceecfee
[13Jun2025 00:33:04.505] [main/DEBUG] [net.minecraftforge.fml.javafmlmod.FMLModContainer/LOADING]: Creating FMLModContainer instance for genandnic.walljump.WallJump with classLoader cpw.mods.modlauncher.TransformingClassLoader@5ceecfee & cpw.mods.modlauncher.TransformingClassLoader@5ceecfee
[13Jun2025 00:33:04.508] [main/INFO] [net.minecraftforge.registries.GameData/]: Potentially Dangerous alternative prefix `walljump` for name `walljump`, expected `minecraft`. This could be a intended override, but in most cases indicates a broken mod.
[13Jun2025 00:33:04.509] [main/INFO] [net.minecraftforge.registries.GameData/]: Potentially Dangerous alternative prefix `walljump` for name `doublejump`, expected `minecraft`. This could be a intended override, but in most cases indicates a broken mod.
[13Jun2025 00:33:04.509] [main/INFO] [net.minecraftforge.registries.GameData/]: Potentially Dangerous alternative prefix `walljump` for name `speedboost`, expected `minecraft`. This could be a intended override, but in most cases indicates a broken mod.
[13Jun2025 00:33:04.509] [main/DEBUG] [net.minecraftforge.fml.javafmlmod.FMLJavaModLanguageProvider/LOADING]: Loading FMLModContainer from classloader cpw.mods.modlauncher.TransformingClassLoader@5ceecfee - got cpw.mods.modlauncher.TransformingClassLoader@5ceecfee
[13Jun2025 00:33:04.509] [main/DEBUG] [net.minecraftforge.fml.javafmlmod.FMLModContainer/LOADING]: Creating FMLModContainer instance for me.shedaniel.clothconfig.ClothConfigForge with classLoader cpw.mods.modlauncher.TransformingClassLoader@5ceecfee & cpw.mods.modlauncher.TransformingClassLoader@5ceecfee
[13Jun2025 00:33:04.518] [main/DEBUG] [net.minecraftforge.fml.javafmlmod.FMLJavaModLanguageProvider/LOADING]: Loading FMLModContainer from classloader cpw.mods.modlauncher.TransformingClassLoader@5ceecfee - got cpw.mods.modlauncher.TransformingClassLoader@5ceecfee
[13Jun2025 00:33:04.518] [main/DEBUG] [net.minecraftforge.fml.javafmlmod.FMLModContainer/LOADING]: Creating FMLModContainer instance for jackiecrazy.footwork.Footwork with classLoader cpw.mods.modlauncher.TransformingClassLoader@5ceecfee & cpw.mods.modlauncher.TransformingClassLoader@5ceecfee
[13Jun2025 00:33:04.519] [main/DEBUG] [net.minecraftforge.fml.javafmlmod.FMLJavaModLanguageProvider/LOADING]: Loading FMLModContainer from classloader cpw.mods.modlauncher.TransformingClassLoader@5ceecfee - got cpw.mods.modlauncher.TransformingClassLoader@5ceecfee
[13Jun2025 00:33:04.519] [main/DEBUG] [net.minecraftforge.fml.javafmlmod.FMLModContainer/LOADING]: Creating FMLModContainer instance for corgitaco.enhancedcelestials.Main with classLoader cpw.mods.modlauncher.TransformingClassLoader@5ceecfee & cpw.mods.modlauncher.TransformingClassLoader@5ceecfee
[13Jun2025 00:33:04.523] [main/DEBUG] [net.minecraftforge.fml.javafmlmod.FMLJavaModLanguageProvider/LOADING]: Loading FMLModContainer from classloader cpw.mods.modlauncher.TransformingClassLoader@5ceecfee - got cpw.mods.modlauncher.TransformingClassLoader@5ceecfee
[13Jun2025 00:33:04.523] [main/DEBUG] [net.minecraftforge.fml.javafmlmod.FMLModContainer/LOADING]: Creating FMLModContainer instance for tschipp.carryon.CarryOn with classLoader cpw.mods.modlauncher.TransformingClassLoader@5ceecfee & cpw.mods.modlauncher.TransformingClassLoader@5ceecfee
[13Jun2025 00:33:04.525] [main/DEBUG] [net.minecraftforge.fml.javafmlmod.FMLJavaModLanguageProvider/LOADING]: Loading FMLModContainer from classloader cpw.mods.modlauncher.TransformingClassLoader@5ceecfee - got cpw.mods.modlauncher.TransformingClassLoader@5ceecfee
[13Jun2025 00:33:04.526] [main/DEBUG] [net.minecraftforge.fml.javafmlmod.FMLModContainer/LOADING]: Creating FMLModContainer instance for com.telepathicgrunt.the_bumblezone.Bumblezone with classLoader cpw.mods.modlauncher.TransformingClassLoader@5ceecfee & cpw.mods.modlauncher.TransformingClassLoader@5ceecfee
[13Jun2025 00:33:04.528] [main/DEBUG] [net.minecraftforge.fml.javafmlmod.FMLJavaModLanguageProvider/LOADING]: Loading FMLModContainer from classloader cpw.mods.modlauncher.TransformingClassLoader@5ceecfee - got cpw.mods.modlauncher.TransformingClassLoader@5ceecfee
[13Jun2025 00:33:04.528] [main/DEBUG] [net.minecraftforge.fml.javafmlmod.FMLModContainer/LOADING]: Creating FMLModContainer instance for com.coldspell.coldsgrappler.ColdsGrappler with classLoader cpw.mods.modlauncher.TransformingClassLoader@5ceecfee & cpw.mods.modlauncher.TransformingClassLoader@5ceecfee
[13Jun2025 00:33:04.529] [main/DEBUG] [net.minecraftforge.fml.javafmlmod.FMLJavaModLanguageProvider/LOADING]: Loading FMLModContainer from classloader cpw.mods.modlauncher.TransformingClassLoader@5ceecfee - got cpw.mods.modlauncher.TransformingClassLoader@5ceecfee
[13Jun2025 00:33:04.529] [main/DEBUG] [net.minecraftforge.fml.javafmlmod.FMLModContainer/LOADING]: Creating FMLModContainer instance for tictim.paraglider.ParagliderMod with classLoader cpw.mods.modlauncher.TransformingClassLoader@5ceecfee & cpw.mods.modlauncher.TransformingClassLoader@5ceecfee
[13Jun2025 00:33:04.533] [main/DEBUG] [net.minecraftforge.fml.javafmlmod.FMLJavaModLanguageProvider/LOADING]: Loading FMLModContainer from classloader cpw.mods.modlauncher.TransformingClassLoader@5ceecfee - got cpw.mods.modlauncher.TransformingClassLoader@5ceecfee
[13Jun2025 00:33:04.533] [main/DEBUG] [net.minecraftforge.fml.javafmlmod.FMLModContainer/LOADING]: Creating FMLModContainer instance for net.minecraftforge.common.ForgeMod with classLoader cpw.mods.modlauncher.TransformingClassLoader@5ceecfee & cpw.mods.modlauncher.TransformingClassLoader@5ceecfee
[13Jun2025 00:33:04.544] [main/DEBUG] [net.minecraftforge.fml.javafmlmod.FMLJavaModLanguageProvider/LOADING]: Loading FMLModContainer from classloader cpw.mods.modlauncher.TransformingClassLoader@5ceecfee - got cpw.mods.modlauncher.TransformingClassLoader@5ceecfee
[13Jun2025 00:33:04.545] [main/DEBUG] [net.minecraftforge.fml.javafmlmod.FMLModContainer/LOADING]: Creating FMLModContainer instance for cofh.core.CoFHCore with classLoader cpw.mods.modlauncher.TransformingClassLoader@5ceecfee & cpw.mods.modlauncher.TransformingClassLoader@5ceecfee
[13Jun2025 00:33:04.607] [main/DEBUG] [net.minecraftforge.fml.javafmlmod.FMLJavaModLanguageProvider/LOADING]: Loading FMLModContainer from classloader cpw.mods.modlauncher.TransformingClassLoader@5ceecfee - got cpw.mods.modlauncher.TransformingClassLoader@5ceecfee
[13Jun2025 00:33:04.607] [main/DEBUG] [net.minecraftforge.fml.javafmlmod.FMLModContainer/LOADING]: Creating FMLModContainer instance for cofh.archersparadox.ArchersParadox with classLoader cpw.mods.modlauncher.TransformingClassLoader@5ceecfee & cpw.mods.modlauncher.TransformingClassLoader@5ceecfee
[13Jun2025 00:33:04.611] [main/DEBUG] [net.minecraftforge.fml.javafmlmod.FMLJavaModLanguageProvider/LOADING]: Loading FMLModContainer from classloader cpw.mods.modlauncher.TransformingClassLoader@5ceecfee - got cpw.mods.modlauncher.TransformingClassLoader@5ceecfee
[13Jun2025 00:33:04.611] [main/DEBUG] [net.minecraftforge.fml.javafmlmod.FMLModContainer/LOADING]: Creating FMLModContainer instance for com.teammetallurgy.aquaculture.Aquaculture with classLoader cpw.mods.modlauncher.TransformingClassLoader@5ceecfee & cpw.mods.modlauncher.TransformingClassLoader@5ceecfee
[13Jun2025 00:33:04.618] [main/DEBUG] [net.minecraftforge.fml.javafmlmod.FMLJavaModLanguageProvider/LOADING]: Loading FMLModContainer from classloader cpw.mods.modlauncher.TransformingClassLoader@5ceecfee - got cpw.mods.modlauncher.TransformingClassLoader@5ceecfee
[13Jun2025 00:33:04.618] [main/DEBUG] [net.minecraftforge.fml.javafmlmod.FMLModContainer/LOADING]: Creating FMLModContainer instance for be.florens.expandability.forge.ExpandAbilityForge with classLoader cpw.mods.modlauncher.TransformingClassLoader@5ceecfee & cpw.mods.modlauncher.TransformingClassLoader@5ceecfee
[13Jun2025 00:33:04.619] [main/DEBUG] [net.minecraftforge.fml.javafmlmod.FMLJavaModLanguageProvider/LOADING]: Loading FMLModContainer from classloader cpw.mods.modlauncher.TransformingClassLoader@5ceecfee - got cpw.mods.modlauncher.TransformingClassLoader@5ceecfee
[13Jun2025 00:33:04.619] [main/DEBUG] [net.minecraftforge.fml.javafmlmod.FMLModContainer/LOADING]: Creating FMLModContainer instance for software.bernie.example.GeckoLibMod with classLoader cpw.mods.modlauncher.TransformingClassLoader@5ceecfee & cpw.mods.modlauncher.TransformingClassLoader@5ceecfee
[13Jun2025 00:33:04.621] [main/DEBUG] [net.minecraftforge.fml.javafmlmod.FMLJavaModLanguageProvider/LOADING]: Loading FMLModContainer from classloader cpw.mods.modlauncher.TransformingClassLoader@5ceecfee - got cpw.mods.modlauncher.TransformingClassLoader@5ceecfee
[13Jun2025 00:33:04.621] [main/DEBUG] [net.minecraftforge.fml.javafmlmod.FMLModContainer/LOADING]: Creating FMLModContainer instance for com.progwml6.ironchest.IronChests with classLoader cpw.mods.modlauncher.TransformingClassLoader@5ceecfee & cpw.mods.modlauncher.TransformingClassLoader@5ceecfee
[13Jun2025 00:33:04.624] [main/DEBUG] [net.minecraftforge.fml.javafmlmod.FMLJavaModLanguageProvider/LOADING]: Loading FMLModContainer from classloader cpw.mods.modlauncher.TransformingClassLoader@5ceecfee - got cpw.mods.modlauncher.TransformingClassLoader@5ceecfee
[13Jun2025 00:33:04.624] [main/DEBUG] [net.minecraftforge.fml.javafmlmod.FMLModContainer/LOADING]: Creating FMLModContainer instance for hunternif.mc.impl.atlas.forge.AntiqueAtlasModForge with classLoader cpw.mods.modlauncher.TransformingClassLoader@5ceecfee & cpw.mods.modlauncher.TransformingClassLoader@5ceecfee
[13Jun2025 00:33:04.625] [main/DEBUG] [net.minecraftforge.fml.javafmlmod.FMLJavaModLanguageProvider/LOADING]: Loading FMLModContainer from classloader cpw.mods.modlauncher.TransformingClassLoader@5ceecfee - got cpw.mods.modlauncher.TransformingClassLoader@5ceecfee
[13Jun2025 00:33:04.625] [main/DEBUG] [net.minecraftforge.fml.javafmlmod.FMLModContainer/LOADING]: Creating FMLModContainer instance for net.aurelj.dungeons_arise.DungeonsAriseMain with classLoader cpw.mods.modlauncher.TransformingClassLoader@5ceecfee & cpw.mods.modlauncher.TransformingClassLoader@5ceecfee
[13Jun2025 00:33:04.628] [main/DEBUG] [net.minecraftforge.fml.javafmlmod.FMLJavaModLanguageProvider/LOADING]: Loading FMLModContainer from classloader cpw.mods.modlauncher.TransformingClassLoader@5ceecfee - got cpw.mods.modlauncher.TransformingClassLoader@5ceecfee
[13Jun2025 00:33:04.628] [main/DEBUG] [net.minecraftforge.fml.javafmlmod.FMLModContainer/LOADING]: Creating FMLModContainer instance for com.baranhan123.anointeditems.Main with classLoader cpw.mods.modlauncher.TransformingClassLoader@5ceecfee & cpw.mods.modlauncher.TransformingClassLoader@5ceecfee
[13Jun2025 00:33:04.697] [modloading-worker-0/DEBUG] [net.minecraftforge.fml.config.ConfigTracker/CONFIG]: Config file jade-common.toml for jade tracking
[13Jun2025 00:33:04.731] [modloading-worker-1/DEBUG] [JarSignVerifier/]: Took 81.91 ms to check if mod usefulbackpacks is signed.
[13Jun2025 00:33:04.731] [modloading-worker-1/INFO] [JarSignVerifier/]: Mod usefulbackpacks is signed with a valid certificate.
[13Jun2025 00:33:04.760] [modloading-worker-1/DEBUG] [AnnotationManager/Construct]: Load construct (info.u_team.useful_backpacks.init.UsefulBackpacksCommonConstruct) for mod usefulbackpacks
[13Jun2025 00:33:04.765] [modloading-worker-0/DEBUG] [net.minecraftforge.fml.AutomaticEventSubscriber/LOADING]: Attempting to inject @EventBusSubscriber classes into the eventbus for jade
[13Jun2025 00:33:04.774] [modloading-worker-2/DEBUG] [net.minecraftforge.fml.AutomaticEventSubscriber/LOADING]: Attempting to inject @EventBusSubscriber classes into the eventbus for waila
[13Jun2025 00:33:04.782] [modloading-worker-1/DEBUG] [net.minecraftforge.fml.config.ConfigTracker/CONFIG]: Config file usefulbackpacks-common.toml for usefulbackpacks tracking
[13Jun2025 00:33:04.786] [modloading-worker-1/DEBUG] [net.minecraftforge.fml.config.ConfigTracker/CONFIG]: Config file usefulbackpacks-server.toml for usefulbackpacks tracking
[13Jun2025 00:33:04.807] [modloading-worker-0/DEBUG] [net.minecraftforge.fml.config.ConfigTracker/CONFIG]: Config file endrem.toml for endrem tracking
[13Jun2025 00:33:04.826] [modloading-worker-2/DEBUG] [net.minecraftforge.fml.AutomaticEventSubscriber/LOADING]: Attempting to inject @EventBusSubscriber classes into the eventbus for jei
[13Jun2025 00:33:04.872] [modloading-worker-2/DEBUG] [net.minecraftforge.fml.config.ConfigTracker/CONFIG]: Config file simplefarming.toml for simplefarming tracking
[13Jun2025 00:33:04.913] [modloading-worker-1/DEBUG] [AnnotationManager/Integration]: Load curios integration (info.u_team.useful_backpacks.integration.curios.init.CuriosIntegrationCommonConstruct) for mod usefulbackpacks
[13Jun2025 00:33:04.929] [modloading-worker-1/DEBUG] [net.minecraftforge.fml.AutomaticEventSubscriber/LOADING]: Attempting to inject @EventBusSubscriber classes into the eventbus for usefulbackpacks
[13Jun2025 00:33:04.930] [modloading-worker-1/DEBUG] [net.minecraftforge.fml.AutomaticEventSubscriber/LOADING]: Auto-subscribing info.u_team.useful_backpacks.data.UsefulBackpacksDataGenerator to MOD
[13Jun2025 00:33:04.931] [modloading-worker-0/DEBUG] [net.minecraftforge.fml.AutomaticEventSubscriber/LOADING]: Attempting to inject @EventBusSubscriber classes into the eventbus for endrem
[13Jun2025 00:33:04.931] [modloading-worker-0/DEBUG] [net.minecraftforge.fml.AutomaticEventSubscriber/LOADING]: Auto-subscribing com.teamremastered.endrem.world.gen.OreGenHandler to FORGE
[13Jun2025 00:33:04.932] [modloading-worker-0/DEBUG] [net.minecraftforge.fml.AutomaticEventSubscriber/LOADING]: Auto-subscribing com.teamremastered.endrem.events.ModEvents to FORGE
[13Jun2025 00:33:04.968] [modloading-worker-0/DEBUG] [net.minecraftforge.fml.config.ConfigTracker/CONFIG]: Config file goblintraders-common.toml for goblintraders tracking
[13Jun2025 00:33:04.975] [modloading-worker-1/DEBUG] [net.minecraftforge.fml.config.ConfigTracker/CONFIG]: Config file cataclysm.toml for cataclysm tracking
[13Jun2025 00:33:05.014] [modloading-worker-3/DEBUG] [net.minecraftforge.fml.config.ConfigTracker/CONFIG]: Config file mowziesmobs-common.toml for mowziesmobs tracking
[13Jun2025 00:33:05.026] [modloading-worker-0/DEBUG] [net.minecraftforge.fml.AutomaticEventSubscriber/LOADING]: Attempting to inject @EventBusSubscriber classes into the eventbus for goblintraders
[13Jun2025 00:33:05.026] [modloading-worker-0/DEBUG] [net.minecraftforge.fml.AutomaticEventSubscriber/LOADING]: Auto-subscribing com.mrcrayfish.goblintraders.world.spawner.SpawnHandler to FORGE
[13Jun2025 00:33:05.044] [modloading-worker-0/DEBUG] [net.minecraftforge.fml.AutomaticEventSubscriber/LOADING]: Auto-subscribing com.mrcrayfish.goblintraders.trades.TradeManager to FORGE
[13Jun2025 00:33:05.054] [modloading-worker-0/DEBUG] [net.minecraftforge.fml.AutomaticEventSubscriber/LOADING]: Auto-subscribing com.mrcrayfish.goblintraders.init.ModEntities to MOD
[13Jun2025 00:33:05.059] [modloading-worker-0/DEBUG] [net.minecraftforge.fml.AutomaticEventSubscriber/LOADING]: Auto-subscribing com.mrcrayfish.goblintraders.datagen.DataGeneration to MOD
[13Jun2025 00:33:05.071] [modloading-worker-2/DEBUG] [net.minecraftforge.fml.AutomaticEventSubscriber/LOADING]: Attempting to inject @EventBusSubscriber classes into the eventbus for simplefarming
[13Jun2025 00:33:05.071] [modloading-worker-2/DEBUG] [net.minecraftforge.fml.AutomaticEventSubscriber/LOADING]: Auto-subscribing enemeez.simplefarming.init.ModTiles to MOD
[13Jun2025 00:33:05.072] [modloading-worker-2/DEBUG] [net.minecraftforge.fml.AutomaticEventSubscriber/LOADING]: Auto-subscribing enemeez.simplefarming.init.ModRecipes to MOD
[13Jun2025 00:33:05.075] [modloading-worker-2/DEBUG] [net.minecraftforge.fml.AutomaticEventSubscriber/LOADING]: Auto-subscribing enemeez.simplefarming.events.LootModifierHandler to MOD
[13Jun2025 00:33:05.079] [modloading-worker-2/DEBUG] [net.minecraftforge.fml.AutomaticEventSubscriber/LOADING]: Auto-subscribing enemeez.simplefarming.config.Config to MOD
[13Jun2025 00:33:05.084] [modloading-worker-0/DEBUG] [net.minecraftforge.fml.config.ConfigTracker/CONFIG]: Config file curios-client.toml for curios tracking
[13Jun2025 00:33:05.085] [modloading-worker-0/DEBUG] [net.minecraftforge.fml.config.ConfigTracker/CONFIG]: Config file curios-server.toml for curios tracking
[13Jun2025 00:33:05.089] [modloading-worker-0/DEBUG] [net.minecraftforge.fml.AutomaticEventSubscriber/LOADING]: Attempting to inject @EventBusSubscriber classes into the eventbus for curios
[13Jun2025 00:33:05.089] [modloading-worker-0/DEBUG] [net.minecraftforge.fml.AutomaticEventSubscriber/LOADING]: Auto-subscribing top.theillusivec4.curios.common.CuriosRegistry to MOD
[13Jun2025 00:33:05.119] [modloading-worker-2/DEBUG] [net.minecraftforge.fml.config.ConfigTracker/CONFIG]: Config file waystones-common.toml for waystones tracking
[13Jun2025 00:33:05.120] [modloading-worker-2/DEBUG] [net.minecraftforge.fml.config.ConfigTracker/CONFIG]: Config file waystones-client.toml for waystones tracking
[13Jun2025 00:33:05.124] [modloading-worker-2/DEBUG] [net.minecraftforge.fml.config.ConfigTracker/CONFIG]: Config file /workspaces/franco-es-de-cerro-xd/servidor_minecraft/config/waystones-server.toml for waystones tracking
[13Jun2025 00:33:05.124] [modloading-worker-2/DEBUG] [net.minecraftforge.fml.AutomaticEventSubscriber/LOADING]: Attempting to inject @EventBusSubscriber classes into the eventbus for waystones
[13Jun2025 00:33:05.127] [modloading-worker-2/DEBUG] [net.minecraftforge.fml.AutomaticEventSubscriber/LOADING]: Auto-subscribing net.blay09.mods.waystones.worldgen.ModWorldGen to FORGE
[13Jun2025 00:33:05.128] [modloading-worker-2/DEBUG] [net.minecraftforge.fml.AutomaticEventSubscriber/LOADING]: Auto-subscribing net.blay09.mods.waystones.Waystones to MOD
[13Jun2025 00:33:05.129] [modloading-worker-2/DEBUG] [net.minecraftforge.fml.AutomaticEventSubscriber/LOADING]: Auto-subscribing net.blay09.mods.waystones.handler.WaystoneActivationStatHandler to FORGE
[13Jun2025 00:33:05.136] [modloading-worker-0/DEBUG] [net.minecraftforge.fml.config.ConfigTracker/CONFIG]: Config file citadel-common.toml for citadel tracking
[13Jun2025 00:33:05.145] [modloading-worker-2/DEBUG] [net.minecraftforge.fml.AutomaticEventSubscriber/LOADING]: Auto-subscribing net.blay09.mods.waystones.handler.WarpDamageResetHandler to FORGE
[13Jun2025 00:33:05.153] [modloading-worker-2/DEBUG] [net.minecraftforge.fml.AutomaticEventSubscriber/LOADING]: Auto-subscribing net.blay09.mods.waystones.handler.LoginHandler to FORGE
[13Jun2025 00:33:05.159] [modloading-worker-3/DEBUG] [net.minecraftforge.fml.AutomaticEventSubscriber/LOADING]: Attempting to inject @EventBusSubscriber classes into the eventbus for mowziesmobs
[13Jun2025 00:33:05.159] [modloading-worker-3/DEBUG] [net.minecraftforge.fml.AutomaticEventSubscriber/LOADING]: Auto-subscribing com.bobmowzie.mowziesmobs.server.sound.MMSounds to FORGE
[13Jun2025 00:33:05.159] [modloading-worker-3/DEBUG] [net.minecraftforge.fml.AutomaticEventSubscriber/LOADING]: Auto-subscribing com.bobmowzie.mowziesmobs.server.recipe.RecipeHandler to FORGE
[13Jun2025 00:33:05.160] [modloading-worker-2/DEBUG] [net.minecraftforge.fml.AutomaticEventSubscriber/LOADING]: Auto-subscribing net.blay09.mods.waystones.config.WaystonesConfig to MOD
[13Jun2025 00:33:05.163] [modloading-worker-3/DEBUG] [net.minecraftforge.fml.AutomaticEventSubscriber/LOADING]: Auto-subscribing com.bobmowzie.mowziesmobs.server.potion.PotionTypeHandler to MOD
[13Jun2025 00:33:05.165] [modloading-worker-1/DEBUG] [net.minecraftforge.fml.AutomaticEventSubscriber/LOADING]: Attempting to inject @EventBusSubscriber classes into the eventbus for cataclysm
[13Jun2025 00:33:05.165] [modloading-worker-1/DEBUG] [net.minecraftforge.fml.AutomaticEventSubscriber/LOADING]: Auto-subscribing L_Ender.cataclysm.init.ModEntities to MOD
[13Jun2025 00:33:05.167] [modloading-worker-3/DEBUG] [net.minecraftforge.fml.AutomaticEventSubscriber/LOADING]: Auto-subscribing com.bobmowzie.mowziesmobs.server.potion.EffectHandler to MOD
[13Jun2025 00:33:05.168] [modloading-worker-3/DEBUG] [net.minecraftforge.fml.AutomaticEventSubscriber/LOADING]: Auto-subscribing com.bobmowzie.mowziesmobs.server.item.ItemHandler to MOD
[13Jun2025 00:33:05.171] [modloading-worker-1/DEBUG] [net.minecraftforge.fml.AutomaticEventSubscriber/LOADING]: Auto-subscribing L_Ender.cataclysm.event.ServerEventHandler to FORGE
[13Jun2025 00:33:05.171] [modloading-worker-1/DEBUG] [net.minecraftforge.fml.AutomaticEventSubscriber/LOADING]: Auto-subscribing L_Ender.cataclysm.CommonProxy to MOD
[13Jun2025 00:33:05.172] [modloading-worker-1/DEBUG] [net.minecraftforge.fml.AutomaticEventSubscriber/LOADING]: Auto-subscribing L_Ender.cataclysm.cataclysm to FORGE
[13Jun2025 00:33:05.172] [modloading-worker-2/DEBUG] [net.minecraftforge.fml.config.ConfigTracker/CONFIG]: Config file storagedrawers-common.toml for storagedrawers tracking
[13Jun2025 00:33:05.174] [modloading-worker-2/DEBUG] [net.minecraftforge.fml.config.ConfigTracker/CONFIG]: Config file storagedrawers-client.toml for storagedrawers tracking
[13Jun2025 00:33:05.177] [modloading-worker-3/DEBUG] [net.minecraftforge.fml.AutomaticEventSubscriber/LOADING]: Auto-subscribing com.bobmowzie.mowziesmobs.server.inventory.ContainerHandler to MOD
[13Jun2025 00:33:05.179] [modloading-worker-2/DEBUG] [net.minecraftforge.fml.AutomaticEventSubscriber/LOADING]: Attempting to inject @EventBusSubscriber classes into the eventbus for storagedrawers
[13Jun2025 00:33:05.179] [modloading-worker-0/DEBUG] [net.minecraftforge.fml.AutomaticEventSubscriber/LOADING]: Attempting to inject @EventBusSubscriber classes into the eventbus for citadel
[13Jun2025 00:33:05.182] [modloading-worker-2/DEBUG] [net.minecraftforge.fml.AutomaticEventSubscriber/LOADING]: Auto-subscribing com.jaquadro.minecraft.storagedrawers.core.ModItems$Registration to MOD
[13Jun2025 00:33:05.182] [modloading-worker-0/DEBUG] [net.minecraftforge.fml.AutomaticEventSubscriber/LOADING]: Auto-subscribing com.github.alexthe666.citadel.ServerProxy to MOD
[13Jun2025 00:33:05.185] [modloading-worker-1/DEBUG] [net.minecraftforge.fml.config.ConfigTracker/CONFIG]: Config file artifacts-common.toml for artifacts tracking
[13Jun2025 00:33:05.192] [modloading-worker-0/DEBUG] [net.minecraftforge.fml.config.ConfigTracker/CONFIG]: Config file configured-client.toml for configured tracking
[13Jun2025 00:33:05.192] [modloading-worker-1/DEBUG] [net.minecraftforge.fml.config.ConfigTracker/CONFIG]: Config file artifacts-client.toml for artifacts tracking
[13Jun2025 00:33:05.192] [modloading-worker-0/DEBUG] [net.minecraftforge.fml.AutomaticEventSubscriber/LOADING]: Attempting to inject @EventBusSubscriber classes into the eventbus for configured
[13Jun2025 00:33:05.195] [modloading-worker-3/DEBUG] [net.minecraftforge.fml.AutomaticEventSubscriber/LOADING]: Auto-subscribing com.bobmowzie.mowziesmobs.server.entity.EntityHandler to MOD
[13Jun2025 00:33:05.197] [modloading-worker-0/DEBUG] [net.minecraftforge.fml.config.ConfigTracker/CONFIG]: Config file elevatorid-server.toml for elevatorid tracking
[13Jun2025 00:33:05.198] [modloading-worker-0/DEBUG] [net.minecraftforge.fml.AutomaticEventSubscriber/LOADING]: Attempting to inject @EventBusSubscriber classes into the eventbus for elevatorid
[13Jun2025 00:33:05.198] [modloading-worker-0/DEBUG] [net.minecraftforge.fml.AutomaticEventSubscriber/LOADING]: Auto-subscribing xyz.vsngamer.elevatorid.util.RemapManager to FORGE
[13Jun2025 00:33:05.198] [modloading-worker-3/DEBUG] [net.minecraftforge.fml.AutomaticEventSubscriber/LOADING]: Auto-subscribing com.bobmowzie.mowziesmobs.server.config.ConfigHandler to MOD
[13Jun2025 00:33:05.198] [modloading-worker-3/DEBUG] [net.minecraftforge.fml.AutomaticEventSubscriber/LOADING]: Auto-subscribing com.bobmowzie.mowziesmobs.MowziesMobs to FORGE
[13Jun2025 00:33:05.195] [modloading-worker-2/DEBUG] [net.minecraftforge.fml.AutomaticEventSubscriber/LOADING]: Auto-subscribing com.jaquadro.minecraft.storagedrawers.core.ModContainers$Registration to MOD
[13Jun2025 00:33:05.200] [modloading-worker-2/DEBUG] [net.minecraftforge.fml.AutomaticEventSubscriber/LOADING]: Auto-subscribing com.jaquadro.minecraft.storagedrawers.core.ModBlocks$Registration to MOD
[13Jun2025 00:33:05.200] [modloading-worker-0/DEBUG] [net.minecraftforge.fml.AutomaticEventSubscriber/LOADING]: Auto-subscribing xyz.vsngamer.elevatorid.init.Registry to MOD
[13Jun2025 00:33:05.218] [modloading-worker-2/INFO] [Dungeon Crawl/]: Here we go! Launching Dungeon Crawl 2.3.12...
[13Jun2025 00:33:05.234] [modloading-worker-2/DEBUG] [net.minecraftforge.fml.AutomaticEventSubscriber/LOADING]: Attempting to inject @EventBusSubscriber classes into the eventbus for dungeoncrawl
[13Jun2025 00:33:05.249] [modloading-worker-0/DEBUG] [net.minecraftforge.fml.AutomaticEventSubscriber/LOADING]: Auto-subscribing xyz.vsngamer.elevatorid.init.ModSounds to MOD
[13Jun2025 00:33:05.250] [modloading-worker-0/DEBUG] [net.minecraftforge.fml.AutomaticEventSubscriber/LOADING]: Auto-subscribing xyz.vsngamer.elevatorid.init.ModConfig to MOD
[13Jun2025 00:33:05.251] [modloading-worker-0/DEBUG] [net.minecraftforge.fml.AutomaticEventSubscriber/LOADING]: Auto-subscribing xyz.vsngamer.elevatorid.ElevatorMod to MOD
[13Jun2025 00:33:05.282] [modloading-worker-2/DEBUG] [net.minecraftforge.fml.config.ConfigTracker/CONFIG]: Config file sophisticatedbackpacks-common.toml for sophisticatedbackpacks tracking
[13Jun2025 00:33:05.284] [modloading-worker-2/DEBUG] [net.minecraftforge.fml.config.ConfigTracker/CONFIG]: Config file sophisticatedbackpacks-client.toml for sophisticatedbackpacks tracking
[13Jun2025 00:33:05.341] [modloading-worker-1/DEBUG] [net.minecraftforge.fml.AutomaticEventSubscriber/LOADING]: Attempting to inject @EventBusSubscriber classes into the eventbus for artifacts
[13Jun2025 00:33:05.341] [modloading-worker-1/DEBUG] [net.minecraftforge.fml.AutomaticEventSubscriber/LOADING]: Auto-subscribing artifacts.data.DataGenerators to MOD
[13Jun2025 00:33:05.342] [modloading-worker-1/DEBUG] [net.minecraftforge.fml.AutomaticEventSubscriber/LOADING]: Auto-subscribing artifacts.common.init.ModLootTables$LootTableEvents to FORGE
[13Jun2025 00:33:05.359] [modloading-worker-0/DEBUG] [JarSignVerifier/]: Took 107.4 ms to check if mod uteamcore is signed.
[13Jun2025 00:33:05.360] [modloading-worker-0/INFO] [JarSignVerifier/]: Mod uteamcore is signed with a valid certificate.
[13Jun2025 00:33:05.363] [modloading-worker-1/DEBUG] [mixin/]: Mixing MixinLootTableManager from enhancedcelestials.mixins.json into net.minecraft.loot.LootTableManager
[13Jun2025 00:33:05.364] [modloading-worker-0/DEBUG] [AnnotationManager/Construct]: Load construct (info.u_team.u_team_core.intern.init.UCoreCommonConstruct) for mod uteamcore
[13Jun2025 00:33:05.370] [modloading-worker-1/DEBUG] [mixin/]: Renaming synthetic method lambda$appendTables$0(Ljava/lang/String;)Z to md8224b4$lambda$appendTables$0$0 in enhancedcelestials.mixins.json:MixinLootTableManager
[13Jun2025 00:33:05.426] [modloading-worker-1/DEBUG] [net.minecraftforge.fml.AutomaticEventSubscriber/LOADING]: Auto-subscribing artifacts.common.config.ModConfig to MOD
[13Jun2025 00:33:05.427] [modloading-worker-1/DEBUG] [net.minecraftforge.fml.AutomaticEventSubscriber/LOADING]: Auto-subscribing artifacts.common.capability.swimhandler.SwimHandlerCapability$CapabilityEventHandler to FORGE
[13Jun2025 00:33:05.437] [modloading-worker-1/DEBUG] [net.minecraftforge.fml.AutomaticEventSubscriber/LOADING]: Auto-subscribing artifacts.common.capability.killtracker.EntityKillTrackerCapability$CapabilityEventHandler to FORGE
[13Jun2025 00:33:05.503] [modloading-worker-0/DEBUG] [net.minecraftforge.fml.AutomaticEventSubscriber/LOADING]: Attempting to inject @EventBusSubscriber classes into the eventbus for uteamcore
[13Jun2025 00:33:05.503] [modloading-worker-0/DEBUG] [net.minecraftforge.fml.AutomaticEventSubscriber/LOADING]: Auto-subscribing info.u_team.u_team_core.intern.data.UCoreDataGenerator to MOD
[13Jun2025 00:33:05.516] [modloading-worker-1/INFO] [Spartan Weaponry/]: Constructing Mod: Spartan Weaponry
[13Jun2025 00:33:05.516] [modloading-worker-1/INFO] [Spartan Weaponry/]: Initialising API! Version: 6
[13Jun2025 00:33:05.559] [modloading-worker-1/DEBUG] [net.minecraftforge.fml.config.ConfigTracker/CONFIG]: Config file spartanweaponry-common.toml for spartanweaponry tracking
[13Jun2025 00:33:05.565] [modloading-worker-1/DEBUG] [net.minecraftforge.fml.config.ConfigTracker/CONFIG]: Config file spartanweaponry-client.toml for spartanweaponry tracking
[13Jun2025 00:33:05.567] [modloading-worker-1/DEBUG] [net.minecraftforge.fml.AutomaticEventSubscriber/LOADING]: Attempting to inject @EventBusSubscriber classes into the eventbus for spartanweaponry
[13Jun2025 00:33:05.567] [modloading-worker-1/DEBUG] [net.minecraftforge.fml.AutomaticEventSubscriber/LOADING]: Auto-subscribing com.oblivioussp.spartanweaponry.util.Config to MOD
[13Jun2025 00:33:05.568] [modloading-worker-1/DEBUG] [net.minecraftforge.fml.AutomaticEventSubscriber/LOADING]: Auto-subscribing com.oblivioussp.spartanweaponry.util.ClientConfig to MOD
[13Jun2025 00:33:05.568] [modloading-worker-1/DEBUG] [net.minecraftforge.fml.AutomaticEventSubscriber/LOADING]: Auto-subscribing com.oblivioussp.spartanweaponry.ModSpartanWeaponry to MOD
[13Jun2025 00:33:05.568] [modloading-worker-1/DEBUG] [net.minecraftforge.fml.AutomaticEventSubscriber/LOADING]: Auto-subscribing com.oblivioussp.spartanweaponry.init.ModTileEntities to MOD
[13Jun2025 00:33:05.573] [modloading-worker-1/DEBUG] [net.minecraftforge.fml.AutomaticEventSubscriber/LOADING]: Auto-subscribing com.oblivioussp.spartanweaponry.init.ModSounds to MOD
[13Jun2025 00:33:05.577] [modloading-worker-1/DEBUG] [net.minecraftforge.fml.AutomaticEventSubscriber/LOADING]: Auto-subscribing com.oblivioussp.spartanweaponry.init.ModRecipeSerializers to MOD
[13Jun2025 00:33:05.579] [modloading-worker-1/DEBUG] [net.minecraftforge.fml.AutomaticEventSubscriber/LOADING]: Auto-subscribing com.oblivioussp.spartanweaponry.init.ModLootModifiers to MOD
[13Jun2025 00:33:05.592] [modloading-worker-1/DEBUG] [net.minecraftforge.fml.AutomaticEventSubscriber/LOADING]: Auto-subscribing com.oblivioussp.spartanweaponry.init.ModItems to MOD
[13Jun2025 00:33:05.758] [modloading-worker-2/DEBUG] [net.minecraftforge.fml.AutomaticEventSubscriber/LOADING]: Attempting to inject @EventBusSubscriber classes into the eventbus for sophisticatedbackpacks
[13Jun2025 00:33:05.857] [modloading-worker-1/DEBUG] [net.minecraftforge.fml.AutomaticEventSubscriber/LOADING]: Auto-subscribing com.oblivioussp.spartanweaponry.init.ModEntities to MOD
[13Jun2025 00:33:05.861] [modloading-worker-0/DEBUG] [net.minecraftforge.fml.config.ConfigTracker/CONFIG]: Config file relics-common.toml for relics tracking
[13Jun2025 00:33:05.862] [modloading-worker-0/DEBUG] [net.minecraftforge.fml.AutomaticEventSubscriber/LOADING]: Attempting to inject @EventBusSubscriber classes into the eventbus for relics
[13Jun2025 00:33:05.862] [modloading-worker-0/DEBUG] [net.minecraftforge.fml.AutomaticEventSubscriber/LOADING]: Auto-subscribing it.hurts.sskirillss.relics.world.RelicLootModifier$EventHandler to MOD
[13Jun2025 00:33:05.874] [modloading-worker-0/DEBUG] [net.minecraftforge.fml.AutomaticEventSubscriber/LOADING]: Auto-subscribing it.hurts.sskirillss.relics.utils.Scheduler$SchedulerHandler to FORGE
[13Jun2025 00:33:05.875] [modloading-worker-1/DEBUG] [net.minecraftforge.fml.AutomaticEventSubscriber/LOADING]: Auto-subscribing com.oblivioussp.spartanweaponry.init.ModEnchantments to MOD
[13Jun2025 00:33:05.875] [modloading-worker-2/DEBUG] [mixin/]: Mixing server.MixinCommands from enhancedcelestials.mixins.json into net.minecraft.command.Commands
[13Jun2025 00:33:05.876] [modloading-worker-2/DEBUG] [mixin/]: Renaming synthetic method lambda$addEnhancedCelestialCommands$1(Lnet/minecraft/command/CommandSource;)Z to md8224b4$lambda$addEnhancedCelestialCommands$1$0 in enhancedcelestials.mixins.json:server.MixinCommands
[13Jun2025 00:33:05.876] [modloading-worker-2/DEBUG] [mixin/]: Renaming synthetic method lambda$addEnhancedCelestialCommands$0(Lnet/minecraft/command/CommandSource;)Z to md8224b4$lambda$addEnhancedCelestialCommands$0$1 in enhancedcelestials.mixins.json:server.MixinCommands
[13Jun2025 00:33:05.875] [modloading-worker-0/DEBUG] [net.minecraftforge.fml.AutomaticEventSubscriber/LOADING]: Auto-subscribing it.hurts.sskirillss.relics.items.relics.talisman.StellarCatalystItem$StellarCatalystServerEvents to FORGE
[13Jun2025 00:33:05.891] [modloading-worker-0/DEBUG] [net.minecraftforge.fml.AutomaticEventSubscriber/LOADING]: Auto-subscribing it.hurts.sskirillss.relics.items.relics.talisman.SporeSackItem$SporeSackEvents to FORGE
[13Jun2025 00:33:05.894] [modloading-worker-0/DEBUG] [net.minecraftforge.fml.AutomaticEventSubscriber/LOADING]: Auto-subscribing it.hurts.sskirillss.relics.items.relics.talisman.SoulDevourerItem$SoulDevourerServerEvents to FORGE
[13Jun2025 00:33:05.900] [modloading-worker-0/DEBUG] [net.minecraftforge.fml.AutomaticEventSubscriber/LOADING]: Auto-subscribing it.hurts.sskirillss.relics.items.relics.talisman.SlimeHeartItem$SlimeHeartEvents to FORGE
[13Jun2025 00:33:05.903] [modloading-worker-1/DEBUG] [net.minecraftforge.fml.AutomaticEventSubscriber/LOADING]: Auto-subscribing com.oblivioussp.spartanweaponry.init.ModContainers to MOD
[13Jun2025 00:33:05.907] [modloading-worker-0/DEBUG] [net.minecraftforge.fml.AutomaticEventSubscriber/LOADING]: Auto-subscribing it.hurts.sskirillss.relics.items.relics.talisman.ScarabTalismanItem$ScarabTalismanServerEvents to FORGE
[13Jun2025 00:33:05.916] [modloading-worker-1/DEBUG] [net.minecraftforge.fml.AutomaticEventSubscriber/LOADING]: Auto-subscribing com.oblivioussp.spartanweaponry.init.ModBlocks to MOD
[13Jun2025 00:33:05.916] [modloading-worker-1/DEBUG] [net.minecraftforge.fml.AutomaticEventSubscriber/LOADING]: Auto-subscribing com.oblivioussp.spartanweaponry.init.ModAttributes to MOD
[13Jun2025 00:33:05.916] [modloading-worker-0/DEBUG] [net.minecraftforge.fml.AutomaticEventSubscriber/LOADING]: Auto-subscribing it.hurts.sskirillss.relics.items.relics.talisman.GhostSkinTalismanItem$Events to FORGE
[13Jun2025 00:33:05.917] [modloading-worker-0/DEBUG] [net.minecraftforge.fml.AutomaticEventSubscriber/LOADING]: Auto-subscribing it.hurts.sskirillss.relics.items.relics.talisman.ChorusInhibitorItem$ChorusInhibitorEvents to FORGE
[13Jun2025 00:33:05.917] [modloading-worker-1/DEBUG] [net.minecraftforge.fml.AutomaticEventSubscriber/LOADING]: Auto-subscribing com.oblivioussp.spartanweaponry.init.MissingMappings to FORGE
[13Jun2025 00:33:05.927] [modloading-worker-1/DEBUG] [net.minecraftforge.fml.AutomaticEventSubscriber/LOADING]: Auto-subscribing com.oblivioussp.spartanweaponry.event.DataGenEventHandler to MOD
[13Jun2025 00:33:05.927] [modloading-worker-0/DEBUG] [net.minecraftforge.fml.AutomaticEventSubscriber/LOADING]: Auto-subscribing it.hurts.sskirillss.relics.items.relics.talisman.BlazingFlaskItem$BlazingFlaskServerEvents to FORGE
[13Jun2025 00:33:05.928] [modloading-worker-0/DEBUG] [net.minecraftforge.fml.AutomaticEventSubscriber/LOADING]: Auto-subscribing it.hurts.sskirillss.relics.items.relics.SpatialSignItem$SpatialSignServerEvents to FORGE
[13Jun2025 00:33:05.929] [modloading-worker-0/DEBUG] [net.minecraftforge.fml.AutomaticEventSubscriber/LOADING]: Auto-subscribing it.hurts.sskirillss.relics.items.relics.ring.DelayRingItem$DelayRingEvents to FORGE
[13Jun2025 00:33:05.932] [modloading-worker-1/DEBUG] [net.minecraftforge.fml.AutomaticEventSubscriber/LOADING]: Auto-subscribing com.oblivioussp.spartanweaponry.event.CommonEventHandler to FORGE
[13Jun2025 00:33:05.938] [modloading-worker-1/DEBUG] [net.minecraftforge.fml.AutomaticEventSubscriber/LOADING]: Attempting to inject @EventBusSubscriber classes into the eventbus for catalogue
[13Jun2025 00:33:05.939] [modloading-worker-0/DEBUG] [net.minecraftforge.fml.AutomaticEventSubscriber/LOADING]: Auto-subscribing it.hurts.sskirillss.relics.items.relics.necklace.ReflectionNecklaceItem$ReflectionNecklaceServerEvents to FORGE
[13Jun2025 00:33:05.940] [modloading-worker-0/DEBUG] [net.minecraftforge.fml.AutomaticEventSubscriber/LOADING]: Auto-subscribing it.hurts.sskirillss.relics.items.relics.necklace.JellyfishNecklaceItem$JellyfishNecklaceEvents to FORGE
[13Jun2025 00:33:05.941] [modloading-worker-0/DEBUG] [net.minecraftforge.fml.AutomaticEventSubscriber/LOADING]: Auto-subscribing it.hurts.sskirillss.relics.items.relics.necklace.HolyLocketItem$HolyLocketEvents to FORGE
[13Jun2025 00:33:05.944] [modloading-worker-1/DEBUG] [net.minecraftforge.fml.config.ConfigTracker/CONFIG]: Config file walljump-common.toml for walljump tracking
[13Jun2025 00:33:05.944] [modloading-worker-1/DEBUG] [net.minecraftforge.fml.AutomaticEventSubscriber/LOADING]: Attempting to inject @EventBusSubscriber classes into the eventbus for walljump
[13Jun2025 00:33:05.945] [modloading-worker-1/DEBUG] [net.minecraftforge.fml.AutomaticEventSubscriber/LOADING]: Auto-subscribing genandnic.walljump.WallJump to MOD
[13Jun2025 00:33:05.946] [modloading-worker-1/DEBUG] [net.minecraftforge.fml.AutomaticEventSubscriber/LOADING]: Auto-subscribing genandnic.walljump.Config to FORGE
[13Jun2025 00:33:05.949] [modloading-worker-0/DEBUG] [net.minecraftforge.fml.AutomaticEventSubscriber/LOADING]: Auto-subscribing it.hurts.sskirillss.relics.items.relics.head.FragrantFlowerItem$FragrantFlowerServerEvents to FORGE
[13Jun2025 00:33:05.950] [modloading-worker-0/DEBUG] [net.minecraftforge.fml.AutomaticEventSubscriber/LOADING]: Auto-subscribing it.hurts.sskirillss.relics.items.relics.hands.WoolMittenItem$WoolMittenEvents to FORGE
[13Jun2025 00:33:05.953] [modloading-worker-0/DEBUG] [net.minecraftforge.fml.AutomaticEventSubscriber/LOADING]: Auto-subscribing it.hurts.sskirillss.relics.items.relics.hands.RageGloveItem$RageGloveEvents to FORGE
[13Jun2025 00:33:05.956] [modloading-worker-0/DEBUG] [net.minecraftforge.fml.AutomaticEventSubscriber/LOADING]: Auto-subscribing it.hurts.sskirillss.relics.items.relics.feet.MagmaWalkerItem$MagmaWalkerServerEvents to FORGE
[13Jun2025 00:33:05.957] [modloading-worker-1/DEBUG] [net.minecraftforge.fml.AutomaticEventSubscriber/LOADING]: Attempting to inject @EventBusSubscriber classes into the eventbus for cloth-config
[13Jun2025 00:33:05.963] [modloading-worker-0/DEBUG] [net.minecraftforge.fml.AutomaticEventSubscriber/LOADING]: Auto-subscribing it.hurts.sskirillss.relics.items.relics.feet.IceSkatesItem$IceSkatesEvents to FORGE
[13Jun2025 00:33:05.964] [modloading-worker-0/DEBUG] [net.minecraftforge.fml.AutomaticEventSubscriber/LOADING]: Auto-subscribing it.hurts.sskirillss.relics.items.relics.feet.IceBreakerItem$IceBreakerServerEvents to FORGE
[13Jun2025 00:33:05.964] [modloading-worker-0/DEBUG] [net.minecraftforge.fml.AutomaticEventSubscriber/LOADING]: Auto-subscribing it.hurts.sskirillss.relics.items.relics.belt.HunterBeltItem$HunterBeltEvents to FORGE
[13Jun2025 00:33:05.965] [modloading-worker-0/DEBUG] [net.minecraftforge.fml.AutomaticEventSubscriber/LOADING]: Auto-subscribing it.hurts.sskirillss.relics.items.relics.belt.DrownedBeltItem$DrownedBeltServerEvents to FORGE
[13Jun2025 00:33:05.974] [modloading-worker-0/DEBUG] [net.minecraftforge.fml.AutomaticEventSubscriber/LOADING]: Auto-subscribing it.hurts.sskirillss.relics.items.relics.base.handlers.DurabilityHandler to FORGE
[13Jun2025 00:33:05.975] [modloading-worker-0/DEBUG] [net.minecraftforge.fml.AutomaticEventSubscriber/LOADING]: Auto-subscribing it.hurts.sskirillss.relics.items.relics.base.handlers.ContractHandler to FORGE
[13Jun2025 00:33:05.978] [modloading-worker-1/DEBUG] [net.minecraftforge.fml.AutomaticEventSubscriber/LOADING]: Attempting to inject @EventBusSubscriber classes into the eventbus for footwork
[13Jun2025 00:33:05.983] [modloading-worker-1/DEBUG] [net.minecraftforge.fml.AutomaticEventSubscriber/LOADING]: Auto-subscribing jackiecrazy.footwork.handler.EntityHandler to FORGE
[13Jun2025 00:33:05.982] [modloading-worker-0/DEBUG] [net.minecraftforge.fml.AutomaticEventSubscriber/LOADING]: Auto-subscribing it.hurts.sskirillss.relics.items.relics.back.ArrowQuiverItem$Events to FORGE
[13Jun2025 00:33:05.986] [modloading-worker-0/DEBUG] [net.minecraftforge.fml.AutomaticEventSubscriber/LOADING]: Auto-subscribing it.hurts.sskirillss.relics.init.SoundRegistry to MOD
[13Jun2025 00:33:05.991] [modloading-worker-1/DEBUG] [net.minecraftforge.fml.AutomaticEventSubscriber/LOADING]: Attempting to inject @EventBusSubscriber classes into the eventbus for enhancedcelestials
[13Jun2025 00:33:05.991] [modloading-worker-1/DEBUG] [net.minecraftforge.fml.AutomaticEventSubscriber/LOADING]: Auto-subscribing corgitaco.enhancedcelestials.ForgeEntryPoint to MOD
[13Jun2025 00:33:05.991] [modloading-worker-0/DEBUG] [net.minecraftforge.fml.AutomaticEventSubscriber/LOADING]: Auto-subscribing it.hurts.sskirillss.relics.init.RecipeRegistry to MOD
[13Jun2025 00:33:05.992] [modloading-worker-0/DEBUG] [net.minecraftforge.fml.AutomaticEventSubscriber/LOADING]: Auto-subscribing it.hurts.sskirillss.relics.init.ParticleRegistry$ServerParticleRegistry to MOD
[13Jun2025 00:33:05.994] [modloading-worker-0/DEBUG] [net.minecraftforge.fml.AutomaticEventSubscriber/LOADING]: Auto-subscribing it.hurts.sskirillss.relics.init.ItemRegistry to FORGE
[13Jun2025 00:33:05.997] [modloading-worker-0/DEBUG] [net.minecraftforge.fml.AutomaticEventSubscriber/LOADING]: Auto-subscribing it.hurts.sskirillss.relics.init.BlockRegistry to MOD
[13Jun2025 00:33:06.007] [modloading-worker-2/DEBUG] [net.minecraftforge.fml.AutomaticEventSubscriber/LOADING]: Attempting to inject @EventBusSubscriber classes into the eventbus for architectury
[13Jun2025 00:33:06.017] [modloading-worker-2/DEBUG] [net.minecraftforge.fml.AutomaticEventSubscriber/LOADING]: Auto-subscribing me.shedaniel.architectury.networking.forge.NetworkManagerImpl to FORGE
[13Jun2025 00:33:06.017] [modloading-worker-1/DEBUG] [net.minecraftforge.fml.config.ConfigTracker/CONFIG]: Config file carryon-client.toml for carryon tracking
[13Jun2025 00:33:06.017] [modloading-worker-1/DEBUG] [net.minecraftforge.fml.config.ConfigTracker/CONFIG]: Config file carryon-server.toml for carryon tracking
[13Jun2025 00:33:06.017] [modloading-worker-1/DEBUG] [net.minecraftforge.fml.AutomaticEventSubscriber/LOADING]: Attempting to inject @EventBusSubscriber classes into the eventbus for carryon
[13Jun2025 00:33:06.017] [modloading-worker-1/DEBUG] [net.minecraftforge.fml.AutomaticEventSubscriber/LOADING]: Auto-subscribing tschipp.carryon.CarryOn to MOD
[13Jun2025 00:33:06.018] [modloading-worker-1/DEBUG] [net.minecraftforge.fml.AutomaticEventSubscriber/LOADING]: Auto-subscribing tschipp.carryon.common.scripting.ScriptReloadListener to FORGE
[13Jun2025 00:33:06.022] [modloading-worker-1/DEBUG] [net.minecraftforge.fml.AutomaticEventSubscriber/LOADING]: Auto-subscribing tschipp.carryon.common.config.Configs to MOD
[13Jun2025 00:33:06.022] [modloading-worker-1/DEBUG] [net.minecraftforge.fml.AutomaticEventSubscriber/LOADING]: Auto-subscribing tschipp.carryon.common.handler.RegistrationHandler to FORGE
[13Jun2025 00:33:06.034] [modloading-worker-1/DEBUG] [net.minecraftforge.fml.AutomaticEventSubscriber/LOADING]: Auto-subscribing tschipp.carryon.common.event.ItemEvents to FORGE
[13Jun2025 00:33:06.065] [modloading-worker-2/DEBUG] [net.minecraftforge.fml.AutomaticEventSubscriber/LOADING]: Auto-subscribing me.shedaniel.architectury.registry.trade.forge.TradeRegistryImpl to FORGE
[13Jun2025 00:33:06.072] [modloading-worker-2/DEBUG] [net.minecraftforge.fml.AutomaticEventSubscriber/LOADING]: Auto-subscribing me.shedaniel.architectury.registry.forge.BiomeModificationsImpl to FORGE
[13Jun2025 00:33:06.073] [modloading-worker-3/DEBUG] [net.minecraftforge.fml.config.ConfigTracker/CONFIG]: Config file tombstone-client.toml for tombstone tracking
[13Jun2025 00:33:06.073] [modloading-worker-3/DEBUG] [net.minecraftforge.fml.config.ConfigTracker/CONFIG]: Config file tombstone-common.toml for tombstone tracking
[13Jun2025 00:33:06.074] [modloading-worker-3/DEBUG] [net.minecraftforge.fml.config.ConfigTracker/CONFIG]: Config file tombstone-server.toml for tombstone tracking
[13Jun2025 00:33:06.074] [modloading-worker-1/DEBUG] [net.minecraftforge.fml.AutomaticEventSubscriber/LOADING]: Attempting to inject @EventBusSubscriber classes into the eventbus for coldsgrappler
[13Jun2025 00:33:06.083] [modloading-worker-3/DEBUG] [net.minecraftforge.fml.AutomaticEventSubscriber/LOADING]: Attempting to inject @EventBusSubscriber classes into the eventbus for tombstone
[13Jun2025 00:33:06.083] [modloading-worker-3/DEBUG] [net.minecraftforge.fml.AutomaticEventSubscriber/LOADING]: Auto-subscribing ovh.corail.tombstone.registry.ModSounds to MOD
[13Jun2025 00:33:06.085] [modloading-worker-3/DEBUG] [net.minecraftforge.fml.AutomaticEventSubscriber/LOADING]: Auto-subscribing ovh.corail.tombstone.registry.ModSerializers to MOD
[13Jun2025 00:33:06.087] [modloading-worker-2/DEBUG] [net.minecraftforge.fml.AutomaticEventSubscriber/LOADING]: Auto-subscribing me.shedaniel.architectury.registry.forge.ReloadListenersImpl to FORGE
[13Jun2025 00:33:06.095] [modloading-worker-2/DEBUG] [net.minecraftforge.versions.forge.ForgeVersion/CORE]: Forge Version package package net.minecraftforge.versions.forge, Forge, version 36.2 from cpw.mods.modlauncher.TransformingClassLoader@5ceecfee
[13Jun2025 00:33:06.097] [modloading-worker-2/DEBUG] [net.minecraftforge.versions.forge.ForgeVersion/CORE]: Found Forge version 36.2.42
[13Jun2025 00:33:06.097] [modloading-worker-2/DEBUG] [net.minecraftforge.versions.forge.ForgeVersion/CORE]: Found Forge spec 36.2
[13Jun2025 00:33:06.097] [modloading-worker-2/DEBUG] [net.minecraftforge.versions.forge.ForgeVersion/CORE]: Found Forge group net.minecraftforge
[13Jun2025 00:33:06.102] [modloading-worker-2/DEBUG] [net.minecraftforge.versions.mcp.MCPVersion/CORE]: Found MC version information 1.16.5
[13Jun2025 00:33:06.103] [modloading-worker-2/DEBUG] [net.minecraftforge.versions.mcp.MCPVersion/CORE]: Found MCP version information 20210115.111550
[13Jun2025 00:33:06.103] [modloading-worker-2/INFO] [net.minecraftforge.common.ForgeMod/FORGEMOD]: Forge mod loading, version 36.2.42, for MC 1.16.5 with MCP 20210115.111550
[13Jun2025 00:33:06.104] [modloading-worker-2/INFO] [net.minecraftforge.common.MinecraftForge/FORGE]: MinecraftForge v36.2.42 Initialized
[13Jun2025 00:33:06.119] [modloading-worker-3/DEBUG] [net.minecraftforge.fml.AutomaticEventSubscriber/LOADING]: Auto-subscribing ovh.corail.tombstone.registry.ModPotions to MOD
[13Jun2025 00:33:06.129] [modloading-worker-3/DEBUG] [net.minecraftforge.fml.AutomaticEventSubscriber/LOADING]: Auto-subscribing ovh.corail.tombstone.registry.ModPerks to MOD
[13Jun2025 00:33:06.136] [modloading-worker-1/DEBUG] [net.minecraftforge.fml.config.ConfigTracker/CONFIG]: Config file paraglider-server.toml for paraglider tracking
[13Jun2025 00:33:06.140] [modloading-worker-1/DEBUG] [net.minecraftforge.fml.config.ConfigTracker/CONFIG]: Config file paraglider-common.toml for paraglider tracking
[13Jun2025 00:33:06.157] [modloading-worker-3/DEBUG] [net.minecraftforge.fml.AutomaticEventSubscriber/LOADING]: Auto-subscribing ovh.corail.tombstone.registry.ModParticleTypes$Common to MOD
[13Jun2025 00:33:06.162] [modloading-worker-2/DEBUG] [net.minecraftforge.fml.config.ConfigTracker/CONFIG]: Config file forge-client.toml for forge tracking
[13Jun2025 00:33:06.162] [modloading-worker-2/DEBUG] [net.minecraftforge.fml.config.ConfigTracker/CONFIG]: Config file forge-server.toml for forge tracking
[13Jun2025 00:33:06.162] [modloading-worker-2/DEBUG] [net.minecraftforge.fml.config.ConfigTracker/CONFIG]: Config file forge-common.toml for forge tracking
[13Jun2025 00:33:06.162] [modloading-worker-3/DEBUG] [net.minecraftforge.fml.AutomaticEventSubscriber/LOADING]: Auto-subscribing ovh.corail.tombstone.registry.ModPaintings to MOD
[13Jun2025 00:33:06.163] [modloading-worker-3/DEBUG] [net.minecraftforge.fml.AutomaticEventSubscriber/LOADING]: Auto-subscribing ovh.corail.tombstone.registry.ModItems to MOD
[13Jun2025 00:33:06.166] [modloading-worker-3/DEBUG] [net.minecraftforge.fml.AutomaticEventSubscriber/LOADING]: Auto-subscribing ovh.corail.tombstone.registry.ModEntities to MOD
[13Jun2025 00:33:06.173] [modloading-worker-1/DEBUG] [net.minecraftforge.fml.AutomaticEventSubscriber/LOADING]: Attempting to inject @EventBusSubscriber classes into the eventbus for paraglider
[13Jun2025 00:33:06.173] [modloading-worker-1/DEBUG] [net.minecraftforge.fml.AutomaticEventSubscriber/LOADING]: Auto-subscribing tictim.paraglider.ParagliderMod to MOD
[13Jun2025 00:33:06.176] [modloading-worker-1/DEBUG] [net.minecraftforge.fml.AutomaticEventSubscriber/LOADING]: Auto-subscribing tictim.paraglider.ModCfg to MOD
[13Jun2025 00:33:06.177] [modloading-worker-1/DEBUG] [net.minecraftforge.fml.AutomaticEventSubscriber/LOADING]: Auto-subscribing tictim.paraglider.event.WindEventHandler to FORGE
[13Jun2025 00:33:06.186] [modloading-worker-1/DEBUG] [net.minecraftforge.fml.AutomaticEventSubscriber/LOADING]: Auto-subscribing tictim.paraglider.event.ParagliderEventHandler to FORGE
[13Jun2025 00:33:06.195] [modloading-worker-3/DEBUG] [net.minecraftforge.fml.AutomaticEventSubscriber/LOADING]: Auto-subscribing ovh.corail.tombstone.registry.ModEnchantments to MOD
[13Jun2025 00:33:06.203] [modloading-worker-1/DEBUG] [net.minecraftforge.fml.AutomaticEventSubscriber/LOADING]: Auto-subscribing tictim.paraglider.contents.ModStructures to MOD
[13Jun2025 00:33:06.204] [modloading-worker-2/DEBUG] [net.minecraftforge.fml.AutomaticEventSubscriber/LOADING]: Attempting to inject @EventBusSubscriber classes into the eventbus for forge
[13Jun2025 00:33:06.209] [modloading-worker-2/DEBUG] [net.minecraftforge.fml.AutomaticEventSubscriber/LOADING]: Auto-subscribing net.minecraftforge.common.ForgeSpawnEggItem$CommonHandler to MOD
[13Jun2025 00:33:06.217] [modloading-worker-3/DEBUG] [net.minecraftforge.fml.AutomaticEventSubscriber/LOADING]: Auto-subscribing ovh.corail.tombstone.registry.ModEffects to MOD
[13Jun2025 00:33:06.220] [modloading-worker-2/DEBUG] [cofh.PacketHandler/]: Channel cofh_core:general, Register packet, ID: 1
[13Jun2025 00:33:06.221] [modloading-worker-2/DEBUG] [cofh.PacketHandler/]: Channel cofh_core:general, Register packet, ID: 2
[13Jun2025 00:33:06.228] [modloading-worker-3/DEBUG] [net.minecraftforge.fml.AutomaticEventSubscriber/LOADING]: Auto-subscribing ovh.corail.tombstone.registry.ModBlocks to MOD
[13Jun2025 00:33:06.228] [modloading-worker-2/DEBUG] [cofh.PacketHandler/]: Channel cofh_core:general, Register packet, ID: 3
[13Jun2025 00:33:06.231] [modloading-worker-2/DEBUG] [cofh.PacketHandler/]: Channel cofh_core:general, Register packet, ID: 4
[13Jun2025 00:33:06.236] [modloading-worker-2/DEBUG] [cofh.PacketHandler/]: Channel cofh_core:general, Register packet, ID: 5
[13Jun2025 00:33:06.237] [modloading-worker-2/DEBUG] [cofh.PacketHandler/]: Channel cofh_core:general, Register packet, ID: 8
[13Jun2025 00:33:06.238] [modloading-worker-2/DEBUG] [cofh.PacketHandler/]: Channel cofh_core:general, Register packet, ID: 16
[13Jun2025 00:33:06.239] [modloading-worker-2/DEBUG] [cofh.PacketHandler/]: Channel cofh_core:general, Register packet, ID: 17
[13Jun2025 00:33:06.241] [modloading-worker-2/DEBUG] [cofh.PacketHandler/]: Channel cofh_core:general, Register packet, ID: 20
[13Jun2025 00:33:06.243] [modloading-worker-2/DEBUG] [cofh.PacketHandler/]: Channel cofh_core:general, Register packet, ID: 24
[13Jun2025 00:33:06.244] [modloading-worker-2/DEBUG] [cofh.PacketHandler/]: Channel cofh_core:general, Register packet, ID: 25
[13Jun2025 00:33:06.247] [modloading-worker-2/DEBUG] [cofh.PacketHandler/]: Channel cofh_core:general, Register packet, ID: 32
[13Jun2025 00:33:06.248] [modloading-worker-2/DEBUG] [cofh.PacketHandler/]: Channel cofh_core:general, Register packet, ID: 33
[13Jun2025 00:33:06.249] [modloading-worker-2/DEBUG] [cofh.PacketHandler/]: Channel cofh_core:general, Register packet, ID: 34
[13Jun2025 00:33:06.250] [modloading-worker-2/DEBUG] [cofh.PacketHandler/]: Channel cofh_core:general, Register packet, ID: 35
[13Jun2025 00:33:06.250] [modloading-worker-2/DEBUG] [cofh.PacketHandler/]: Channel cofh_core:general, Register packet, ID: 36
[13Jun2025 00:33:06.252] [modloading-worker-1/DEBUG] [net.minecraftforge.fml.config.ConfigTracker/CONFIG]: Config file archers_paradox-server.toml for archers_paradox tracking
[13Jun2025 00:33:06.252] [modloading-worker-1/DEBUG] [net.minecraftforge.fml.config.ConfigTracker/CONFIG]: Config file archers_paradox-client.toml for archers_paradox tracking
[13Jun2025 00:33:06.254] [modloading-worker-2/DEBUG] [cofh.PacketHandler/]: Channel cofh_core:general, Register packet, ID: 37
[13Jun2025 00:33:06.255] [modloading-worker-2/DEBUG] [cofh.PacketHandler/]: Channel cofh_core:general, Register packet, ID: 38
[13Jun2025 00:33:06.258] [modloading-worker-2/DEBUG] [cofh.PacketHandler/]: Channel cofh_core:general, Register packet, ID: 64
[13Jun2025 00:33:06.259] [modloading-worker-2/DEBUG] [cofh.PacketHandler/]: Channel cofh_core:general, Register packet, ID: 65
[13Jun2025 00:33:06.260] [modloading-worker-2/DEBUG] [cofh.PacketHandler/]: Channel cofh_core:general, Register packet, ID: 96
[13Jun2025 00:33:06.260] [modloading-worker-2/DEBUG] [cofh.PacketHandler/]: Channel cofh_core:general, Register packet, ID: 97
[13Jun2025 00:33:06.277] [modloading-worker-2/DEBUG] [net.minecraftforge.fml.config.ConfigTracker/CONFIG]: Config file cofh_core-server.toml for cofh_core tracking
[13Jun2025 00:33:06.280] [modloading-worker-2/DEBUG] [net.minecraftforge.fml.config.ConfigTracker/CONFIG]: Config file cofh_core-client.toml for cofh_core tracking
[13Jun2025 00:33:06.301] [modloading-worker-0/DEBUG] [net.minecraftforge.fml.loading.FileUtils/CORE]: Found existing the_bumblezone directory : /workspaces/franco-es-de-cerro-xd/servidor_minecraft/config/the_bumblezone
[13Jun2025 00:33:06.304] [modloading-worker-1/DEBUG] [net.minecraftforge.fml.AutomaticEventSubscriber/LOADING]: Attempting to inject @EventBusSubscriber classes into the eventbus for archers_paradox
[13Jun2025 00:33:06.305] [modloading-worker-0/DEBUG] [net.minecraftforge.fml.config.ConfigTracker/CONFIG]: Config file the_bumblezone/client.toml for the_bumblezone tracking
[13Jun2025 00:33:06.306] [modloading-worker-0/DEBUG] [net.minecraftforge.fml.config.ConfigTracker/CONFIG]: Config file the_bumblezone/general.toml for the_bumblezone tracking
[13Jun2025 00:33:06.307] [modloading-worker-0/DEBUG] [net.minecraftforge.fml.config.ConfigTracker/CONFIG]: Config file the_bumblezone/worldgen.toml for the_bumblezone tracking
[13Jun2025 00:33:06.307] [modloading-worker-0/DEBUG] [net.minecraftforge.fml.config.ConfigTracker/CONFIG]: Config file the_bumblezone/dimension.toml for the_bumblezone tracking
[13Jun2025 00:33:06.310] [modloading-worker-1/DEBUG] [net.minecraftforge.fml.AutomaticEventSubscriber/LOADING]: Auto-subscribing cofh.archersparadox.event.APCommonSetupEvents to FORGE
[13Jun2025 00:33:06.311] [modloading-worker-1/DEBUG] [net.minecraftforge.fml.AutomaticEventSubscriber/LOADING]: Auto-subscribing cofh.archersparadox.data.APDataGen to MOD
[13Jun2025 00:33:06.312] [modloading-worker-0/DEBUG] [net.minecraftforge.fml.config.ConfigTracker/CONFIG]: Config file the_bumblezone/bee_aggression.toml for the_bumblezone tracking
[13Jun2025 00:33:06.314] [modloading-worker-0/DEBUG] [net.minecraftforge.fml.config.ConfigTracker/CONFIG]: Config file the_bumblezone/mod_compatibility.toml for the_bumblezone tracking
[13Jun2025 00:33:06.314] [modloading-worker-0/DEBUG] [net.minecraftforge.fml.AutomaticEventSubscriber/LOADING]: Attempting to inject @EventBusSubscriber classes into the eventbus for the_bumblezone
[13Jun2025 00:33:06.320] [modloading-worker-3/DEBUG] [net.minecraftforge.fml.AutomaticEventSubscriber/LOADING]: Auto-subscribing ovh.corail.tombstone.helper.LootHelper to FORGE
[13Jun2025 00:33:06.328] [modloading-worker-1/DEBUG] [net.minecraftforge.fml.config.ConfigTracker/CONFIG]: Config file aquaculture-common.toml for aquaculture tracking
[13Jun2025 00:33:06.331] [modloading-worker-0/INFO] [expandability/]: ExpandAbility here, who dis?
[13Jun2025 00:33:06.331] [modloading-worker-0/DEBUG] [net.minecraftforge.fml.AutomaticEventSubscriber/LOADING]: Attempting to inject @EventBusSubscriber classes into the eventbus for expandability
[13Jun2025 00:33:06.331] [modloading-worker-0/DEBUG] [net.minecraftforge.fml.AutomaticEventSubscriber/LOADING]: Attempting to inject @EventBusSubscriber classes into the eventbus for geckolib3
[13Jun2025 00:33:06.331] [modloading-worker-0/DEBUG] [net.minecraftforge.fml.AutomaticEventSubscriber/LOADING]: Auto-subscribing software.bernie.example.GeckoLibMod to FORGE
[13Jun2025 00:33:06.332] [modloading-worker-0/DEBUG] [net.minecraftforge.fml.AutomaticEventSubscriber/LOADING]: Auto-subscribing software.bernie.example.CommonListener to MOD
[13Jun2025 00:33:06.333] [modloading-worker-0/DEBUG] [net.minecraftforge.fml.AutomaticEventSubscriber/LOADING]: Auto-subscribing software.bernie.example.ClientListener to MOD
[13Jun2025 00:33:06.344] [modloading-worker-3/DEBUG] [net.minecraftforge.fml.AutomaticEventSubscriber/LOADING]: Auto-subscribing ovh.corail.tombstone.event.EventHandler to FORGE
[13Jun2025 00:33:06.347] [modloading-worker-1/DEBUG] [net.minecraftforge.fml.AutomaticEventSubscriber/LOADING]: Attempting to inject @EventBusSubscriber classes into the eventbus for aquaculture
[13Jun2025 00:33:06.347] [modloading-worker-1/DEBUG] [net.minecraftforge.fml.AutomaticEventSubscriber/LOADING]: Auto-subscribing com.teammetallurgy.aquaculture.loot.EntitySpawning to FORGE
[13Jun2025 00:33:06.358] [modloading-worker-1/DEBUG] [net.minecraftforge.fml.AutomaticEventSubscriber/LOADING]: Auto-subscribing com.teammetallurgy.aquaculture.loot.FishWeightHandler to FORGE
[13Jun2025 00:33:06.362] [modloading-worker-1/DEBUG] [net.minecraftforge.fml.AutomaticEventSubscriber/LOADING]: Auto-subscribing com.teammetallurgy.aquaculture.api.fishing.Hooks to FORGE
[13Jun2025 00:33:06.374] [modloading-worker-2/DEBUG] [net.minecraftforge.fml.AutomaticEventSubscriber/LOADING]: Attempting to inject @EventBusSubscriber classes into the eventbus for cofh_core
[13Jun2025 00:33:06.374] [modloading-worker-2/DEBUG] [net.minecraftforge.fml.AutomaticEventSubscriber/LOADING]: Auto-subscribing cofh.core.event.ShieldEvents to FORGE
[13Jun2025 00:33:06.379] [modloading-worker-2/DEBUG] [net.minecraftforge.fml.AutomaticEventSubscriber/LOADING]: Auto-subscribing cofh.core.event.EffectEvents to FORGE
[13Jun2025 00:33:06.380] [modloading-worker-3/DEBUG] [net.minecraftforge.fml.AutomaticEventSubscriber/LOADING]: Auto-subscribing ovh.corail.tombstone.config.ConfigTombstone$ConfigEvent to MOD
[13Jun2025 00:33:06.384] [modloading-worker-2/DEBUG] [net.minecraftforge.fml.AutomaticEventSubscriber/LOADING]: Auto-subscribing cofh.core.event.CoreCommonEvents to FORGE
[13Jun2025 00:33:06.396] [modloading-worker-2/DEBUG] [net.minecraftforge.fml.AutomaticEventSubscriber/LOADING]: Auto-subscribing cofh.core.event.ArmorEvents to FORGE
[13Jun2025 00:33:06.400] [modloading-worker-2/DEBUG] [net.minecraftforge.fml.AutomaticEventSubscriber/LOADING]: Auto-subscribing cofh.core.event.AreaEffectEvents to FORGE
[13Jun2025 00:33:06.405] [modloading-worker-0/DEBUG] [net.minecraftforge.fml.AutomaticEventSubscriber/LOADING]: Attempting to inject @EventBusSubscriber classes into the eventbus for ironchest
[13Jun2025 00:33:06.407] [modloading-worker-2/DEBUG] [net.minecraftforge.fml.AutomaticEventSubscriber/LOADING]: Auto-subscribing cofh.core.event.ArcheryEvents to FORGE
[13Jun2025 00:33:06.411] [modloading-worker-2/DEBUG] [net.minecraftforge.fml.AutomaticEventSubscriber/LOADING]: Auto-subscribing cofh.core.data.CoreDataGen to MOD
[13Jun2025 00:33:06.422] [modloading-worker-2/DEBUG] [net.minecraftforge.fml.config.ConfigTracker/CONFIG]: Config file anointeditems-client.toml for anointeditems tracking
[13Jun2025 00:33:06.426] [modloading-worker-2/DEBUG] [net.minecraftforge.fml.config.ConfigTracker/CONFIG]: Config file anointeditems-common.toml for anointeditems tracking
[13Jun2025 00:33:06.428] [modloading-worker-2/DEBUG] [net.minecraftforge.fml.AutomaticEventSubscriber/LOADING]: Attempting to inject @EventBusSubscriber classes into the eventbus for anointeditems
[13Jun2025 00:33:06.428] [modloading-worker-2/DEBUG] [net.minecraftforge.fml.AutomaticEventSubscriber/LOADING]: Auto-subscribing com.baranhan123.anointeditems.Main$RegistryEvents to MOD
[13Jun2025 00:33:06.424] [modloading-worker-0/DEBUG] [net.minecraftforge.fml.config.ConfigTracker/CONFIG]: Config file when-dungeons-arise-common.toml for dungeons_arise tracking
[13Jun2025 00:33:06.498] [modloading-worker-1/DEBUG] [net.minecraftforge.fml.AutomaticEventSubscriber/LOADING]: Auto-subscribing com.teammetallurgy.aquaculture.init.AquaGuis to MOD
[13Jun2025 00:33:06.508] [modloading-worker-0/DEBUG] [net.minecraftforge.fml.AutomaticEventSubscriber/LOADING]: Attempting to inject @EventBusSubscriber classes into the eventbus for dungeons_arise
[13Jun2025 00:33:06.508] [modloading-worker-1/DEBUG] [net.minecraftforge.fml.AutomaticEventSubscriber/LOADING]: Auto-subscribing com.teammetallurgy.aquaculture.init.AquaBlocks$AquaTileEntities to MOD
[13Jun2025 00:33:06.537] [modloading-worker-1/DEBUG] [net.minecraftforge.fml.AutomaticEventSubscriber/LOADING]: Auto-subscribing com.teammetallurgy.aquaculture.init.AquaEntities to MOD
[13Jun2025 00:33:06.537] [modloading-worker-1/DEBUG] [net.minecraftforge.fml.AutomaticEventSubscriber/LOADING]: Auto-subscribing com.teammetallurgy.aquaculture.init.FishRegistry to MOD
[13Jun2025 00:33:06.537] [modloading-worker-1/DEBUG] [net.minecraftforge.fml.AutomaticEventSubscriber/LOADING]: Auto-subscribing com.teammetallurgy.aquaculture.init.AquaLootTables to FORGE
[13Jun2025 00:33:06.538] [modloading-worker-1/DEBUG] [net.minecraftforge.fml.AutomaticEventSubscriber/LOADING]: Auto-subscribing com.teammetallurgy.aquaculture.init.AquaRecipes to MOD
[13Jun2025 00:33:06.543] [modloading-worker-1/DEBUG] [net.minecraftforge.fml.AutomaticEventSubscriber/LOADING]: Auto-subscribing com.teammetallurgy.aquaculture.init.AquaItems to MOD
[13Jun2025 00:33:06.544] [modloading-worker-1/DEBUG] [net.minecraftforge.fml.AutomaticEventSubscriber/LOADING]: Auto-subscribing com.teammetallurgy.aquaculture.init.AquaBlocks to MOD
[13Jun2025 00:33:06.544] [modloading-worker-1/DEBUG] [net.minecraftforge.fml.AutomaticEventSubscriber/LOADING]: Auto-subscribing com.teammetallurgy.aquaculture.misc.NeptunesMight to FORGE
[13Jun2025 00:33:06.545] [modloading-worker-1/DEBUG] [net.minecraftforge.fml.AutomaticEventSubscriber/LOADING]: Auto-subscribing com.teammetallurgy.aquaculture.misc.FurnaceFuel to FORGE
[13Jun2025 00:33:06.552] [modloading-worker-1/DEBUG] [net.minecraftforge.fml.AutomaticEventSubscriber/LOADING]: Auto-subscribing com.teammetallurgy.aquaculture.misc.AquacultureSounds to MOD
[13Jun2025 00:33:06.552] [modloading-worker-1/DEBUG] [net.minecraftforge.fml.AutomaticEventSubscriber/LOADING]: Auto-subscribing com.teammetallurgy.aquaculture.item.crafting.ConditionFactory to MOD
[13Jun2025 00:33:06.553] [modloading-worker-1/DEBUG] [net.minecraftforge.fml.AutomaticEventSubscriber/LOADING]: Auto-subscribing com.teammetallurgy.aquaculture.item.neptunium.NeptuniumArmor to FORGE
[13Jun2025 00:33:06.635] [modloading-worker-3/DEBUG] [net.minecraftforge.fml.AutomaticEventSubscriber/LOADING]: Attempting to inject @EventBusSubscriber classes into the eventbus for antiqueatlas
[13Jun2025 00:33:06.638] [main/DEBUG] [net.minecraftforge.fml.DeferredWorkQueue/LOADING]: Dispatching synchronous work after CONSTRUCT: 2 jobs
[13Jun2025 00:33:06.664] [main/DEBUG] [net.minecraftforge.fml.DeferredWorkQueue/LOADING]: Synchronous work queue completed in 00:00:00.023
[13Jun2025 00:33:07.306] [main/DEBUG] [software.bernie.geckolib3.GeckoLib/]: Registered syncable for com.bobmowzie.mowziesmobs.server.item.ItemEarthboreGauntlet
[13Jun2025 00:33:07.493] [main/INFO] [Spartan Weaponry/]: Registering items...
[13Jun2025 00:33:07.508] [main/INFO] [Spartan Weaponry/]: Items Registered!
[13Jun2025 00:33:07.664] [main/DEBUG] [net.minecraftforge.registries.ObjectHolderRef/]: Unable to lookup aquaculture:neptinium_fillet_knife for public static net.minecraft.item.Item com.teammetallurgy.aquaculture.init.AquaItems.NEPTINIUM_FILLET_KNIFE. This means the object wasn't registered. It's likely just mod options.
[13Jun2025 00:33:07.664] [main/DEBUG] [net.minecraftforge.registries.ObjectHolderRef/]: Unable to lookup aquaculture:fish_fillet for public static net.minecraft.item.Item com.teammetallurgy.aquaculture.init.AquaItems.FISH_FILLET. This means the object wasn't registered. It's likely just mod options.
[13Jun2025 00:33:07.667] [main/DEBUG] [net.minecraftforge.registries.ObjectHolderRef/]: Unable to lookup aquaculture:nessage_in_a_bottle for public static net.minecraft.item.Item com.teammetallurgy.aquaculture.init.AquaItems.NESSAGE_IN_A_BOTTLE. This means the object wasn't registered. It's likely just mod options.
[13Jun2025 00:33:07.667] [main/DEBUG] [net.minecraftforge.registries.ObjectHolderRef/]: Unable to lookup aquaculture:neptunium_plate for public static net.minecraft.item.Item com.teammetallurgy.aquaculture.init.AquaItems.NEPTUNIUM_PLATE. This means the object wasn't registered. It's likely just mod options.
[13Jun2025 00:33:07.667] [main/DEBUG] [net.minecraftforge.registries.ObjectHolderRef/]: Unable to lookup archers_paradox:magma_arrow for public static net.minecraft.item.Item cofh.archersparadox.init.APReferences.MAGMA_ARROW_ITEM. This means the object wasn't registered. It's likely just mod options.
[13Jun2025 00:33:07.668] [main/DEBUG] [net.minecraftforge.registries.ObjectHolderRef/]: Unable to lookup aquaculture:cooked_fillet for public static net.minecraft.item.Item com.teammetallurgy.aquaculture.init.AquaItems.COOKED_FILLET. This means the object wasn't registered. It's likely just mod options.
[13Jun2025 00:33:07.668] [main/DEBUG] [net.minecraftforge.registries.ObjectHolderRef/]: Unable to lookup aquaculture:frog_legs for public static net.minecraft.item.Item com.teammetallurgy.aquaculture.init.AquaItems.FROG_LEGS. This means the object wasn't registered. It's likely just mod options.
[13Jun2025 00:33:07.668] [main/DEBUG] [net.minecraftforge.registries.ObjectHolderRef/]: Unable to lookup mowziesmobs:petiole_music_disc for public static net.minecraft.item.MusicDiscItem com.bobmowzie.mowziesmobs.server.item.ItemHandler.PETIOLE_MUSIC_DISC. This means the object wasn't registered. It's likely just mod options.
[13Jun2025 00:33:07.668] [main/DEBUG] [net.minecraftforge.registries.ObjectHolderRef/]: Unable to lookup aquaculture:neptunium_legs for public static net.minecraft.item.Item com.teammetallurgy.aquaculture.init.AquaItems.NEPTUNIUM_LEGS. This means the object wasn't registered. It's likely just mod options.
[13Jun2025 00:33:07.668] [main/DEBUG] [net.minecraftforge.registries.ObjectHolderRef/]: Unable to lookup aquaculture:cooked_frog_legs for public static net.minecraft.item.Item com.teammetallurgy.aquaculture.init.AquaItems.COOKED_FROG_LEGS. This means the object wasn't registered. It's likely just mod options.
[13Jun2025 00:33:07.758] [main/DEBUG] [net.minecraftforge.registries.ObjectHolderRef/]: Unable to lookup ensorcellation:cavalier for public static net.minecraft.enchantment.Enchantment cofh.lib.util.references.EnsorcReferences.CAVALIER. This means the object wasn't registered. It's likely just mod options.
[13Jun2025 00:33:07.758] [main/DEBUG] [net.minecraftforge.registries.ObjectHolderRef/]: Unable to lookup ensorcellation:smashing for public static net.minecraft.enchantment.Enchantment cofh.lib.util.references.EnsorcReferences.SMASHING. This means the object wasn't registered. It's likely just mod options.
[13Jun2025 00:33:07.758] [main/DEBUG] [net.minecraftforge.registries.ObjectHolderRef/]: Unable to lookup ensorcellation:damage_illager for public static net.minecraft.enchantment.Enchantment cofh.lib.util.references.EnsorcReferences.DAMAGE_ILLAGER. This means the object wasn't registered. It's likely just mod options.
[13Jun2025 00:33:07.758] [main/DEBUG] [net.minecraftforge.registries.ObjectHolderRef/]: Unable to lookup ensorcellation:curse_fool for public static net.minecraft.enchantment.Enchantment cofh.lib.util.references.EnsorcReferences.CURSE_FOOL. This means the object wasn't registered. It's likely just mod options.
[13Jun2025 00:33:07.758] [main/DEBUG] [net.minecraftforge.registries.ObjectHolderRef/]: Unable to lookup ensorcellation:instigating for public static net.minecraft.enchantment.Enchantment cofh.lib.util.references.EnsorcReferences.INSTIGATING. This means the object wasn't registered. It's likely just mod options.
[13Jun2025 00:33:07.758] [main/DEBUG] [net.minecraftforge.registries.ObjectHolderRef/]: Unable to lookup ensorcellation:magic_protection for public static net.minecraft.enchantment.Enchantment cofh.lib.util.references.EnsorcReferences.PROTECTION_MAGIC. This means the object wasn't registered. It's likely just mod options.
[13Jun2025 00:33:07.758] [main/DEBUG] [net.minecraftforge.registries.ObjectHolderRef/]: Unable to lookup ensorcellation:air_affinity for public static net.minecraft.enchantment.Enchantment cofh.lib.util.references.EnsorcReferences.AIR_AFFINITY. This means the object wasn't registered. It's likely just mod options.
[13Jun2025 00:33:07.758] [main/DEBUG] [net.minecraftforge.registries.ObjectHolderRef/]: Unable to lookup ensorcellation:exp_boost for public static net.minecraft.enchantment.Enchantment cofh.lib.util.references.EnsorcReferences.XP_BOOST. This means the object wasn't registered. It's likely just mod options.
[13Jun2025 00:33:07.758] [main/DEBUG] [net.minecraftforge.registries.ObjectHolderRef/]: Unable to lookup cofh_core:holding for public static net.minecraft.enchantment.Enchantment cofh.lib.util.references.CoreReferences.HOLDING. This means the object wasn't registered. It's likely just mod options.
[13Jun2025 00:33:07.758] [main/DEBUG] [net.minecraftforge.registries.ObjectHolderRef/]: Unable to lookup ensorcellation:excavating for public static net.minecraft.enchantment.Enchantment cofh.lib.util.references.EnsorcReferences.EXCAVATING. This means the object wasn't registered. It's likely just mod options.
[13Jun2025 00:33:07.758] [main/DEBUG] [net.minecraftforge.registries.ObjectHolderRef/]: Unable to lookup ensorcellation:weeding for public static net.minecraft.enchantment.Enchantment cofh.lib.util.references.EnsorcReferences.WEEDING. This means the object wasn't registered. It's likely just mod options.
[13Jun2025 00:33:07.758] [main/DEBUG] [net.minecraftforge.registries.ObjectHolderRef/]: Unable to lookup ensorcellation:displacement for public static net.minecraft.enchantment.Enchantment cofh.lib.util.references.EnsorcReferences.DISPLACEMENT. This means the object wasn't registered. It's likely just mod options.
[13Jun2025 00:33:07.758] [main/DEBUG] [net.minecraftforge.registries.ObjectHolderRef/]: Unable to lookup ensorcellation:damage_villager for public static net.minecraft.enchantment.Enchantment cofh.lib.util.references.EnsorcReferences.DAMAGE_VILLAGER. This means the object wasn't registered. It's likely just mod options.
[13Jun2025 00:33:07.758] [main/DEBUG] [net.minecraftforge.registries.ObjectHolderRef/]: Unable to lookup ensorcellation:curse_mercy for public static net.minecraft.enchantment.Enchantment cofh.lib.util.references.EnsorcReferences.CURSE_MERCY. This means the object wasn't registered. It's likely just mod options.
[13Jun2025 00:33:07.758] [main/DEBUG] [net.minecraftforge.registries.ObjectHolderRef/]: Unable to lookup ensorcellation:frost_rebuke for public static net.minecraft.enchantment.Enchantment cofh.lib.util.references.EnsorcReferences.FROST_REBUKE. This means the object wasn't registered. It's likely just mod options.
[13Jun2025 00:33:07.758] [main/DEBUG] [net.minecraftforge.registries.ObjectHolderRef/]: Unable to lookup ensorcellation:smelting for public static net.minecraft.enchantment.Enchantment cofh.lib.util.references.EnsorcReferences.SMELTING. This means the object wasn't registered. It's likely just mod options.
[13Jun2025 00:33:07.758] [main/DEBUG] [net.minecraftforge.registries.ObjectHolderRef/]: Unable to lookup ensorcellation:vorpal for public static net.minecraft.enchantment.Enchantment cofh.lib.util.references.EnsorcReferences.VORPAL. This means the object wasn't registered. It's likely just mod options.
[13Jun2025 00:33:07.758] [main/DEBUG] [net.minecraftforge.registries.ObjectHolderRef/]: Unable to lookup ensorcellation:frost_aspect for public static net.minecraft.enchantment.Enchantment cofh.lib.util.references.EnsorcReferences.FROST_ASPECT. This means the object wasn't registered. It's likely just mod options.
[13Jun2025 00:33:07.758] [main/DEBUG] [net.minecraftforge.registries.ObjectHolderRef/]: Unable to lookup ensorcellation:damage_ender for public static net.minecraft.enchantment.Enchantment cofh.lib.util.references.EnsorcReferences.DAMAGE_ENDER. This means the object wasn't registered. It's likely just mod options.
[13Jun2025 00:33:07.758] [main/DEBUG] [net.minecraftforge.registries.ObjectHolderRef/]: Unable to lookup ensorcellation:gourmand for public static net.minecraft.enchantment.Enchantment cofh.lib.util.references.EnsorcReferences.GOURMAND. This means the object wasn't registered. It's likely just mod options.
[13Jun2025 00:33:07.758] [main/DEBUG] [net.minecraftforge.registries.ObjectHolderRef/]: Unable to lookup ensorcellation:trueshot for public static net.minecraft.enchantment.Enchantment cofh.lib.util.references.EnsorcReferences.TRUESHOT. This means the object wasn't registered. It's likely just mod options.
[13Jun2025 00:33:07.758] [main/DEBUG] [net.minecraftforge.registries.ObjectHolderRef/]: Unable to lookup ensorcellation:phalanx for public static net.minecraft.enchantment.Enchantment cofh.lib.util.references.EnsorcReferences.PHALANX. This means the object wasn't registered. It's likely just mod options.
[13Jun2025 00:33:07.759] [main/DEBUG] [net.minecraftforge.registries.ObjectHolderRef/]: Unable to lookup ensorcellation:quick_draw for public static net.minecraft.enchantment.Enchantment cofh.lib.util.references.EnsorcReferences.QUICK_DRAW. This means the object wasn't registered. It's likely just mod options.
[13Jun2025 00:33:07.759] [main/DEBUG] [net.minecraftforge.registries.ObjectHolderRef/]: Unable to lookup ensorcellation:fire_rebuke for public static net.minecraft.enchantment.Enchantment cofh.lib.util.references.EnsorcReferences.FIRE_REBUKE. This means the object wasn't registered. It's likely just mod options.
[13Jun2025 00:33:07.759] [main/DEBUG] [net.minecraftforge.registries.ObjectHolderRef/]: Unable to lookup ensorcellation:volley for public static net.minecraft.enchantment.Enchantment cofh.lib.util.references.EnsorcReferences.VOLLEY. This means the object wasn't registered. It's likely just mod options.
[13Jun2025 00:33:07.759] [main/DEBUG] [net.minecraftforge.registries.ObjectHolderRef/]: Unable to lookup ensorcellation:furrowing for public static net.minecraft.enchantment.Enchantment cofh.lib.util.references.EnsorcReferences.FURROWING. This means the object wasn't registered. It's likely just mod options.
[13Jun2025 00:33:07.759] [main/DEBUG] [net.minecraftforge.registries.ObjectHolderRef/]: Unable to lookup ensorcellation:hunter for public static net.minecraft.enchantment.Enchantment cofh.lib.util.references.EnsorcReferences.HUNTER. This means the object wasn't registered. It's likely just mod options.
[13Jun2025 00:33:07.759] [main/DEBUG] [net.minecraftforge.registries.ObjectHolderRef/]: Unable to lookup ensorcellation:vitality for public static net.minecraft.enchantment.Enchantment cofh.lib.util.references.EnsorcReferences.VITALITY. This means the object wasn't registered. It's likely just mod options.
[13Jun2025 00:33:07.759] [main/DEBUG] [net.minecraftforge.registries.ObjectHolderRef/]: Unable to lookup ensorcellation:pilfering for public static net.minecraft.enchantment.Enchantment cofh.lib.util.references.EnsorcReferences.PILFERING. This means the object wasn't registered. It's likely just mod options.
[13Jun2025 00:33:07.759] [main/DEBUG] [net.minecraftforge.registries.ObjectHolderRef/]: Unable to lookup ensorcellation:magic_edge for public static net.minecraft.enchantment.Enchantment cofh.lib.util.references.EnsorcReferences.MAGIC_EDGE. This means the object wasn't registered. It's likely just mod options.
[13Jun2025 00:33:07.759] [main/DEBUG] [net.minecraftforge.registries.ObjectHolderRef/]: Unable to lookup ensorcellation:bulwark for public static net.minecraft.enchantment.Enchantment cofh.lib.util.references.EnsorcReferences.BULWARK. This means the object wasn't registered. It's likely just mod options.
[13Jun2025 00:33:07.759] [main/DEBUG] [net.minecraftforge.registries.ObjectHolderRef/]: Unable to lookup ensorcellation:leech for public static net.minecraft.enchantment.Enchantment cofh.lib.util.references.EnsorcReferences.LEECH. This means the object wasn't registered. It's likely just mod options.
[13Jun2025 00:33:07.759] [main/DEBUG] [net.minecraftforge.registries.ObjectHolderRef/]: Unable to lookup ensorcellation:angler for public static net.minecraft.enchantment.Enchantment cofh.lib.util.references.EnsorcReferences.ANGLER. This means the object wasn't registered. It's likely just mod options.
[13Jun2025 00:33:07.759] [main/DEBUG] [net.minecraftforge.registries.ObjectHolderRef/]: Unable to lookup ensorcellation:reach for public static net.minecraft.enchantment.Enchantment cofh.lib.util.references.EnsorcReferences.REACH. This means the object wasn't registered. It's likely just mod options.
[13Jun2025 00:33:07.759] [main/DEBUG] [net.minecraftforge.registries.ObjectHolderRef/]: Unable to lookup ensorcellation:soulbound for public static net.minecraft.enchantment.Enchantment cofh.lib.util.references.EnsorcReferences.SOULBOUND. This means the object wasn't registered. It's likely just mod options.
[13Jun2025 00:33:07.759] [main/DEBUG] [net.minecraftforge.registries.ObjectHolderRef/]: Unable to lookup ensorcellation:tilling for public static net.minecraft.enchantment.Enchantment cofh.lib.util.references.EnsorcReferences.TILLING. This means the object wasn't registered. It's likely just mod options.
[13Jun2025 00:33:08.072] [main/INFO] [Spartan Weaponry/]: Registering Entities
[13Jun2025 00:33:08.090] [main/DEBUG] [net.minecraftforge.registries.ObjectHolderRef/]: Unable to lookup archers_paradox:magma_arrow for public static net.minecraft.entity.EntityType cofh.archersparadox.init.APReferences.MAGMA_ARROW_ENTITY. This means the object wasn't registered. It's likely just mod options.
[13Jun2025 00:33:08.133] [main/DEBUG] [net.minecraftforge.registries.ObjectHolderRef/]: Unable to lookup cofh_core:steam for public static net.minecraft.fluid.FlowingFluid cofh.lib.util.references.CoreReferences.FLUID_STEAM. This means the object wasn't registered. It's likely just mod options.
[13Jun2025 00:33:08.134] [main/DEBUG] [net.minecraftforge.registries.ObjectHolderRef/]: Unable to lookup cofh_core:milk for public static net.minecraft.fluid.FlowingFluid cofh.lib.util.references.CoreReferences.FLUID_MILK. This means the object wasn't registered. It's likely just mod options.
[13Jun2025 00:33:08.203] [main/DEBUG] [net.minecraftforge.registries.ObjectHolderRef/]: Unable to lookup archers_paradox:quiver for public static net.minecraft.inventory.container.ContainerType cofh.archersparadox.init.APReferences.QUIVER_CONTAINER. This means the object wasn't registered. It's likely just mod options.
[13Jun2025 00:33:08.232] [main/DEBUG] [net.minecraftforge.registries.ObjectHolderRef/]: Unable to lookup cofh_core:amplification for public static net.minecraft.potion.Effect cofh.lib.util.references.CoreReferences.AMPLIFICATION. This means the object wasn't registered. It's likely just mod options.
[13Jun2025 00:33:08.391] [main/DEBUG] [corgitaco.enhancedcelestials.Main/]: enhancedcelestials: Registering sounds...
[13Jun2025 00:33:08.393] [main/INFO] [corgitaco.enhancedcelestials.Main/]: enhancedcelestials: Sounds registered!
[13Jun2025 00:33:08.500] [main/DEBUG] [net.minecraftforge.fml.config.ConfigTracker/CONFIG]: Loading configs type COMMON
[13Jun2025 00:33:08.503] [main/DEBUG] [net.minecraftforge.fml.config.ConfigFileTypeHandler/CONFIG]: Built TOML config for /workspaces/franco-es-de-cerro-xd/servidor_minecraft/config/jade-common.toml
[13Jun2025 00:33:08.505] [main/DEBUG] [net.minecraftforge.fml.config.ConfigFileTypeHandler/CONFIG]: Loaded TOML config file /workspaces/franco-es-de-cerro-xd/servidor_minecraft/config/jade-common.toml
[13Jun2025 00:33:08.508] [main/DEBUG] [net.minecraftforge.fml.config.ConfigFileTypeHandler/CONFIG]: Watching TOML config file /workspaces/franco-es-de-cerro-xd/servidor_minecraft/config/jade-common.toml for changes
[13Jun2025 00:33:08.510] [main/DEBUG] [net.minecraftforge.fml.config.ConfigFileTypeHandler/CONFIG]: Built TOML config for /workspaces/franco-es-de-cerro-xd/servidor_minecraft/config/usefulbackpacks-common.toml
[13Jun2025 00:33:08.513] [Thread-0/DEBUG] [net.minecraftforge.fml.config.ConfigFileTypeHandler/CONFIG]: Config file jade-common.toml changed, sending notifies
[13Jun2025 00:33:08.513] [main/DEBUG] [net.minecraftforge.fml.config.ConfigFileTypeHandler/CONFIG]: Loaded TOML config file /workspaces/franco-es-de-cerro-xd/servidor_minecraft/config/usefulbackpacks-common.toml
[13Jun2025 00:33:08.515] [Thread-0/DEBUG] [net.minecraftforge.fml.config.ConfigFileTypeHandler/CONFIG]: Config file jade-common.toml changed, sending notifies
[13Jun2025 00:33:08.515] [main/DEBUG] [net.minecraftforge.fml.config.ConfigFileTypeHandler/CONFIG]: Watching TOML config file /workspaces/franco-es-de-cerro-xd/servidor_minecraft/config/usefulbackpacks-common.toml for changes
[13Jun2025 00:33:08.516] [main/DEBUG] [net.minecraftforge.fml.config.ConfigFileTypeHandler/CONFIG]: Built TOML config for /workspaces/franco-es-de-cerro-xd/servidor_minecraft/config/endrem.toml
[13Jun2025 00:33:08.517] [main/DEBUG] [net.minecraftforge.fml.config.ConfigFileTypeHandler/CONFIG]: Loaded TOML config file /workspaces/franco-es-de-cerro-xd/servidor_minecraft/config/endrem.toml
[13Jun2025 00:33:08.517] [main/DEBUG] [net.minecraftforge.fml.config.ConfigFileTypeHandler/CONFIG]: Watching TOML config file /workspaces/franco-es-de-cerro-xd/servidor_minecraft/config/endrem.toml for changes
[13Jun2025 00:33:08.519] [Thread-0/DEBUG] [net.minecraftforge.fml.config.ConfigFileTypeHandler/CONFIG]: Config file endrem.toml changed, sending notifies
[13Jun2025 00:33:08.521] [Thread-0/DEBUG] [net.minecraftforge.fml.config.ConfigFileTypeHandler/CONFIG]: Config file endrem.toml changed, sending notifies
[13Jun2025 00:33:08.521] [main/DEBUG] [net.minecraftforge.fml.config.ConfigFileTypeHandler/CONFIG]: Built TOML config for /workspaces/franco-es-de-cerro-xd/servidor_minecraft/config/simplefarming.toml
[13Jun2025 00:33:08.523] [main/DEBUG] [net.minecraftforge.fml.config.ConfigFileTypeHandler/CONFIG]: Loaded TOML config file /workspaces/franco-es-de-cerro-xd/servidor_minecraft/config/simplefarming.toml
[13Jun2025 00:33:08.524] [main/DEBUG] [net.minecraftforge.fml.config.ConfigFileTypeHandler/CONFIG]: Watching TOML config file /workspaces/franco-es-de-cerro-xd/servidor_minecraft/config/simplefarming.toml for changes
[13Jun2025 00:33:08.532] [main/DEBUG] [net.minecraftforge.fml.config.ConfigFileTypeHandler/CONFIG]: Built TOML config for /workspaces/franco-es-de-cerro-xd/servidor_minecraft/config/goblintraders-common.toml
[13Jun2025 00:33:08.533] [main/DEBUG] [net.minecraftforge.fml.config.ConfigFileTypeHandler/CONFIG]: Loaded TOML config file /workspaces/franco-es-de-cerro-xd/servidor_minecraft/config/goblintraders-common.toml
[13Jun2025 00:33:08.533] [main/DEBUG] [net.minecraftforge.fml.config.ConfigFileTypeHandler/CONFIG]: Watching TOML config file /workspaces/franco-es-de-cerro-xd/servidor_minecraft/config/goblintraders-common.toml for changes
[13Jun2025 00:33:08.534] [main/DEBUG] [net.minecraftforge.fml.config.ConfigFileTypeHandler/CONFIG]: Built TOML config for /workspaces/franco-es-de-cerro-xd/servidor_minecraft/config/cataclysm.toml
[13Jun2025 00:33:08.534] [main/DEBUG] [net.minecraftforge.fml.config.ConfigFileTypeHandler/CONFIG]: Loaded TOML config file /workspaces/franco-es-de-cerro-xd/servidor_minecraft/config/cataclysm.toml
[13Jun2025 00:33:08.535] [main/DEBUG] [net.minecraftforge.fml.config.ConfigFileTypeHandler/CONFIG]: Watching TOML config file /workspaces/franco-es-de-cerro-xd/servidor_minecraft/config/cataclysm.toml for changes
[13Jun2025 00:33:08.537] [main/DEBUG] [net.minecraftforge.fml.config.ConfigFileTypeHandler/CONFIG]: Built TOML config for /workspaces/franco-es-de-cerro-xd/servidor_minecraft/config/mowziesmobs-common.toml
[13Jun2025 00:33:08.538] [Thread-0/DEBUG] [net.minecraftforge.fml.config.ConfigFileTypeHandler/CONFIG]: Config file cataclysm.toml changed, sending notifies
[13Jun2025 00:33:08.540] [main/DEBUG] [net.minecraftforge.fml.config.ConfigFileTypeHandler/CONFIG]: Loaded TOML config file /workspaces/franco-es-de-cerro-xd/servidor_minecraft/config/mowziesmobs-common.toml
[13Jun2025 00:33:08.541] [main/DEBUG] [net.minecraftforge.fml.config.ConfigFileTypeHandler/CONFIG]: Watching TOML config file /workspaces/franco-es-de-cerro-xd/servidor_minecraft/config/mowziesmobs-common.toml for changes
[13Jun2025 00:33:08.548] [Thread-0/DEBUG] [net.minecraftforge.fml.config.ConfigFileTypeHandler/CONFIG]: Config file mowziesmobs-common.toml changed, sending notifies
[13Jun2025 00:33:08.553] [main/DEBUG] [net.minecraftforge.fml.config.ConfigFileTypeHandler/CONFIG]: Built TOML config for /workspaces/franco-es-de-cerro-xd/servidor_minecraft/config/waystones-common.toml
[13Jun2025 00:33:08.554] [Thread-0/DEBUG] [net.minecraftforge.fml.config.ConfigFileTypeHandler/CONFIG]: Config file mowziesmobs-common.toml changed, sending notifies
[13Jun2025 00:33:08.556] [main/DEBUG] [net.minecraftforge.fml.config.ConfigFileTypeHandler/CONFIG]: Loaded TOML config file /workspaces/franco-es-de-cerro-xd/servidor_minecraft/config/waystones-common.toml
[13Jun2025 00:33:08.556] [main/DEBUG] [net.minecraftforge.fml.config.ConfigFileTypeHandler/CONFIG]: Watching TOML config file /workspaces/franco-es-de-cerro-xd/servidor_minecraft/config/waystones-common.toml for changes
[13Jun2025 00:33:08.557] [main/DEBUG] [net.minecraftforge.fml.config.ConfigFileTypeHandler/CONFIG]: Built TOML config for /workspaces/franco-es-de-cerro-xd/servidor_minecraft/config/citadel-common.toml
[13Jun2025 00:33:08.557] [main/DEBUG] [net.minecraftforge.fml.config.ConfigFileTypeHandler/CONFIG]: Loaded TOML config file /workspaces/franco-es-de-cerro-xd/servidor_minecraft/config/citadel-common.toml
[13Jun2025 00:33:08.558] [Thread-0/DEBUG] [net.minecraftforge.fml.config.ConfigFileTypeHandler/CONFIG]: Config file waystones-common.toml changed, sending notifies
[13Jun2025 00:33:08.559] [main/DEBUG] [net.minecraftforge.fml.config.ConfigFileTypeHandler/CONFIG]: Watching TOML config file /workspaces/franco-es-de-cerro-xd/servidor_minecraft/config/citadel-common.toml for changes
[13Jun2025 00:33:08.559] [Thread-0/DEBUG] [net.minecraftforge.fml.config.ConfigFileTypeHandler/CONFIG]: Config file citadel-common.toml changed, sending notifies
[13Jun2025 00:33:08.562] [main/DEBUG] [net.minecraftforge.fml.config.ConfigFileTypeHandler/CONFIG]: Built TOML config for /workspaces/franco-es-de-cerro-xd/servidor_minecraft/config/storagedrawers-common.toml
[13Jun2025 00:33:08.563] [main/DEBUG] [net.minecraftforge.fml.config.ConfigFileTypeHandler/CONFIG]: Loaded TOML config file /workspaces/franco-es-de-cerro-xd/servidor_minecraft/config/storagedrawers-common.toml
[13Jun2025 00:33:08.564] [main/DEBUG] [net.minecraftforge.fml.config.ConfigFileTypeHandler/CONFIG]: Watching TOML config file /workspaces/franco-es-de-cerro-xd/servidor_minecraft/config/storagedrawers-common.toml for changes
[13Jun2025 00:33:08.564] [Thread-0/DEBUG] [net.minecraftforge.fml.config.ConfigFileTypeHandler/CONFIG]: Config file citadel-common.toml changed, sending notifies
[13Jun2025 00:33:08.569] [main/DEBUG] [net.minecraftforge.fml.config.ConfigFileTypeHandler/CONFIG]: Built TOML config for /workspaces/franco-es-de-cerro-xd/servidor_minecraft/config/artifacts-common.toml
[13Jun2025 00:33:08.575] [Thread-0/DEBUG] [net.minecraftforge.fml.config.ConfigFileTypeHandler/CONFIG]: Config file storagedrawers-common.toml changed, sending notifies
[13Jun2025 00:33:08.575] [main/DEBUG] [net.minecraftforge.fml.config.ConfigFileTypeHandler/CONFIG]: Loaded TOML config file /workspaces/franco-es-de-cerro-xd/servidor_minecraft/config/artifacts-common.toml
[13Jun2025 00:33:08.575] [main/DEBUG] [net.minecraftforge.fml.config.ConfigFileTypeHandler/CONFIG]: Watching TOML config file /workspaces/franco-es-de-cerro-xd/servidor_minecraft/config/artifacts-common.toml for changes
[13Jun2025 00:33:08.576] [main/DEBUG] [net.minecraftforge.fml.config.ConfigFileTypeHandler/CONFIG]: Built TOML config for /workspaces/franco-es-de-cerro-xd/servidor_minecraft/config/sophisticatedbackpacks-common.toml
[13Jun2025 00:33:08.578] [main/DEBUG] [net.minecraftforge.fml.config.ConfigFileTypeHandler/CONFIG]: Loaded TOML config file /workspaces/franco-es-de-cerro-xd/servidor_minecraft/config/sophisticatedbackpacks-common.toml
[13Jun2025 00:33:08.581] [main/DEBUG] [net.minecraftforge.fml.config.ConfigFileTypeHandler/CONFIG]: Watching TOML config file /workspaces/franco-es-de-cerro-xd/servidor_minecraft/config/sophisticatedbackpacks-common.toml for changes
[13Jun2025 00:33:08.586] [main/DEBUG] [net.minecraftforge.fml.config.ConfigFileTypeHandler/CONFIG]: Built TOML config for /workspaces/franco-es-de-cerro-xd/servidor_minecraft/config/spartanweaponry-common.toml
[13Jun2025 00:33:08.590] [main/DEBUG] [net.minecraftforge.fml.config.ConfigFileTypeHandler/CONFIG]: Loaded TOML config file /workspaces/franco-es-de-cerro-xd/servidor_minecraft/config/spartanweaponry-common.toml
[13Jun2025 00:33:08.590] [main/DEBUG] [net.minecraftforge.fml.config.ConfigFileTypeHandler/CONFIG]: Watching TOML config file /workspaces/franco-es-de-cerro-xd/servidor_minecraft/config/spartanweaponry-common.toml for changes
[13Jun2025 00:33:08.593] [Thread-0/DEBUG] [net.minecraftforge.fml.config.ConfigFileTypeHandler/CONFIG]: Config file sophisticatedbackpacks-common.toml changed, sending notifies
[13Jun2025 00:33:08.604] [Thread-0/DEBUG] [net.minecraftforge.fml.config.ConfigFileTypeHandler/CONFIG]: Config file spartanweaponry-common.toml changed, sending notifies
[13Jun2025 00:33:08.609] [main/DEBUG] [net.minecraftforge.fml.config.ConfigFileTypeHandler/CONFIG]: Built TOML config for /workspaces/franco-es-de-cerro-xd/servidor_minecraft/config/relics-common.toml
[13Jun2025 00:33:08.609] [main/DEBUG] [net.minecraftforge.fml.config.ConfigFileTypeHandler/CONFIG]: Loaded TOML config file /workspaces/franco-es-de-cerro-xd/servidor_minecraft/config/relics-common.toml
[13Jun2025 00:33:08.610] [main/DEBUG] [net.minecraftforge.fml.config.ConfigFileTypeHandler/CONFIG]: Watching TOML config file /workspaces/franco-es-de-cerro-xd/servidor_minecraft/config/relics-common.toml for changes
[13Jun2025 00:33:08.610] [Thread-0/DEBUG] [net.minecraftforge.fml.config.ConfigFileTypeHandler/CONFIG]: Config file spartanweaponry-common.toml changed, sending notifies
[13Jun2025 00:33:08.610] [main/DEBUG] [net.minecraftforge.fml.config.ConfigFileTypeHandler/CONFIG]: Built TOML config for /workspaces/franco-es-de-cerro-xd/servidor_minecraft/config/walljump-common.toml
[13Jun2025 00:33:08.616] [Thread-0/DEBUG] [net.minecraftforge.fml.config.ConfigFileTypeHandler/CONFIG]: Config file spartanweaponry-common.toml changed, sending notifies
[13Jun2025 00:33:08.618] [main/DEBUG] [net.minecraftforge.fml.config.ConfigFileTypeHandler/CONFIG]: Loaded TOML config file /workspaces/franco-es-de-cerro-xd/servidor_minecraft/config/walljump-common.toml
[13Jun2025 00:33:08.619] [main/DEBUG] [net.minecraftforge.fml.config.ConfigFileTypeHandler/CONFIG]: Watching TOML config file /workspaces/franco-es-de-cerro-xd/servidor_minecraft/config/walljump-common.toml for changes
[13Jun2025 00:33:08.619] [main/DEBUG] [net.minecraftforge.fml.config.ConfigFileTypeHandler/CONFIG]: Built TOML config for /workspaces/franco-es-de-cerro-xd/servidor_minecraft/config/tombstone-common.toml
[13Jun2025 00:33:08.620] [Thread-0/DEBUG] [net.minecraftforge.fml.config.ConfigFileTypeHandler/CONFIG]: Config file walljump-common.toml changed, sending notifies
[13Jun2025 00:33:08.621] [main/DEBUG] [net.minecraftforge.fml.config.ConfigFileTypeHandler/CONFIG]: Loaded TOML config file /workspaces/franco-es-de-cerro-xd/servidor_minecraft/config/tombstone-common.toml
[13Jun2025 00:33:08.621] [main/DEBUG] [net.minecraftforge.fml.config.ConfigFileTypeHandler/CONFIG]: Watching TOML config file /workspaces/franco-es-de-cerro-xd/servidor_minecraft/config/tombstone-common.toml for changes
[13Jun2025 00:33:08.626] [Thread-0/DEBUG] [net.minecraftforge.fml.config.ConfigFileTypeHandler/CONFIG]: Config file tombstone-common.toml changed, sending notifies
[13Jun2025 00:33:08.629] [main/DEBUG] [net.minecraftforge.fml.config.ConfigFileTypeHandler/CONFIG]: Built TOML config for /workspaces/franco-es-de-cerro-xd/servidor_minecraft/config/paraglider-common.toml
[13Jun2025 00:33:08.629] [Thread-0/DEBUG] [net.minecraftforge.fml.config.ConfigFileTypeHandler/CONFIG]: Config file tombstone-common.toml changed, sending notifies
[13Jun2025 00:33:08.629] [main/DEBUG] [net.minecraftforge.fml.config.ConfigFileTypeHandler/CONFIG]: Loaded TOML config file /workspaces/franco-es-de-cerro-xd/servidor_minecraft/config/paraglider-common.toml
[13Jun2025 00:33:08.629] [main/DEBUG] [net.minecraftforge.fml.config.ConfigFileTypeHandler/CONFIG]: Watching TOML config file /workspaces/franco-es-de-cerro-xd/servidor_minecraft/config/paraglider-common.toml for changes
[13Jun2025 00:33:08.631] [main/DEBUG] [net.minecraftforge.fml.config.ConfigFileTypeHandler/CONFIG]: Built TOML config for /workspaces/franco-es-de-cerro-xd/servidor_minecraft/config/forge-common.toml
[13Jun2025 00:33:08.632] [main/DEBUG] [net.minecraftforge.fml.config.ConfigFileTypeHandler/CONFIG]: Loaded TOML config file /workspaces/franco-es-de-cerro-xd/servidor_minecraft/config/forge-common.toml
[13Jun2025 00:33:08.633] [main/DEBUG] [net.minecraftforge.fml.config.ConfigFileTypeHandler/CONFIG]: Watching TOML config file /workspaces/franco-es-de-cerro-xd/servidor_minecraft/config/forge-common.toml for changes
[13Jun2025 00:33:08.633] [main/DEBUG] [net.minecraftforge.common.ForgeConfig/FORGEMOD]: Loaded forge config file forge-common.toml
[13Jun2025 00:33:08.634] [main/DEBUG] [net.minecraftforge.fml.config.ConfigFileTypeHandler/CONFIG]: Built TOML config for /workspaces/franco-es-de-cerro-xd/servidor_minecraft/config/the_bumblezone/general.toml
[13Jun2025 00:33:08.631] [Thread-0/DEBUG] [net.minecraftforge.fml.config.ConfigFileTypeHandler/CONFIG]: Config file tombstone-common.toml changed, sending notifies
[13Jun2025 00:33:08.636] [main/DEBUG] [net.minecraftforge.fml.config.ConfigFileTypeHandler/CONFIG]: Loaded TOML config file /workspaces/franco-es-de-cerro-xd/servidor_minecraft/config/the_bumblezone/general.toml
[13Jun2025 00:33:08.644] [main/DEBUG] [net.minecraftforge.fml.config.ConfigFileTypeHandler/CONFIG]: Watching TOML config file /workspaces/franco-es-de-cerro-xd/servidor_minecraft/config/the_bumblezone/general.toml for changes
[13Jun2025 00:33:08.645] [Thread-0/DEBUG] [net.minecraftforge.fml.config.ConfigFileTypeHandler/CONFIG]: Config file the_bumblezone/general.toml changed, sending notifies
[13Jun2025 00:33:08.645] [Thread-0/DEBUG] [net.minecraftforge.fml.config.ConfigFileTypeHandler/CONFIG]: Config file the_bumblezone/general.toml changed, sending notifies
[13Jun2025 00:33:08.646] [main/DEBUG] [net.minecraftforge.fml.config.ConfigFileTypeHandler/CONFIG]: Built TOML config for /workspaces/franco-es-de-cerro-xd/servidor_minecraft/config/the_bumblezone/worldgen.toml
[13Jun2025 00:33:08.646] [main/DEBUG] [net.minecraftforge.fml.config.ConfigFileTypeHandler/CONFIG]: Loaded TOML config file /workspaces/franco-es-de-cerro-xd/servidor_minecraft/config/the_bumblezone/worldgen.toml
[13Jun2025 00:33:08.646] [main/DEBUG] [net.minecraftforge.fml.config.ConfigFileTypeHandler/CONFIG]: Watching TOML config file /workspaces/franco-es-de-cerro-xd/servidor_minecraft/config/the_bumblezone/worldgen.toml for changes
[13Jun2025 00:33:08.647] [main/DEBUG] [net.minecraftforge.fml.config.ConfigFileTypeHandler/CONFIG]: Built TOML config for /workspaces/franco-es-de-cerro-xd/servidor_minecraft/config/the_bumblezone/dimension.toml
[13Jun2025 00:33:08.647] [Thread-0/DEBUG] [net.minecraftforge.fml.config.ConfigFileTypeHandler/CONFIG]: Config file the_bumblezone/worldgen.toml changed, sending notifies
[13Jun2025 00:33:08.648] [Thread-0/DEBUG] [net.minecraftforge.fml.config.ConfigFileTypeHandler/CONFIG]: Config file the_bumblezone/worldgen.toml changed, sending notifies
[13Jun2025 00:33:08.651] [main/DEBUG] [net.minecraftforge.fml.config.ConfigFileTypeHandler/CONFIG]: Loaded TOML config file /workspaces/franco-es-de-cerro-xd/servidor_minecraft/config/the_bumblezone/dimension.toml
[13Jun2025 00:33:08.651] [main/DEBUG] [net.minecraftforge.fml.config.ConfigFileTypeHandler/CONFIG]: Watching TOML config file /workspaces/franco-es-de-cerro-xd/servidor_minecraft/config/the_bumblezone/dimension.toml for changes
[13Jun2025 00:33:08.652] [main/DEBUG] [net.minecraftforge.fml.config.ConfigFileTypeHandler/CONFIG]: Built TOML config for /workspaces/franco-es-de-cerro-xd/servidor_minecraft/config/the_bumblezone/bee_aggression.toml
[13Jun2025 00:33:08.652] [main/DEBUG] [net.minecraftforge.fml.config.ConfigFileTypeHandler/CONFIG]: Loaded TOML config file /workspaces/franco-es-de-cerro-xd/servidor_minecraft/config/the_bumblezone/bee_aggression.toml
[13Jun2025 00:33:08.653] [main/DEBUG] [net.minecraftforge.fml.config.ConfigFileTypeHandler/CONFIG]: Watching TOML config file /workspaces/franco-es-de-cerro-xd/servidor_minecraft/config/the_bumblezone/bee_aggression.toml for changes
[13Jun2025 00:33:08.653] [Thread-0/DEBUG] [net.minecraftforge.fml.config.ConfigFileTypeHandler/CONFIG]: Config file the_bumblezone/dimension.toml changed, sending notifies
[13Jun2025 00:33:08.654] [Thread-0/DEBUG] [net.minecraftforge.fml.config.ConfigFileTypeHandler/CONFIG]: Config file the_bumblezone/bee_aggression.toml changed, sending notifies
[13Jun2025 00:33:08.654] [Thread-0/DEBUG] [net.minecraftforge.fml.config.ConfigFileTypeHandler/CONFIG]: Config file the_bumblezone/bee_aggression.toml changed, sending notifies
[13Jun2025 00:33:08.654] [main/DEBUG] [net.minecraftforge.fml.config.ConfigFileTypeHandler/CONFIG]: Built TOML config for /workspaces/franco-es-de-cerro-xd/servidor_minecraft/config/the_bumblezone/mod_compatibility.toml
[13Jun2025 00:33:08.658] [main/DEBUG] [net.minecraftforge.fml.config.ConfigFileTypeHandler/CONFIG]: Loaded TOML config file /workspaces/franco-es-de-cerro-xd/servidor_minecraft/config/the_bumblezone/mod_compatibility.toml
[13Jun2025 00:33:08.658] [main/DEBUG] [net.minecraftforge.fml.config.ConfigFileTypeHandler/CONFIG]: Watching TOML config file /workspaces/franco-es-de-cerro-xd/servidor_minecraft/config/the_bumblezone/mod_compatibility.toml for changes
[13Jun2025 00:33:08.659] [main/DEBUG] [net.minecraftforge.fml.config.ConfigFileTypeHandler/CONFIG]: Built TOML config for /workspaces/franco-es-de-cerro-xd/servidor_minecraft/config/aquaculture-common.toml
[13Jun2025 00:33:08.660] [main/DEBUG] [net.minecraftforge.fml.config.ConfigFileTypeHandler/CONFIG]: Loaded TOML config file /workspaces/franco-es-de-cerro-xd/servidor_minecraft/config/aquaculture-common.toml
[13Jun2025 00:33:08.660] [Thread-0/DEBUG] [net.minecraftforge.fml.config.ConfigFileTypeHandler/CONFIG]: Config file the_bumblezone/mod_compatibility.toml changed, sending notifies
[13Jun2025 00:33:08.661] [main/DEBUG] [net.minecraftforge.fml.config.ConfigFileTypeHandler/CONFIG]: Watching TOML config file /workspaces/franco-es-de-cerro-xd/servidor_minecraft/config/aquaculture-common.toml for changes
[13Jun2025 00:33:08.662] [Thread-0/DEBUG] [net.minecraftforge.fml.config.ConfigFileTypeHandler/CONFIG]: Config file aquaculture-common.toml changed, sending notifies
[13Jun2025 00:33:08.662] [main/DEBUG] [net.minecraftforge.fml.config.ConfigFileTypeHandler/CONFIG]: Built TOML config for /workspaces/franco-es-de-cerro-xd/servidor_minecraft/config/when-dungeons-arise-common.toml
[13Jun2025 00:33:08.663] [Thread-0/DEBUG] [net.minecraftforge.fml.config.ConfigFileTypeHandler/CONFIG]: Config file aquaculture-common.toml changed, sending notifies
[13Jun2025 00:33:08.667] [main/DEBUG] [net.minecraftforge.fml.config.ConfigFileTypeHandler/CONFIG]: Loaded TOML config file /workspaces/franco-es-de-cerro-xd/servidor_minecraft/config/when-dungeons-arise-common.toml
[13Jun2025 00:33:08.668] [main/DEBUG] [net.minecraftforge.fml.config.ConfigFileTypeHandler/CONFIG]: Watching TOML config file /workspaces/franco-es-de-cerro-xd/servidor_minecraft/config/when-dungeons-arise-common.toml for changes
[13Jun2025 00:33:08.672] [Thread-0/DEBUG] [net.minecraftforge.fml.config.ConfigFileTypeHandler/CONFIG]: Config file when-dungeons-arise-common.toml changed, sending notifies
[13Jun2025 00:33:08.675] [Thread-0/DEBUG] [net.minecraftforge.fml.config.ConfigFileTypeHandler/CONFIG]: Config file when-dungeons-arise-common.toml changed, sending notifies
[13Jun2025 00:33:08.678] [Thread-0/DEBUG] [net.minecraftforge.fml.config.ConfigFileTypeHandler/CONFIG]: Config file when-dungeons-arise-common.toml changed, sending notifies
[13Jun2025 00:33:08.679] [main/DEBUG] [net.minecraftforge.fml.config.ConfigFileTypeHandler/CONFIG]: Built TOML config for /workspaces/franco-es-de-cerro-xd/servidor_minecraft/config/anointeditems-common.toml
[13Jun2025 00:33:08.680] [main/DEBUG] [net.minecraftforge.fml.config.ConfigFileTypeHandler/CONFIG]: Loaded TOML config file /workspaces/franco-es-de-cerro-xd/servidor_minecraft/config/anointeditems-common.toml
[13Jun2025 00:33:08.680] [main/DEBUG] [net.minecraftforge.fml.config.ConfigFileTypeHandler/CONFIG]: Watching TOML config file /workspaces/franco-es-de-cerro-xd/servidor_minecraft/config/anointeditems-common.toml for changes
[13Jun2025 00:33:08.682] [Thread-0/DEBUG] [net.minecraftforge.fml.config.ConfigFileTypeHandler/CONFIG]: Config file anointeditems-common.toml changed, sending notifies
[13Jun2025 00:33:08.683] [Thread-0/DEBUG] [net.minecraftforge.fml.config.ConfigFileTypeHandler/CONFIG]: Config file anointeditems-common.toml changed, sending notifies
[13Jun2025 00:33:08.691] [modloading-worker-0/DEBUG] [enemeez.simplefarming.SimpleFarming/]: common setup
[13Jun2025 00:33:08.704] [modloading-worker-2/DEBUG] [net.minecraftforge.fml.config.ConfigTracker/CONFIG]: Config file jei-server.toml for jei tracking
[13Jun2025 00:33:08.707] [modloading-worker-2/WARN] [net.minecraftforge.common.ForgeHooks/]: Called deprecated GlobalEntityTypeAttributes#put for goblintraders:goblin_trader, use EntityAttributeCreationEvent instead.
[13Jun2025 00:33:08.708] [modloading-worker-2/WARN] [net.minecraftforge.common.ForgeHooks/]: Called deprecated GlobalEntityTypeAttributes#put for goblintraders:vein_goblin_trader, use EntityAttributeCreationEvent instead.
[13Jun2025 00:33:08.785] [modloading-worker-0/INFO] [com.jaquadro.minecraft.storagedrawers.StorageDrawers/]: New compacting rule 4 clay_ball = 1 clay
[13Jun2025 00:33:08.787] [modloading-worker-0/INFO] [com.jaquadro.minecraft.storagedrawers.StorageDrawers/]: New compacting rule 4 snowball = 1 snow_block
[13Jun2025 00:33:08.788] [modloading-worker-0/INFO] [com.jaquadro.minecraft.storagedrawers.StorageDrawers/]: New compacting rule 4 glowstone_dust = 1 glowstone
[13Jun2025 00:33:08.792] [modloading-worker-0/INFO] [com.jaquadro.minecraft.storagedrawers.StorageDrawers/]: New compacting rule 4 brick = 1 bricks
[13Jun2025 00:33:08.792] [modloading-worker-0/INFO] [com.jaquadro.minecraft.storagedrawers.StorageDrawers/]: New compacting rule 4 nether_brick = 1 nether_bricks
[13Jun2025 00:33:08.793] [modloading-worker-0/INFO] [com.jaquadro.minecraft.storagedrawers.StorageDrawers/]: New compacting rule 9 nether_wart = 1 nether_wart_block
[13Jun2025 00:33:08.793] [modloading-worker-0/INFO] [com.jaquadro.minecraft.storagedrawers.StorageDrawers/]: New compacting rule 4 quartz = 1 quartz_block
[13Jun2025 00:33:08.793] [modloading-worker-0/INFO] [com.jaquadro.minecraft.storagedrawers.StorageDrawers/]: New compacting rule 9 melon_slice = 1 melon
[13Jun2025 00:33:08.794] [modloading-worker-0/INFO] [com.jaquadro.minecraft.storagedrawers.StorageDrawers/]: New compacting rule 4 sand = 1 sandstone
[13Jun2025 00:33:08.795] [modloading-worker-0/INFO] [com.jaquadro.minecraft.storagedrawers.StorageDrawers/]: New compacting rule 4 red_sand = 1 red_sandstone
[13Jun2025 00:33:08.818] [modloading-worker-2/DEBUG] [net.minecraftforge.fml.config.ConfigTracker/CONFIG]: Config file artifacts-server.toml for artifacts tracking
[13Jun2025 00:33:08.826] [modloading-worker-3/INFO] [Dungeon Crawl/]: Common Setup
[13Jun2025 00:33:08.843] [modloading-worker-3/INFO] [Dungeon Crawl/]: Whitelisted Dimensions:
[13Jun2025 00:33:08.844] [modloading-worker-3/INFO] [Dungeon Crawl/]: minecraft:overworld
[13Jun2025 00:33:08.872] [modloading-worker-0/INFO] [com.jaquadro.minecraft.storagedrawers.StorageDrawers/]: New compacting rule 4 clay_ball = 1 clay
[13Jun2025 00:33:08.891] [modloading-worker-0/INFO] [Spartan Weaponry/]: Setting up Spartan Weaponry!
[13Jun2025 00:33:09.015] [Forge Version Check/INFO] [net.minecraftforge.fml.VersionChecker/]: [usefulbackpacks] Starting version check at https://api.u-team.info/update/usefulbackpacks.json
[13Jun2025 00:33:09.330] [main/DEBUG] [net.minecraftforge.fml.DeferredWorkQueue/LOADING]: Dispatching synchronous work after COMMON_SETUP: 18 jobs
[13Jun2025 00:33:09.339] [Forge Version Check/DEBUG] [net.minecraftforge.fml.VersionChecker/]: [usefulbackpacks] Received version check data:
{
	"homepage": "https://www.curseforge.com/minecraft/mc-mods/useful-backpacks/files",
	"promos": {
		"1.12.2-latest": "1.5.4.85",
		"1.12.2-recommended": "1.5.4.85",
		"1.13.2-latest": "1.6.1.25",
		"1.13.2-recommended": "1.6.1.25",
		"1.14.2-latest": "1.7.0.32",
		"1.14.2-recommended": "1.7.0.32",
		"1.14.3-latest": "1.7.0.33",
		"1.14.3-recommended": "1.7.0.33",
		"1.14.4-latest": "1.7.6.60",
		"1.14.4-recommended": "1.7.6.60",
		"1.15.1-latest": "1.8.3.51",
		"1.15.1-recommended": "1.8.3.51",
		"1.15.2-latest": "1.10.3.77",
		"1.15.2-recommended": "1.10.3.77",
		"1.16.1-latest": "1.11.3.78",
		"1.16.1-recommended": "1.11.3.78",
		"1.16.2-latest": "1.11.5.81",
		"1.16.2-recommended": "1.11.5.81",
		"1.16.3-latest": "1.11.6.84",
		"1.16.3-recommended": "1.11.6.84",
		"1.16.4-latest": "1.11.6.87",
		"1.16.4-recommended": "1.11.6.87",
		"1.16.5-latest": "1.12.1.103",
		"1.16.5-recommended": "1.12.1.103",
		"1.17.1-latest": "1.12.1.91",
		"1.17.1-recommended": "1.12.1.91",
		"1.18.1-latest": "1.12.1.92-SNAPSHOT",
		"1.18.1-recommended": "1.12.1.92-SNAPSHOT",
		"1.18.2-latest": "1.12.2.94",
		"1.18.2-recommended": "1.12.2.94",
		"1.19-latest": "1.14.0.99",
		"1.19-recommended": "1.14.0.99",
		"1.19.1-latest": "1.14.1.100",
		"1.19.1-recommended": "1.14.1.100",
		"1.19.2-latest": "1.14.1.107",
		"1.19.2-recommended": "1.14.1.107",
		"1.19.3-latest": "1.14.3.109",
		"1.19.3-recommended": "1.14.3.109",
		"1.19.4-latest": "1.15.1.112",
		"1.19.4-recommended": "1.15.1.112",
		"1.20-latest": "2.0.1.118",
		"1.20-recommended": "2.0.1.118",
		"1.20.1-latest": "2.0.1.124",
		"1.20.1-recommended": "2.0.1.124",
		"1.20.2-latest": "2.0.1.123",
		"1.20.2-recommended": "2.0.1.123",
		"1.21-latest": "3.0.0.125",
		"1.21-recommended": "3.0.0.125",
		"1.21.1-latest": "3.0.2.129",
		"1.21.1-recommended": "3.0.2.129"
	},
	"1.12.2": {
		"1.5.4.85": "https://github.com/MC-U-Team/Useful-Backpacks/blob/1.12.2/CHANGELOG.md"
	},
	"1.13.2": {
		"1.6.1.25": "https://github.com/MC-U-Team/Useful-Backpacks/blob/1.13.2/CHANGELOG.md"
	},
	"1.14.2": {
		"1.7.0.32": "https://github.com/MC-U-Team/Useful-Backpacks/blob/1.14.2/CHANGELOG.md"
	},
	"1.14.3": {
		"1.7.0.33": "https://github.com/MC-U-Team/Useful-Backpacks/blob/1.14.3/CHANGELOG.md"
	},
	"1.14.4": {
		"1.7.6.60": "https://github.com/MC-U-Team/Useful-Backpacks/blob/1.14.4/CHANGELOG.md"
	},
	"1.15.1": {
		"1.8.3.51": "https://github.com/MC-U-Team/Useful-Backpacks/blob/1.15.1/CHANGELOG.md"
	},
	"1.15.2": {
		"1.10.3.77": "https://github.com/MC-U-Team/Useful-Backpacks/blob/1.15.2/CHANGELOG.md"
	},
	"1.16.1": {
		"1.11.3.78": "https://github.com/MC-U-Team/Useful-Backpacks/blob/1.16.1/CHANGELOG.md"
	},
	"1.16.2": {
		"1.11.5.81": "https://github.com/MC-U-Team/Useful-Backpacks/blob/1.16.2/CHANGELOG.md"
	},
	"1.16.3": {
		"1.11.6.84": "https://github.com/MC-U-Team/Useful-Backpacks/blob/1.16.3/CHANGELOG.md"
	},
	"1.16.4": {
		"1.11.6.87": "https://github.com/MC-U-Team/Useful-Backpacks/blob/1.16.4/CHANGELOG.md"
	},
	"1.16.5": {
		"1.12.1.103": "https://github.com/MC-U-Team/Useful-Backpacks/blob/1.16.5/CHANGELOG.md"
	},
	"1.17.1": {
		"1.12.1.91": "https://github.com/MC-U-Team/Useful-Backpacks/blob/1.17.1/CHANGELOG.md"
	},
	"1.18.1": {
		"1.12.1.92-SNAPSHOT": "https://github.com/MC-U-Team/Useful-Backpacks/blob/1.18.1/CHANGELOG.md"
	},
	"1.18.2": {
		"1.12.2.94": "https://github.com/MC-U-Team/Useful-Backpacks/blob/1.18.2/CHANGELOG.md"
	},
	"1.19": {
		"1.14.0.99": "https://github.com/MC-U-Team/Useful-Backpacks/blob/1.19/CHANGELOG.md"
	},
	"1.19.1": {
		"1.14.1.100": "https://github.com/MC-U-Team/Useful-Backpacks/blob/1.19.1/CHANGELOG.md"
	},
	"1.19.2": {
		"1.14.1.107": "https://github.com/MC-U-Team/Useful-Backpacks/blob/1.19.2/CHANGELOG.md"
	},
	"1.19.3": {
		"1.14.3.109": "https://github.com/MC-U-Team/Useful-Backpacks/blob/1.19.3/CHANGELOG.md"
	},
	"1.19.4": {
		"1.15.1.112": "https://github.com/MC-U-Team/Useful-Backpacks/blob/1.19.4/CHANGELOG.md"
	},
	"1.20": {
		"2.0.1.118": "https://github.com/MC-U-Team/Useful-Backpacks/blob/1.20/CHANGELOG.md"
	},
	"1.20.1": {
		"2.0.1.124": "https://github.com/MC-U-Team/Useful-Backpacks/blob/1.20.1/CHANGELOG.md"
	},
	"1.20.2": {
		"2.0.1.123": "https://github.com/MC-U-Team/Useful-Backpacks/blob/1.20.2/CHANGELOG.md"
	},
	"1.21": {
		"3.0.0.125": "https://github.com/MC-U-Team/Useful-Backpacks/blob/1.21/CHANGELOG.md"
	},
	"1.21.1": {
		"3.0.2.129": "https://github.com/MC-U-Team/Useful-Backpacks/blob/1.21.1/CHANGELOG.md"
	}
}
[13Jun2025 00:33:09.343] [Forge Version Check/INFO] [net.minecraftforge.fml.VersionChecker/]: [usefulbackpacks] Found status: UP_TO_DATE Current: 1.12.1.103 Target: null
[13Jun2025 00:33:09.344] [Forge Version Check/INFO] [net.minecraftforge.fml.VersionChecker/]: [goblintraders] Starting version check at https://mrcrayfish.com/modupdatejson?id=goblintraders
[13Jun2025 00:33:09.395] [main/INFO] [Dungeon Crawl/]: Registering Structure Piece Types
[13Jun2025 00:33:09.615] [Forge Version Check/WARN] [net.minecraftforge.fml.VersionChecker/]: Failed to process update information
java.io.IOException: Server returned HTTP response code: 403 for URL: https://mrcrayfish.com/modupdatejson?id=goblintraders
	at jdk.internal.reflect.NativeConstructorAccessorImpl.newInstance0(Native Method) ~[?:?]
	at jdk.internal.reflect.NativeConstructorAccessorImpl.newInstance(NativeConstructorAccessorImpl.java:62) ~[?:?]
	at jdk.internal.reflect.DelegatingConstructorAccessorImpl.newInstance(DelegatingConstructorAccessorImpl.java:45) ~[?:?]
	at java.lang.reflect.Constructor.newInstance(Constructor.java:490) ~[?:?]
	at sun.net.www.protocol.http.HttpURLConnection$10.run(HttpURLConnection.java:2017) ~[?:?]
	at sun.net.www.protocol.http.HttpURLConnection$10.run(HttpURLConnection.java:2012) ~[?:?]
	at java.security.AccessController.doPrivileged(Native Method) ~[?:?]
	at sun.net.www.protocol.http.HttpURLConnection.getChainedException(HttpURLConnection.java:2011) ~[?:?]
	at sun.net.www.protocol.http.HttpURLConnection.getInputStream0(HttpURLConnection.java:1573) ~[?:?]
	at sun.net.www.protocol.http.HttpURLConnection.getInputStream(HttpURLConnection.java:1557) ~[?:?]
	at sun.net.www.protocol.https.HttpsURLConnectionImpl.getInputStream(HttpsURLConnectionImpl.java:250) ~[?:?]
	at net.minecraftforge.fml.VersionChecker$1.openUrlString(VersionChecker.java:163) ~[forge:?]
	at net.minecraftforge.fml.VersionChecker$1.process(VersionChecker.java:187) ~[forge:?]
	at java.lang.Iterable.forEach(Iterable.java:75) [?:?]
	at net.minecraftforge.fml.VersionChecker$1.run(VersionChecker.java:128) [forge:?]
Caused by: java.io.IOException: Server returned HTTP response code: 403 for URL: https://mrcrayfish.com/modupdatejson?id=goblintraders
	at sun.net.www.protocol.http.HttpURLConnection.getInputStream0(HttpURLConnection.java:1961) ~[?:?]
	at sun.net.www.protocol.http.HttpURLConnection.getInputStream(HttpURLConnection.java:1557) ~[?:?]
	at java.net.HttpURLConnection.getResponseCode(HttpURLConnection.java:527) ~[?:?]
	at sun.net.www.protocol.https.HttpsURLConnectionImpl.getResponseCode(HttpsURLConnectionImpl.java:334) ~[?:?]
	at net.minecraftforge.fml.VersionChecker$1.openUrlString(VersionChecker.java:145) ~[forge:?]
	... 3 more
[13Jun2025 00:33:09.623] [Forge Version Check/INFO] [net.minecraftforge.fml.VersionChecker/]: [configured] Starting version check at https://mrcrayfish.com/modupdatejson?id=configured
[13Jun2025 00:33:09.624] [main/DEBUG] [Paraglider/]: Start adding village structures
[13Jun2025 00:33:09.625] [main/DEBUG] [Paraglider/]: Added 2 elements to jigsaw pool 'minecraft:village/desert/houses'
[13Jun2025 00:33:09.625] [main/DEBUG] [Paraglider/]: Added 2 elements to jigsaw pool 'minecraft:village/plains/houses'
[13Jun2025 00:33:09.626] [main/DEBUG] [Paraglider/]: Added 2 elements to jigsaw pool 'minecraft:village/savanna/houses'
[13Jun2025 00:33:09.626] [main/DEBUG] [Paraglider/]: Added 1 elements to jigsaw pool 'minecraft:village/snowy/houses'
[13Jun2025 00:33:09.626] [main/DEBUG] [Paraglider/]: Added 2 elements to jigsaw pool 'minecraft:village/taiga/houses'
[13Jun2025 00:33:09.626] [main/DEBUG] [Paraglider/]: Finished adding village structures
[13Jun2025 00:33:09.673] [main/DEBUG] [net.minecraftforge.fml.DeferredWorkQueue/LOADING]: Synchronous work queue completed in 00:00:00.342
[13Jun2025 00:33:09.716] [Forge Version Check/WARN] [net.minecraftforge.fml.VersionChecker/]: Failed to process update information
java.io.IOException: Server returned HTTP response code: 403 for URL: https://mrcrayfish.com/modupdatejson?id=configured
	at jdk.internal.reflect.NativeConstructorAccessorImpl.newInstance0(Native Method) ~[?:?]
	at jdk.internal.reflect.NativeConstructorAccessorImpl.newInstance(NativeConstructorAccessorImpl.java:62) ~[?:?]
	at jdk.internal.reflect.DelegatingConstructorAccessorImpl.newInstance(DelegatingConstructorAccessorImpl.java:45) ~[?:?]
	at java.lang.reflect.Constructor.newInstance(Constructor.java:490) ~[?:?]
	at sun.net.www.protocol.http.HttpURLConnection$10.run(HttpURLConnection.java:2017) ~[?:?]
	at sun.net.www.protocol.http.HttpURLConnection$10.run(HttpURLConnection.java:2012) ~[?:?]
	at java.security.AccessController.doPrivileged(Native Method) ~[?:?]
	at sun.net.www.protocol.http.HttpURLConnection.getChainedException(HttpURLConnection.java:2011) ~[?:?]
	at sun.net.www.protocol.http.HttpURLConnection.getInputStream0(HttpURLConnection.java:1573) ~[?:?]
	at sun.net.www.protocol.http.HttpURLConnection.getInputStream(HttpURLConnection.java:1557) ~[?:?]
	at sun.net.www.protocol.https.HttpsURLConnectionImpl.getInputStream(HttpsURLConnectionImpl.java:250) ~[?:?]
	at net.minecraftforge.fml.VersionChecker$1.openUrlString(VersionChecker.java:163) ~[forge:?]
	at net.minecraftforge.fml.VersionChecker$1.process(VersionChecker.java:187) ~[forge:?]
	at java.lang.Iterable.forEach(Iterable.java:75) [?:?]
	at net.minecraftforge.fml.VersionChecker$1.run(VersionChecker.java:128) [forge:?]
Caused by: java.io.IOException: Server returned HTTP response code: 403 for URL: https://mrcrayfish.com/modupdatejson?id=configured
	at sun.net.www.protocol.http.HttpURLConnection.getInputStream0(HttpURLConnection.java:1961) ~[?:?]
	at sun.net.www.protocol.http.HttpURLConnection.getInputStream(HttpURLConnection.java:1557) ~[?:?]
	at java.net.HttpURLConnection.getResponseCode(HttpURLConnection.java:527) ~[?:?]
	at sun.net.www.protocol.https.HttpsURLConnectionImpl.getResponseCode(HttpsURLConnectionImpl.java:334) ~[?:?]
	at net.minecraftforge.fml.VersionChecker$1.openUrlString(VersionChecker.java:145) ~[forge:?]
	... 3 more
[13Jun2025 00:33:09.721] [Forge Version Check/INFO] [net.minecraftforge.fml.VersionChecker/]: [tombstone] Starting version check at https://raw.githubusercontent.com/Corail31/tombstone_lite/master/update.json
[13Jun2025 00:33:09.735] [Forge Version Check/DEBUG] [net.minecraftforge.fml.VersionChecker/]: [tombstone] Received version check data:
{
	"homepage": "https://www.curseforge.com/minecraft/mc-mods/corail-tombstone",
	"promos": {
		"1.21.5-latest": "9.4.2",
		"1.21.5-recommended": "9.4.2",
		"1.21.4-latest": "9.3.9",
		"1.21.4-recommended": "9.3.9",
		"1.21.3-latest": "9.2.4",
		"1.21.3-recommended": "9.2.4",
		"1.21.1-latest": "9.1.10",
		"1.21.1-recommended": "9.1.10",
		"1.20.4-latest": "8.6.4",
		"1.20.4-recommended": "8.6.4",
		"1.20.2-latest": "8.6.3",
		"1.20.2-recommended": "8.6.3",
		"1.20.1-latest": "8.9.6",
		"1.20.1-recommended": "8.9.5",
		"1.19.4-latest": "8.4.2",
		"1.19.4-recommended": "8.4.2",
		"1.19.3-latest": "8.3.2",
		"1.19.3-recommended": "8.3.2",
		"1.19.2-latest": "8.3.7",
		"1.19.2-recommended": "8.3.7",
		"1.19.1-latest": "8.1.0",
		"1.19.1-recommended": "8.1.0",
		"1.18.2-latest": "7.7.6",
		"1.18.2-recommended": "7.7.6",
		"1.18.1-latest": "7.4.1",
		"1.18.1-recommended": "7.4.1",
		"1.17.1-latest": "7.3.0",
		"1.17.1-recommended": "7.3.0",
		"1.16.5-latest": "6.9.6",
		"1.16.5-recommended": "6.9.6",
		"1.15.2-latest": "4.6.0",
		"1.15.2-recommended": "4.6.0",
		"1.14.4-latest": "4.3.6",
		"1.14.4-recommended": "4.3.6",
		"1.13.2-latest": "3.5.2",
		"1.13.2-recommended": "3.5.2",
		"1.12.2-latest": "4.7.5",
		"1.12.2-recommended": "4.7.5",
		"1.11.2-latest": "2.9.0.1",
		"1.11.2-recommended": "2.9.0.1",
		"1.10.2-latest": "2.9.4",
		"1.10.2-recommended": "2.9.4",
		"1.9.4-latest": "1.4.1",
		"1.9.4-recommended": "1.4.1",
		"1.8.9-latest": "1.4.1",
		"1.8.9-recommended": "1.4.1"
	},
	"1.21.5": {
		"9.4.2": "final version"
	},
	"1.21.4": {
		"9.3.9": "final version"
	},
	"1.21.3": {
		"9.2.4": "final version"
	},
	"1.21.1": {
		"9.1.10": "final version"
	},
	"1.20.4": {
		"8.6.4": "final version"
	},
	"1.20.2": {
		"8.6.3": "final version"
	},
	"1.20.1": {
		"8.9.6": "about familiar",
		"8.9.5": "improvements",
		"8.9.4": "configs for special events",
		"8.9.3": "improvements",
		"8.9.2": "abandoned graves",
		"8.9.1": "improvements",
		"8.9.0": "improves enchantments"
	},
	"1.19.4": {
		"8.4.2": "final version"
	},
	"1.19.2": {
		"8.3.7": "final version"
	},
	"1.18.2": {
		"7.7.6": "final version"
	},
	"1.16.5": {
		"6.9.6": "final version"
	},
	"1.12.2": {
		"4.7.5": "final version"
	}
}
[13Jun2025 00:33:09.738] [Forge Version Check/INFO] [net.minecraftforge.fml.VersionChecker/]: [tombstone] Found status: UP_TO_DATE Current: 6.9.6 Target: null
[13Jun2025 00:33:09.738] [Forge Version Check/INFO] [net.minecraftforge.fml.VersionChecker/]: [uteamcore] Starting version check at https://api.u-team.info/update/uteamcore.json
[13Jun2025 00:33:09.757] [Forge Version Check/DEBUG] [net.minecraftforge.fml.VersionChecker/]: [uteamcore] Received version check data:
{
	"homepage": "https://www.curseforge.com/minecraft/mc-mods/u-team-core/files",
	"promos": {
		"1.12.2-latest": "2.2.5.375",
		"1.12.2-recommended": "2.2.5.375",
		"1.13.2-latest": "2.4.0.110",
		"1.13.2-recommended": "2.4.0.110",
		"1.14.2-latest": "2.7.0.127",
		"1.14.2-recommended": "2.7.0.127",
		"1.14.3-latest": "2.7.0.128",
		"1.14.3-recommended": "2.7.0.128",
		"1.14.4-latest": "2.8.2.376",
		"1.14.4-recommended": "2.8.2.376",
		"1.15.1-latest": "2.9.3.145",
		"1.15.1-recommended": "2.9.3.145",
		"1.15.2-latest": "3.0.2.377",
		"1.15.2-recommended": "3.0.2.377",
		"1.16.1-latest": "3.1.4.182",
		"1.16.1-recommended": "3.1.4.182",
		"1.16.2-latest": "3.1.9.180",
		"1.16.2-recommended": "3.1.9.180",
		"1.16.3-latest": "3.1.12.185",
		"1.16.3-recommended": "3.1.12.185",
		"1.16.4-latest": "3.1.17.192",
		"1.16.4-recommended": "3.1.17.192",
		"1.16.5-latest": "3.2.1.378",
		"1.16.5-recommended": "3.2.1.378",
		"1.17.1-latest": "4.0.0.199",
		"1.17.1-recommended": "4.0.0.199",
		"1.18-latest": "4.0.0.200-SNAPSHOT",
		"1.18-recommended": "4.0.0.200-SNAPSHOT",
		"1.18.1-latest": "4.0.0.203",
		"1.18.1-recommended": "4.0.0.203",
		"1.18.2-latest": "4.0.1.379",
		"1.18.2-recommended": "4.0.1.379",
		"1.19-latest": "4.3.0.222",
		"1.19-recommended": "4.3.0.222",
		"1.19.1-latest": "4.3.1.224",
		"1.19.1-recommended": "4.3.1.224",
		"1.19.2-latest": "4.4.3.380",
		"1.19.2-recommended": "4.4.3.380",
		"1.19.3-latest": "4.5.3.240",
		"1.19.3-recommended": "4.5.3.240",
		"1.19.4-latest": "5.0.2.381",
		"1.19.4-recommended": "5.0.2.381",
		"1.20-latest": "5.1.2.265",
		"1.20-recommended": "5.1.2.265",
		"1.20.1-latest": "5.1.4.382",
		"1.20.1-recommended": "5.1.4.382",
		"1.20.2-latest": "5.2.0.270",
		"1.20.2-recommended": "5.2.0.270",
		"1.20.4-latest": "5.3.0.301",
		"1.20.4-recommended": "5.3.0.301",
		"1.20.6-latest": "5.4.0.383",
		"1.20.6-recommended": "5.4.0.383",
		"1.21-latest": "5.6.0.328",
		"1.21-recommended": "5.6.0.328",
		"1.21.1-latest": "5.6.2.384",
		"1.21.1-recommended": "5.6.2.384"
	},
	"1.12.2": {
		"2.2.5.375": "https://github.com/MC-U-Team/U-Team-Core/blob/1.12.2/CHANGELOG.md"
	},
	"1.13.2": {
		"2.4.0.110": "https://github.com/MC-U-Team/U-Team-Core/blob/1.13.2/CHANGELOG.md"
	},
	"1.14.2": {
		"2.7.0.127": "https://github.com/MC-U-Team/U-Team-Core/blob/1.14.2/CHANGELOG.md"
	},
	"1.14.3": {
		"2.7.0.128": "https://github.com/MC-U-Team/U-Team-Core/blob/1.14.3/CHANGELOG.md"
	},
	"1.14.4": {
		"2.8.2.376": "https://github.com/MC-U-Team/U-Team-Core/blob/1.14.4/CHANGELOG.md"
	},
	"1.15.1": {
		"2.9.3.145": "https://github.com/MC-U-Team/U-Team-Core/blob/1.15.1/CHANGELOG.md"
	},
	"1.15.2": {
		"3.0.2.377": "https://github.com/MC-U-Team/U-Team-Core/blob/1.15.2/CHANGELOG.md"
	},
	"1.16.1": {
		"3.1.4.182": "https://github.com/MC-U-Team/U-Team-Core/blob/1.16.1/CHANGELOG.md"
	},
	"1.16.2": {
		"3.1.9.180": "https://github.com/MC-U-Team/U-Team-Core/blob/1.16.2/CHANGELOG.md"
	},
	"1.16.3": {
		"3.1.12.185": "https://github.com/MC-U-Team/U-Team-Core/blob/1.16.3/CHANGELOG.md"
	},
	"1.16.4": {
		"3.1.17.192": "https://github.com/MC-U-Team/U-Team-Core/blob/1.16.4/CHANGELOG.md"
	},
	"1.16.5": {
		"3.2.1.378": "https://github.com/MC-U-Team/U-Team-Core/blob/1.16.5/CHANGELOG.md"
	},
	"1.17.1": {
		"4.0.0.199": "https://github.com/MC-U-Team/U-Team-Core/blob/1.17.1/CHANGELOG.md"
	},
	"1.18": {
		"4.0.0.200-SNAPSHOT": "https://github.com/MC-U-Team/U-Team-Core/blob/1.18/CHANGELOG.md"
	},
	"1.18.1": {
		"4.0.0.203": "https://github.com/MC-U-Team/U-Team-Core/blob/1.18.1/CHANGELOG.md"
	},
	"1.18.2": {
		"4.0.1.379": "https://github.com/MC-U-Team/U-Team-Core/blob/1.18.2/CHANGELOG.md"
	},
	"1.19": {
		"4.3.0.222": "https://github.com/MC-U-Team/U-Team-Core/blob/1.19/CHANGELOG.md"
	},
	"1.19.1": {
		"4.3.1.224": "https://github.com/MC-U-Team/U-Team-Core/blob/1.19.1/CHANGELOG.md"
	},
	"1.19.2": {
		"4.4.3.380": "https://github.com/MC-U-Team/U-Team-Core/blob/1.19.2/CHANGELOG.md"
	},
	"1.19.3": {
		"4.5.3.240": "https://github.com/MC-U-Team/U-Team-Core/blob/1.19.3/CHANGELOG.md"
	},
	"1.19.4": {
		"5.0.2.381": "https://github.com/MC-U-Team/U-Team-Core/blob/1.19.4/CHANGELOG.md"
	},
	"1.20": {
		"5.1.2.265": "https://github.com/MC-U-Team/U-Team-Core/blob/1.20/CHANGELOG.md"
	},
	"1.20.1": {
		"5.1.4.382": "https://github.com/MC-U-Team/U-Team-Core/blob/1.20.1/CHANGELOG.md"
	},
	"1.20.2": {
		"5.2.0.270": "https://github.com/MC-U-Team/U-Team-Core/blob/1.20.2/CHANGELOG.md"
	},
	"1.20.4": {
		"5.3.0.301": "https://github.com/MC-U-Team/U-Team-Core/blob/1.20.4/CHANGELOG.md"
	},
	"1.20.6": {
		"5.4.0.383": "https://github.com/MC-U-Team/U-Team-Core/blob/1.20.6/CHANGELOG.md"
	},
	"1.21": {
		"5.6.0.328": "https://github.com/MC-U-Team/U-Team-Core/blob/1.21/CHANGELOG.md"
	},
	"1.21.1": {
		"5.6.2.384": "https://github.com/MC-U-Team/U-Team-Core/blob/1.21.1/CHANGELOG.md"
	}
}
[13Jun2025 00:33:09.757] [Forge Version Check/INFO] [net.minecraftforge.fml.VersionChecker/]: [uteamcore] Found status: OUTDATED Current: 3.2.1.358 Target: 3.2.1.378
[13Jun2025 00:33:09.758] [Forge Version Check/INFO] [net.minecraftforge.fml.VersionChecker/]: [catalogue] Starting version check at https://mrcrayfish.com/modupdatejson?id=catalogue
[13Jun2025 00:33:09.769] [modloading-worker-3/INFO] [Waila/]: Registered plugin at snownee.jade.JadePlugin
[13Jun2025 00:33:09.770] [modloading-worker-3/INFO] [Waila/]: Registered plugin at snownee.jade.JadeClientPlugin
[13Jun2025 00:33:09.777] [modloading-worker-3/INFO] [Waila/]: Registered plugin at mcp.mobius.waila.addons.minecraft.PluginMinecraft
[13Jun2025 00:33:09.781] [modloading-worker-3/INFO] [Waila/]: Registered plugin at net.blay09.mods.waystones.compat.WailaProvider
[13Jun2025 00:33:09.787] [modloading-worker-3/INFO] [Waila/]: Registered plugin at com.jaquadro.minecraft.storagedrawers.integration.Waila
[13Jun2025 00:33:09.788] [modloading-worker-3/INFO] [Waila/]: Registered plugin at ovh.corail.tombstone.compatibility.IntegrationWaila
[13Jun2025 00:33:09.793] [main/DEBUG] [net.minecraftforge.fml.DeferredWorkQueue/LOADING]: Dispatching synchronous work after COMPLETE: 2 jobs
[13Jun2025 00:33:09.793] [main/DEBUG] [net.minecraftforge.fml.DeferredWorkQueue/LOADING]: Synchronous work queue completed in 00:00:00.000
[13Jun2025 00:33:09.884] [Forge Version Check/WARN] [net.minecraftforge.fml.VersionChecker/]: Failed to process update information
java.io.IOException: Server returned HTTP response code: 403 for URL: https://mrcrayfish.com/modupdatejson?id=catalogue
	at jdk.internal.reflect.NativeConstructorAccessorImpl.newInstance0(Native Method) ~[?:?]
	at jdk.internal.reflect.NativeConstructorAccessorImpl.newInstance(NativeConstructorAccessorImpl.java:62) ~[?:?]
	at jdk.internal.reflect.DelegatingConstructorAccessorImpl.newInstance(DelegatingConstructorAccessorImpl.java:45) ~[?:?]
	at java.lang.reflect.Constructor.newInstance(Constructor.java:490) ~[?:?]
	at sun.net.www.protocol.http.HttpURLConnection$10.run(HttpURLConnection.java:2017) ~[?:?]
	at sun.net.www.protocol.http.HttpURLConnection$10.run(HttpURLConnection.java:2012) ~[?:?]
	at java.security.AccessController.doPrivileged(Native Method) ~[?:?]
	at sun.net.www.protocol.http.HttpURLConnection.getChainedException(HttpURLConnection.java:2011) ~[?:?]
	at sun.net.www.protocol.http.HttpURLConnection.getInputStream0(HttpURLConnection.java:1573) ~[?:?]
	at sun.net.www.protocol.http.HttpURLConnection.getInputStream(HttpURLConnection.java:1557) ~[?:?]
	at sun.net.www.protocol.https.HttpsURLConnectionImpl.getInputStream(HttpsURLConnectionImpl.java:250) ~[?:?]
	at net.minecraftforge.fml.VersionChecker$1.openUrlString(VersionChecker.java:163) ~[forge:?]
	at net.minecraftforge.fml.VersionChecker$1.process(VersionChecker.java:187) ~[forge:?]
	at java.lang.Iterable.forEach(Iterable.java:75) [?:?]
	at net.minecraftforge.fml.VersionChecker$1.run(VersionChecker.java:128) [forge:?]
Caused by: java.io.IOException: Server returned HTTP response code: 403 for URL: https://mrcrayfish.com/modupdatejson?id=catalogue
	at sun.net.www.protocol.http.HttpURLConnection.getInputStream0(HttpURLConnection.java:1961) ~[?:?]
	at sun.net.www.protocol.http.HttpURLConnection.getInputStream(HttpURLConnection.java:1557) ~[?:?]
	at java.net.HttpURLConnection.getResponseCode(HttpURLConnection.java:527) ~[?:?]
	at sun.net.www.protocol.https.HttpsURLConnectionImpl.getResponseCode(HttpsURLConnectionImpl.java:334) ~[?:?]
	at net.minecraftforge.fml.VersionChecker$1.openUrlString(VersionChecker.java:145) ~[forge:?]
	... 3 more
[13Jun2025 00:33:09.892] [Forge Version Check/INFO] [net.minecraftforge.fml.VersionChecker/]: [forge] Starting version check at https://files.minecraftforge.net/net/minecraftforge/forge/promotions_slim.json
[13Jun2025 00:33:10.067] [Forge Version Check/DEBUG] [net.minecraftforge.fml.VersionChecker/]: [forge] Received version check data:
{
  "homepage": "https://files.minecraftforge.net/net/minecraftforge/forge/",
  "promos": {
    "1.1-latest": "1.3.4.29",
    "1.2.3-latest": "1.4.1.64",
    "1.2.4-latest": "2.0.0.68",
    "1.2.5-latest": "3.4.9.171",
    "1.3.2-latest": "4.3.5.318",
    "1.4.0-latest": "5.0.0.326",
    "1.4.1-latest": "6.0.0.329",
    "1.4.2-latest": "6.0.1.355",
    "1.4.3-latest": "6.2.1.358",
    "1.4.4-latest": "6.3.0.378",
    "1.4.5-latest": "6.4.2.448",
    "1.4.6-latest": "6.5.0.489",
    "1.4.7-latest": "6.6.2.534",
    "1.5-latest": "7.7.0.598",
    "1.5.1-latest": "7.7.2.682",
    "1.5.2-latest": "7.8.1.738",
    "1.5.2-recommended": "7.8.1.738",
    "1.6.1-latest": "8.9.0.775",
    "1.6.2-latest": "9.10.1.871",
    "1.6.2-recommended": "9.10.1.871",
    "1.6.3-latest": "9.11.0.878",
    "1.6.4-latest": "9.11.1.1345",
    "1.6.4-recommended": "9.11.1.1345",
    "1.7.2-latest": "10.12.2.1161",
    "1.7.2-recommended": "10.12.2.1161",
    "1.7.10_pre4-latest": "10.12.2.1149",
    "1.7.10-latest": "10.13.4.1614",
    "1.7.10-recommended": "10.13.4.1614",
    "1.8-latest": "11.14.4.1577",
    "1.8-recommended": "11.14.4.1563",
    "1.8.8-latest": "11.15.0.1655",
    "1.8.9-latest": "11.15.1.2318",
    "1.8.9-recommended": "11.15.1.2318",
    "1.9-latest": "12.16.1.1938",
    "1.9-recommended": "12.16.1.1887",
    "1.9.4-latest": "12.17.0.2317",
    "1.9.4-recommended": "12.17.0.2317",
    "1.10-latest": "12.18.0.2000",
    "1.10.2-latest": "12.18.3.2511",
    "1.10.2-recommended": "12.18.3.2511",
    "1.11-latest": "13.19.1.2199",
    "1.11-recommended": "13.19.1.2189",
    "1.11.2-latest": "13.20.1.2588",
    "1.11.2-recommended": "13.20.1.2588",
    "1.12-latest": "14.21.1.2443",
    "1.12-recommended": "14.21.1.2387",
    "1.12.1-latest": "14.22.1.2485",
    "1.12.1-recommended": "14.22.1.2478",
    "1.12.2-latest": "14.23.5.2860",
    "1.12.2-recommended": "14.23.5.2859",
    "1.13.2-latest": "25.0.223",
    "1.14.2-latest": "26.0.63",
    "1.14.3-latest": "27.0.60",
    "1.14.4-latest": "28.2.26",
    "1.14.4-recommended": "28.2.26",
    "1.15-latest": "29.0.4",
    "1.15.1-latest": "30.0.51",
    "1.15.2-latest": "31.2.57",
    "1.15.2-recommended": "31.2.57",
    "1.16.1-latest": "32.0.108",
    "1.16.2-latest": "33.0.61",
    "1.16.3-latest": "34.1.42",
    "1.16.3-recommended": "34.1.0",
    "1.16.4-latest": "35.1.37",
    "1.16.4-recommended": "35.1.4",
    "1.16.5-latest": "36.2.42",
    "1.16.5-recommended": "36.2.34",
    "1.17.1-latest": "37.1.1",
    "1.17.1-recommended": "37.1.1",
    "1.18-latest": "38.0.17",
    "1.18.1-latest": "39.1.2",
    "1.18.1-recommended": "39.1.0",
    "1.18.2-recommended": "40.3.0",
    "1.18.2-latest": "40.3.10",
    "1.19-latest": "41.1.0",
    "1.19-recommended": "41.1.0",
    "1.19.1-latest": "42.0.9",
    "1.19.2-recommended": "43.5.0",
    "1.19.2-latest": "43.5.0",
    "1.19.3-latest": "44.1.23",
    "1.19.3-recommended": "44.1.0",
    "1.19.4-recommended": "45.4.0",
    "1.19.4-latest": "45.4.0",
    "1.20-latest": "46.0.14",
    "1.20.1-recommended": "47.4.0",
    "1.20.1-latest": "47.4.2",
    "1.20.2-latest": "48.1.0",
    "1.20.2-recommended": "48.1.0",
    "1.20.3-latest": "49.0.2",
    "1.20.4-latest": "49.2.0",
    "1.20.4-recommended": "49.2.0",
    "1.20.6-latest": "50.2.0",
    "1.20.6-recommended": "50.2.0",
    "1.21-latest": "51.0.33",
    "1.21.1-latest": "52.1.1",
    "1.21.1-recommended": "52.1.0",
    "1.21.3-latest": "53.1.1",
    "1.21.3-recommended": "53.1.0",
    "1.21.4-latest": "54.1.3",
    "1.21.4-recommended": "54.1.0",
    "1.21.5-latest": "55.0.23"
  }
}
[13Jun2025 00:33:10.067] [Forge Version Check/INFO] [net.minecraftforge.fml.VersionChecker/]: [forge] Found status: AHEAD Current: 36.2.42 Target: null
[13Jun2025 00:33:10.067] [Forge Version Check/INFO] [net.minecraftforge.fml.VersionChecker/]: [cofh_core] Starting version check at https://raw.github.com/cofh/version/master/cofh_core/update.json
[13Jun2025 00:33:10.136] [Forge Version Check/DEBUG] [net.minecraftforge.fml.VersionChecker/]: [cofh_core] Received version check data:
{
	"homepage": "https://teamcofh.com/downloads/",
	"1.20.1": {
		"11.0.2": "Bugfix and compatibility improvements related to BlockIngredient.",
		"11.0.1": "Minor bugfixes.",
		"11.0.0": "Initial 1.20.1 release!"
	},
	"1.19.2": {
		"10.3.0": "Good bugfixes.",
		"10.2.0": "Lots of under the hood changes.",
		"10.0.2": "Fix a rare race condition.",
		"10.0.1": "Fix an issue with item storage.",
		"10.0.0": "Initial 1.19.x release!"
	},
	"1.18.2": {
		"9.2.2": "Good bugfixes.",
		"9.2.0": "Lots of under the hood changes.",
		"9.1.2": "Fix an issue with item storage.",
		"9.1.1": "Fix a couple of minor Forge complaints and a rare crash.",
		"9.1.0": "More backend refactors; unification with 10.0 branch where possible.",
		"9.0.0": "Semver adjustment, massive backend refactors.",
		"1.6.4": "Minor bugfixes and refactors.",
		"1.6.3": "Re-add some lost functionality.",
		"1.6.2": "Minor bugfixes.",
		"1.6.1": "Minor bugfixes.",
		"1.6.0": "Initial 1.18.2 release!"
	},
	"1.16.5": {
		"1.5.0": "Final major 1.16.5 release.",
		"1.4.3": "Minor bugfixes and updates.",
		"1.4.1": "Some minor fixes for transparency issues.",
		"1.4.0": "Lots of underlying improvements and transitions towards 1.18 porting.",
		"1.3.1": "Minor fix for client configs.",
		"1.3.0": "Minor fixes involving bottled fluids. Backend improvements.",
		"1.2.1": "Minor fixes for some enchantment issues and an XP rounding calculation.",
		"1.2.0": "Lots of backend changes and refactors. Bump to 1.16.4 required."
	},
	"1.16.4": {
		"1.2.1": "Minor fixes for some enchantment issues and an XP rounding calculation.",
		"1.2.0": "Lots of backend changes and refactors. Bump to 1.16.4 required.",
		"1.1.6": "Localization update.",
		"1.1.4": "Fixes very rare crash with Area Effect block breaking.",
		"1.1.3": "Backend QoL changes and fixes.",
		"1.1.2": "Adjust how some enchantments are calculated.",
		"1.1.1": "Minor numerical localization improvement.",
		"1.1.0": "Lots of big internal refactors. Fixes Optifine issue since they are too lazy/incompetent to do it.",
		"1.0.3": "Minor optimizations; boosted Forge version requirement."
	},
	"1.16.3": {
		"1.1.6": "Localization update.",
		"1.1.4": "Fixes very rare crash with Area Effect block breaking.",
		"1.1.3": "Backend QoL changes and fixes.",
		"1.1.2": "Adjust how some enchantments are calculated.",
		"1.1.1": "Minor numerical localization improvement.",
		"1.1.0": "Lots of big internal refactors. Fixes Optifine issue since they are too lazy/incompetent to do it.",
		"1.0.3": "Minor optimizations; boosted Forge version requirement.",
		"1.0.1": "Adds client config option for Optifine compatibility.",
		"1.0.0": "Initial 1.16 version. Config system updates."
	},
	"1.15.2": {
		"1.0.1": "Adds client config option for Optifine compatibility.",
		"1.0.0": "Final content version for 1.15. Config system updates.",
		"0.7.0b": "Improved event handling and refactors.",
		"0.6.4b": "One more bugfix.",
		"0.6.3b": "Tiny little bugfixes.",
		"0.6.2b": "More optimizations and backend stuff.",
		"0.6.1b": "Necessary update for Thermal.",
		"0.6.0b": "Bugfixes and optimizations.",
		"0.5.0b": "Big ol' update necessary for the Thermal Series.",
		"0.4.0b": "More backend updates.",
		"0.3.2b": "Same feature parity, less debug message.",
		"0.3.1b": "Feature parity across versions!"
	},
	"1.14.4": {
		"0.4.0b": "More backend updates.",
		"0.3.1b": "Woops! Minor bugfix.",
		"0.3.0b": "Backend upgrades.",
		"0.2.0b": "Adjustments and refactoring.",
		"0.1.0b": "And we're in beta!",
		"0.0.1a": "Alpha Test!"
	},
	"promos": {
		"1.20.1-latest": "11.0.0",
		"1.20.1-recommended": "11.0.0",
		"1.19.2-latest": "10.3.0",
		"1.19.2-recommended": "10.3.0",
		"1.18.2-latest": "9.2.2",
		"1.18.2-recommended": "9.2.2",
		"1.16.5-latest": "1.5.2",
		"1.16.5-recommended": "1.5.2",
		"1.16.4-latest": "1.2.1",
		"1.16.4-recommended": "1.2.1",
		"1.16.3-latest": "1.1.6",
		"1.16.3-recommended": "1.1.6",
		"1.15.2-latest": "1.0.1",
		"1.15.2-recommended": "1.0.1",
		"1.14.4-latest": "0.4.0b",
		"1.14.4-recommended": "0.4.0b"
	}
}
[13Jun2025 00:33:10.139] [Forge Version Check/INFO] [net.minecraftforge.fml.VersionChecker/]: [cofh_core] Found status: AHEAD Current: 1.5.2.22 Target: null
[13Jun2025 00:33:10.139] [Forge Version Check/INFO] [net.minecraftforge.fml.VersionChecker/]: [archers_paradox] Starting version check at https://raw.github.com/cofh/version/master/archers_paradox/update.json
[13Jun2025 00:33:10.171] [Forge Version Check/DEBUG] [net.minecraftforge.fml.VersionChecker/]: [archers_paradox] Received version check data:
{
	"homepage": "https://teamcofh.com/downloads/",
	"1.20.1": {
		"5.0.0": "Initial 1.20.1 release!"
	},
	"1.19.2": {
		"4.3.0": "Update for compatibility with new CoFH Core.",
		"4.2.0": "Update for compatibility with new CoFH Core.",
		"4.0.0": "Initial 1.19.x release!"
	},
	"1.18.2": {
		"3.2.1": "Update for compatibility with new CoFH Core.",
		"3.2.0": "Update for compatibility with new CoFH Core.",
		"3.1.0": "Update for compatibility with new CoFH Core.",
		"3.0.0": "Semver adjustment; massive backend refactors.",
		"1.6.1": "Support for backend refactors.",
		"1.6.0": "Initial 1.18.2 release!"
	},
	"1.16.5": {
		"1.5.0": "Final major 1.16.5 release.",
		"1.4.0": "Backend improvements and transitions towards 1.18 porting.",
		"1.3.1": "Minor fix for client configs.",
		"1.3.0": "Arrow performance improvements.",
		"1.2.0": "Updated for new CoFH Core."
	},
	"1.16.4": {
		"1.2.0": "Updated for new CoFH Core.",
		"1.1.1": "Localization update.",
		"1.1.0": "Optimizations, bugfixes, CoFH Core updates.",
		"1.0.0": "Initial 1.16 version. Config system updates."
	},
	"1.16.3": {
		"1.1.1": "Localization update.",
		"1.1.0": "Optimizations, bugfixes, CoFH Core updates.",
		"1.0.0": "Initial 1.16 version. Config system updates."
	},
	"1.15.2": {
		"1.0.0": "Final content version for 1.15. Config system updates.",
		"0.7.0b": "Required update for new CoFH Core.",
		"0.6.0b": "Required update for new CoFH Core.",
		"0.5.0b": "Required update for new Forge and CoFH Core.",
		"0.4.0b": "Adds three new arrows!",
		"0.3.0b": "Feature parity across versions!"
	},
	"1.14.4": {
		"0.4.0b": "Adds three new arrows!",
		"0.3.0b": "Minor behavior adjustments.",
		"0.1.0b": "And we're in beta!"
	},
		"promos": {
		"1.20.1-latest": "11.0.0",
		"1.20.1-recommended": "11.0.0",
		"1.20.1-latest": "5.0.0",
		"1.20.1-recommended": "5.0.0",
		"1.19.2-latest": "4.3.0",
		"1.19.2-recommended": "4.3.0",
		"1.18.2-latest": "3.2.1",
		"1.18.2-recommended": "3.2.1",
		"1.16.5-latest": "1.5.0",
		"1.16.5-recommended": "1.5.0",
		"1.16.4-latest": "1.2.0",
		"1.16.4-recommended": "1.2.0",
		"1.16.3-latest": "1.1.1",
		"1.16.3-recommended": "1.1.1",
		"1.15.2-latest": "1.0.0",
		"1.15.2-recommended": "1.0.0",
		"1.14.4-latest": "0.4.0b",
		"1.14.4-recommended": "0.4.0b"
	}
}
[13Jun2025 00:33:10.172] [Forge Version Check/INFO] [net.minecraftforge.fml.VersionChecker/]: [archers_paradox] Found status: AHEAD Current: 1.5.0.2 Target: null
[13Jun2025 00:33:12.976] [main/DEBUG] [mixin/]: Mixing access.DimensionTypeAccess from enhancedcelestials.mixins.json into net.minecraft.world.DimensionType
[13Jun2025 00:33:13.185] [main/DEBUG] [net.minecraftforge.common.ForgeTagHandler/]: Populated the TagCollectionManager with 3 extra types
[13Jun2025 00:33:13.304] [main/DEBUG] [Dungeon Crawl/]: Generating in biome minecraft:giant_spruce_taiga
[13Jun2025 00:33:13.451] [main/DEBUG] [Dungeon Crawl/]: Generating in biome minecraft:forest
[13Jun2025 00:33:13.463] [main/DEBUG] [Dungeon Crawl/]: Generating in biome minecraft:modified_gravelly_mountains
[13Jun2025 00:33:13.476] [main/DEBUG] [Dungeon Crawl/]: Generating in biome minecraft:bamboo_jungle
[13Jun2025 00:33:13.481] [main/DEBUG] [Dungeon Crawl/]: Ignoring biome minecraft:deep_ocean with category ocean
[13Jun2025 00:33:13.487] [main/DEBUG] [Dungeon Crawl/]: Generating in biome minecraft:snowy_taiga
[13Jun2025 00:33:13.493] [main/DEBUG] [Dungeon Crawl/]: Generating in biome minecraft:flower_forest
[13Jun2025 00:33:13.497] [main/DEBUG] [Dungeon Crawl/]: Generating in biome minecraft:snowy_taiga_mountains
[13Jun2025 00:33:13.504] [main/DEBUG] [Dungeon Crawl/]: Ignoring biome minecraft:end_highlands with category the_end
[13Jun2025 00:33:13.508] [main/DEBUG] [Dungeon Crawl/]: Generating in biome minecraft:dark_forest
[13Jun2025 00:33:13.512] [main/DEBUG] [Dungeon Crawl/]: Ignoring biome minecraft:lukewarm_ocean with category ocean
[13Jun2025 00:33:13.515] [main/DEBUG] [Dungeon Crawl/]: Ignoring biome the_bumblezone:hive_wall with category none
[13Jun2025 00:33:13.517] [main/DEBUG] [Dungeon Crawl/]: Generating in biome minecraft:jungle
[13Jun2025 00:33:13.521] [main/DEBUG] [Dungeon Crawl/]: Ignoring biome minecraft:river with category river
[13Jun2025 00:33:13.525] [main/DEBUG] [Dungeon Crawl/]: Generating in biome minecraft:shattered_savanna
[13Jun2025 00:33:13.532] [main/DEBUG] [Dungeon Crawl/]: Generating in biome minecraft:savanna
[13Jun2025 00:33:13.538] [main/DEBUG] [Dungeon Crawl/]: Generating in biome minecraft:bamboo_jungle_hills
[13Jun2025 00:33:13.549] [main/DEBUG] [Dungeon Crawl/]: Ignoring biome minecraft:soul_sand_valley with category nether
[13Jun2025 00:33:13.556] [main/DEBUG] [Dungeon Crawl/]: Ignoring biome minecraft:end_midlands with category the_end
[13Jun2025 00:33:13.557] [main/DEBUG] [Dungeon Crawl/]: Generating in biome minecraft:snowy_mountains
[13Jun2025 00:33:13.560] [main/DEBUG] [Dungeon Crawl/]: Ignoring biome the_bumblezone:pollinated_pillar with category none
[13Jun2025 00:33:13.564] [main/DEBUG] [Dungeon Crawl/]: Generating in biome minecraft:wooded_hills
[13Jun2025 00:33:13.575] [main/DEBUG] [Dungeon Crawl/]: Generating in biome minecraft:plains
[13Jun2025 00:33:13.581] [main/DEBUG] [Dungeon Crawl/]: Generating in biome minecraft:ice_spikes
[13Jun2025 00:33:13.587] [main/DEBUG] [Dungeon Crawl/]: Ignoring biome minecraft:deep_frozen_ocean with category ocean
[13Jun2025 00:33:13.588] [main/DEBUG] [Dungeon Crawl/]: Ignoring biome minecraft:frozen_ocean with category ocean
[13Jun2025 00:33:13.590] [main/DEBUG] [Dungeon Crawl/]: Ignoring biome the_bumblezone:sugar_water_floor with category none
[13Jun2025 00:33:13.598] [main/DEBUG] [Dungeon Crawl/]: Generating in biome minecraft:taiga
[13Jun2025 00:33:13.603] [main/DEBUG] [Dungeon Crawl/]: Ignoring biome minecraft:warped_forest with category nether
[13Jun2025 00:33:13.604] [main/DEBUG] [Dungeon Crawl/]: Ignoring biome the_bumblezone:pollinated_fields with category none
[13Jun2025 00:33:13.606] [main/DEBUG] [Dungeon Crawl/]: Generating in biome minecraft:desert_hills
[13Jun2025 00:33:13.611] [main/DEBUG] [Dungeon Crawl/]: Ignoring biome minecraft:deep_warm_ocean with category ocean
[13Jun2025 00:33:13.615] [main/DEBUG] [Dungeon Crawl/]: Ignoring biome minecraft:mushroom_field_shore with category mushroom
[13Jun2025 00:33:13.616] [main/DEBUG] [Dungeon Crawl/]: Ignoring biome minecraft:stone_shore with category none
[13Jun2025 00:33:13.621] [main/DEBUG] [Dungeon Crawl/]: Generating in biome minecraft:giant_tree_taiga
[13Jun2025 00:33:13.627] [main/DEBUG] [Dungeon Crawl/]: Ignoring biome minecraft:basalt_deltas with category nether
[13Jun2025 00:33:13.629] [main/DEBUG] [Dungeon Crawl/]: Generating in biome minecraft:mountains
[13Jun2025 00:33:13.633] [main/DEBUG] [Dungeon Crawl/]: Ignoring biome minecraft:frozen_river with category river
[13Jun2025 00:33:13.635] [main/DEBUG] [Dungeon Crawl/]: Generating in biome minecraft:badlands_plateau
[13Jun2025 00:33:13.639] [main/DEBUG] [Dungeon Crawl/]: Generating in biome minecraft:taiga_hills
[13Jun2025 00:33:13.640] [main/DEBUG] [Dungeon Crawl/]: Generating in biome minecraft:eroded_badlands
[13Jun2025 00:33:13.641] [main/DEBUG] [Dungeon Crawl/]: Generating in biome minecraft:modified_jungle
[13Jun2025 00:33:13.646] [main/DEBUG] [Dungeon Crawl/]: Ignoring biome minecraft:deep_cold_ocean with category ocean
[13Jun2025 00:33:13.647] [main/DEBUG] [Dungeon Crawl/]: Generating in biome minecraft:jungle_edge
[13Jun2025 00:33:13.651] [main/DEBUG] [Dungeon Crawl/]: Generating in biome minecraft:modified_badlands_plateau
[13Jun2025 00:33:13.652] [main/DEBUG] [Dungeon Crawl/]: Generating in biome minecraft:birch_forest_hills
[13Jun2025 00:33:13.656] [main/DEBUG] [Dungeon Crawl/]: Generating in biome minecraft:taiga_mountains
[13Jun2025 00:33:13.657] [main/DEBUG] [Dungeon Crawl/]: Generating in biome minecraft:tall_birch_forest
[13Jun2025 00:33:13.661] [main/DEBUG] [Dungeon Crawl/]: Ignoring biome the_bumblezone:hive_pillar with category none
[13Jun2025 00:33:13.662] [main/DEBUG] [Dungeon Crawl/]: Ignoring biome minecraft:nether_wastes with category nether
[13Jun2025 00:33:13.663] [main/DEBUG] [Dungeon Crawl/]: Ignoring biome minecraft:snowy_beach with category beach
[13Jun2025 00:33:13.667] [main/DEBUG] [Dungeon Crawl/]: Generating in biome minecraft:tall_birch_hills
[13Jun2025 00:33:13.668] [main/DEBUG] [Dungeon Crawl/]: Generating in biome minecraft:jungle_hills
[13Jun2025 00:33:13.670] [main/DEBUG] [Dungeon Crawl/]: Generating in biome minecraft:wooded_mountains
[13Jun2025 00:33:13.673] [main/DEBUG] [Dungeon Crawl/]: Ignoring biome minecraft:small_end_islands with category the_end
[13Jun2025 00:33:13.675] [main/DEBUG] [Dungeon Crawl/]: Ignoring biome minecraft:cold_ocean with category ocean
[13Jun2025 00:33:13.679] [main/DEBUG] [Dungeon Crawl/]: Generating in biome minecraft:snowy_taiga_hills
[13Jun2025 00:33:13.680] [main/DEBUG] [Dungeon Crawl/]: Generating in biome minecraft:mountain_edge
[13Jun2025 00:33:13.684] [main/DEBUG] [Dungeon Crawl/]: Generating in biome minecraft:birch_forest
[13Jun2025 00:33:13.686] [main/DEBUG] [Dungeon Crawl/]: Generating in biome minecraft:swamp
[13Jun2025 00:33:13.688] [main/DEBUG] [Dungeon Crawl/]: Generating in biome minecraft:giant_spruce_taiga_hills
[13Jun2025 00:33:13.692] [main/DEBUG] [Dungeon Crawl/]: Ignoring biome minecraft:deep_lukewarm_ocean with category ocean
[13Jun2025 00:33:13.693] [main/DEBUG] [Dungeon Crawl/]: Generating in biome minecraft:swamp_hills
[13Jun2025 00:33:13.697] [main/DEBUG] [Dungeon Crawl/]: Generating in biome minecraft:desert
[13Jun2025 00:33:13.699] [main/DEBUG] [Dungeon Crawl/]: Ignoring biome minecraft:warm_ocean with category ocean
[13Jun2025 00:33:13.705] [main/DEBUG] [Dungeon Crawl/]: Generating in biome minecraft:modified_jungle_edge
[13Jun2025 00:33:13.706] [main/DEBUG] [Dungeon Crawl/]: Generating in biome minecraft:modified_wooded_badlands_plateau
[13Jun2025 00:33:13.707] [main/DEBUG] [Dungeon Crawl/]: Generating in biome minecraft:dark_forest_hills
[13Jun2025 00:33:13.713] [main/DEBUG] [Dungeon Crawl/]: Ignoring biome minecraft:beach with category beach
[13Jun2025 00:33:13.713] [main/DEBUG] [Dungeon Crawl/]: Ignoring biome minecraft:the_void with category none
[13Jun2025 00:33:13.719] [main/DEBUG] [Dungeon Crawl/]: Ignoring biome minecraft:mushroom_fields with category mushroom
[13Jun2025 00:33:13.722] [main/DEBUG] [Dungeon Crawl/]: Ignoring biome minecraft:end_barrens with category the_end
[13Jun2025 00:33:13.724] [main/DEBUG] [Dungeon Crawl/]: Ignoring biome minecraft:crimson_forest with category nether
[13Jun2025 00:33:13.731] [main/DEBUG] [Dungeon Crawl/]: Ignoring biome minecraft:ocean with category ocean
[13Jun2025 00:33:13.732] [main/DEBUG] [Dungeon Crawl/]: Generating in biome minecraft:sunflower_plains
[13Jun2025 00:33:13.734] [main/DEBUG] [Dungeon Crawl/]: Generating in biome minecraft:badlands
[13Jun2025 00:33:13.738] [main/DEBUG] [Dungeon Crawl/]: Generating in biome minecraft:gravelly_mountains
[13Jun2025 00:33:13.739] [main/DEBUG] [Dungeon Crawl/]: Generating in biome minecraft:snowy_tundra
[13Jun2025 00:33:13.743] [main/DEBUG] [Dungeon Crawl/]: Generating in biome minecraft:wooded_badlands_plateau
[13Jun2025 00:33:13.744] [main/DEBUG] [Dungeon Crawl/]: Generating in biome minecraft:shattered_savanna_plateau
[13Jun2025 00:33:13.746] [main/DEBUG] [Dungeon Crawl/]: Generating in biome minecraft:giant_tree_taiga_hills
[13Jun2025 00:33:13.748] [main/DEBUG] [Dungeon Crawl/]: Ignoring biome minecraft:the_end with category the_end
[13Jun2025 00:33:13.751] [main/DEBUG] [Dungeon Crawl/]: Generating in biome minecraft:savanna_plateau
[13Jun2025 00:33:13.752] [main/DEBUG] [Dungeon Crawl/]: Generating in biome minecraft:desert_lakes
[13Jun2025 00:33:14.041] [main/DEBUG] [mixin/]: Mixing world.LayerAccessor from the_bumblezone.mixins.json into net.minecraft.world.gen.layer.Layer
[13Jun2025 00:33:14.104] [main/INFO] [com.mojang.authlib.yggdrasil.YggdrasilAuthenticationService/]: Environment: authHost='https://authserver.mojang.com', accountsHost='https://api.mojang.com', sessionHost='https://sessionserver.mojang.com', servicesHost='https://api.minecraftservices.com', name='PROD'
[13Jun2025 00:33:14.137] [main/DEBUG] [mixin/]: Mixing GameRulesAccessor from architectury.mixins.json into net.minecraft.world.GameRules
[13Jun2025 00:33:14.144] [main/DEBUG] [mixin/]: Mixing GameRulesAccessor$BooleanValue from architectury.mixins.json into net.minecraft.world.GameRules$BooleanValue
[13Jun2025 00:33:14.148] [main/DEBUG] [mixin/]: Renaming @Invoker method invokeCreateArchitectury(ZLjava/util/function/BiConsumer;)Lnet/minecraft/world/GameRules$RuleType; to invokeCreateArchitectury_$md$8224b4$0 in architectury.mixins.json:GameRulesAccessor$BooleanValue
[13Jun2025 00:33:14.149] [main/DEBUG] [mixin/]: Mixing GameRulesAccessor$BooleanValueSimple from architectury.mixins.json into net.minecraft.world.GameRules$BooleanValue
[13Jun2025 00:33:14.149] [main/DEBUG] [mixin/]: Renaming @Invoker method invokeCreateArchitectury(Z)Lnet/minecraft/world/GameRules$RuleType; to invokeCreateArchitectury_$md$8224b4$1 in architectury.mixins.json:GameRulesAccessor$BooleanValueSimple
[13Jun2025 00:33:14.157] [main/DEBUG] [mixin/]: Mixing GameRulesAccessor$IntegerValue from architectury.mixins.json into net.minecraft.world.GameRules$IntegerValue
[13Jun2025 00:33:14.157] [main/DEBUG] [mixin/]: Renaming @Invoker method invokeCreateArchitectury(ILjava/util/function/BiConsumer;)Lnet/minecraft/world/GameRules$RuleType; to invokeCreateArchitectury_$md$8224b4$0 in architectury.mixins.json:GameRulesAccessor$IntegerValue
[13Jun2025 00:33:14.157] [main/DEBUG] [mixin/]: Mixing GameRulesAccessor$IntegerValueSimple from architectury.mixins.json into net.minecraft.world.GameRules$IntegerValue
[13Jun2025 00:33:14.157] [main/DEBUG] [mixin/]: Renaming @Invoker method invokeCreateArchitectury(I)Lnet/minecraft/world/GameRules$RuleType; to invokeCreateArchitectury_$md$8224b4$1 in architectury.mixins.json:GameRulesAccessor$IntegerValueSimple
[13Jun2025 00:33:14.357] [main/DEBUG] [net.minecraftforge.fml.server.ServerLifecycleHooks/CORE]: Generating PackInfo named mod:usefulbackpacks for mod file /workspaces/franco-es-de-cerro-xd/servidor_minecraft/mods/useful_backpacks-1.16.5-1.12.1.103.jar
[13Jun2025 00:33:14.357] [main/DEBUG] [net.minecraftforge.fml.server.ServerLifecycleHooks/CORE]: Generating PackInfo named mod:mowziesmobs for mod file /workspaces/franco-es-de-cerro-xd/servidor_minecraft/mods/mowziesmobs-1.5.27.jar
[13Jun2025 00:33:14.360] [main/DEBUG] [net.minecraftforge.fml.server.ServerLifecycleHooks/CORE]: Generating PackInfo named mod:jade for mod file /workspaces/franco-es-de-cerro-xd/servidor_minecraft/mods/Jade-1.16.4-2.8.3.jar
[13Jun2025 00:33:14.360] [main/DEBUG] [net.minecraftforge.fml.server.ServerLifecycleHooks/CORE]: Generating PackInfo named mod:endrem for mod file /workspaces/franco-es-de-cerro-xd/servidor_minecraft/mods/endrem-5.0.3-R-1.16.5.jar
[13Jun2025 00:33:14.360] [main/DEBUG] [net.minecraftforge.fml.server.ServerLifecycleHooks/CORE]: Generating PackInfo named mod:jei for mod file /workspaces/franco-es-de-cerro-xd/servidor_minecraft/mods/jei-1.16.5-7.8.0.1013.jar
[13Jun2025 00:33:14.360] [main/DEBUG] [net.minecraftforge.fml.server.ServerLifecycleHooks/CORE]: Generating PackInfo named mod:simplefarming for mod file /workspaces/franco-es-de-cerro-xd/servidor_minecraft/mods/simplefarming-1.16.5-1.3.8.jar
[13Jun2025 00:33:14.360] [main/DEBUG] [net.minecraftforge.fml.server.ServerLifecycleHooks/CORE]: Generating PackInfo named mod:goblintraders for mod file /workspaces/franco-es-de-cerro-xd/servidor_minecraft/mods/goblintraders-1.7.3-1.16.5.jar
[13Jun2025 00:33:14.360] [main/DEBUG] [net.minecraftforge.fml.server.ServerLifecycleHooks/CORE]: Generating PackInfo named mod:cataclysm for mod file /workspaces/franco-es-de-cerro-xd/servidor_minecraft/mods/L_Enders Cataclysm-0.48 Changed Theme -1.16.5.jar
[13Jun2025 00:33:14.361] [main/DEBUG] [net.minecraftforge.fml.server.ServerLifecycleHooks/CORE]: Generating PackInfo named mod:curios for mod file /workspaces/franco-es-de-cerro-xd/servidor_minecraft/mods/curios-forge-1.16.5-4.1.0.0.jar
[13Jun2025 00:33:14.361] [main/DEBUG] [net.minecraftforge.fml.server.ServerLifecycleHooks/CORE]: Generating PackInfo named mod:waystones for mod file /workspaces/franco-es-de-cerro-xd/servidor_minecraft/mods/Waystones_1.16.5-7.6.4.jar
[13Jun2025 00:33:14.361] [main/DEBUG] [net.minecraftforge.fml.server.ServerLifecycleHooks/CORE]: Generating PackInfo named mod:citadel for mod file /workspaces/franco-es-de-cerro-xd/servidor_minecraft/mods/citadel-1.8.1-1.16.5.jar
[13Jun2025 00:33:14.361] [main/DEBUG] [net.minecraftforge.fml.server.ServerLifecycleHooks/CORE]: Generating PackInfo named mod:storagedrawers for mod file /workspaces/franco-es-de-cerro-xd/servidor_minecraft/mods/StorageDrawers-1.16.3-8.5.2.jar
[13Jun2025 00:33:14.361] [main/DEBUG] [net.minecraftforge.fml.server.ServerLifecycleHooks/CORE]: Generating PackInfo named mod:artifacts for mod file /workspaces/franco-es-de-cerro-xd/servidor_minecraft/mods/Artifacts-1.16.5-2.10.6.jar
[13Jun2025 00:33:14.361] [main/DEBUG] [net.minecraftforge.fml.server.ServerLifecycleHooks/CORE]: Generating PackInfo named mod:configured for mod file /workspaces/franco-es-de-cerro-xd/servidor_minecraft/mods/configured-1.5.4-1.16.5.jar
[13Jun2025 00:33:14.361] [main/DEBUG] [net.minecraftforge.fml.server.ServerLifecycleHooks/CORE]: Generating PackInfo named mod:elevatorid for mod file /workspaces/franco-es-de-cerro-xd/servidor_minecraft/mods/elevatorid-1.16.5-1.7.13.jar
[13Jun2025 00:33:14.361] [main/DEBUG] [net.minecraftforge.fml.server.ServerLifecycleHooks/CORE]: Generating PackInfo named mod:tombstone for mod file /workspaces/franco-es-de-cerro-xd/servidor_minecraft/mods/tombstone-1.16.5-6.9.6.jar
[13Jun2025 00:33:14.362] [main/DEBUG] [net.minecraftforge.fml.server.ServerLifecycleHooks/CORE]: Generating PackInfo named mod:dungeoncrawl for mod file /workspaces/franco-es-de-cerro-xd/servidor_minecraft/mods/DungeonCrawl-1.16.5-2.3.12.jar
[13Jun2025 00:33:14.362] [main/DEBUG] [net.minecraftforge.fml.server.ServerLifecycleHooks/CORE]: Generating PackInfo named mod:sophisticatedbackpacks for mod file /workspaces/franco-es-de-cerro-xd/servidor_minecraft/mods/sophisticatedbackpacks-1.16.5-3.15.20.755.jar
[13Jun2025 00:33:14.362] [main/DEBUG] [net.minecraftforge.fml.server.ServerLifecycleHooks/CORE]: Generating PackInfo named mod:uteamcore for mod file /workspaces/franco-es-de-cerro-xd/servidor_minecraft/mods/u_team_core-forge-1.16.5-3.2.1.358.jar
[13Jun2025 00:33:14.362] [main/DEBUG] [net.minecraftforge.fml.server.ServerLifecycleHooks/CORE]: Generating PackInfo named mod:spartanweaponry for mod file /workspaces/franco-es-de-cerro-xd/servidor_minecraft/mods/SpartanWeaponry-1.16.5-2.2.2.jar
[13Jun2025 00:33:14.362] [main/DEBUG] [net.minecraftforge.fml.server.ServerLifecycleHooks/CORE]: Generating PackInfo named mod:relics for mod file /workspaces/franco-es-de-cerro-xd/servidor_minecraft/mods/relics-1.16.5-0.3.4.4.jar
[13Jun2025 00:33:14.363] [main/DEBUG] [net.minecraftforge.fml.server.ServerLifecycleHooks/CORE]: Generating PackInfo named mod:architectury for mod file /workspaces/franco-es-de-cerro-xd/servidor_minecraft/mods/architectury-1.32.68.jar
[13Jun2025 00:33:14.363] [main/DEBUG] [net.minecraftforge.fml.server.ServerLifecycleHooks/CORE]: Generating PackInfo named mod:catalogue for mod file /workspaces/franco-es-de-cerro-xd/servidor_minecraft/mods/catalogue-1.6.1-1.16.5.jar
[13Jun2025 00:33:14.365] [main/DEBUG] [net.minecraftforge.fml.server.ServerLifecycleHooks/CORE]: Generating PackInfo named mod:walljump for mod file /workspaces/franco-es-de-cerro-xd/servidor_minecraft/mods/walljump-forge-1.16.4-1.3.7.jar
[13Jun2025 00:33:14.365] [main/DEBUG] [net.minecraftforge.fml.server.ServerLifecycleHooks/CORE]: Generating PackInfo named mod:cloth-config for mod file /workspaces/franco-es-de-cerro-xd/servidor_minecraft/mods/cloth-config-4.17.132-forge.jar
[13Jun2025 00:33:14.365] [main/DEBUG] [net.minecraftforge.fml.server.ServerLifecycleHooks/CORE]: Generating PackInfo named mod:footwork for mod file /workspaces/franco-es-de-cerro-xd/servidor_minecraft/mods/footwork-1.2.jar
[13Jun2025 00:33:14.365] [main/DEBUG] [net.minecraftforge.fml.server.ServerLifecycleHooks/CORE]: Generating PackInfo named mod:enhancedcelestials for mod file /workspaces/franco-es-de-cerro-xd/servidor_minecraft/mods/enhancedcelestials-2.0.9-1.16.5.jar
[13Jun2025 00:33:14.365] [main/DEBUG] [net.minecraftforge.fml.server.ServerLifecycleHooks/CORE]: Generating PackInfo named mod:carryon for mod file /workspaces/franco-es-de-cerro-xd/servidor_minecraft/mods/carryon-1.16.5-1.15.6.24.jar
[13Jun2025 00:33:14.365] [main/DEBUG] [net.minecraftforge.fml.server.ServerLifecycleHooks/CORE]: Generating PackInfo named mod:the_bumblezone for mod file /workspaces/franco-es-de-cerro-xd/servidor_minecraft/mods/the_bumblezone_forge-3.2.1+1.16.5.jar
[13Jun2025 00:33:14.365] [main/DEBUG] [net.minecraftforge.fml.server.ServerLifecycleHooks/CORE]: Generating PackInfo named mod:coldsgrappler for mod file /workspaces/franco-es-de-cerro-xd/servidor_minecraft/mods/ColdsGrappler(Forge1.16.4)vrs1.0.2.jar
[13Jun2025 00:33:14.366] [main/DEBUG] [net.minecraftforge.fml.server.ServerLifecycleHooks/CORE]: Generating PackInfo named mod:paraglider for mod file /workspaces/franco-es-de-cerro-xd/servidor_minecraft/mods/Paraglider-1.16.5-1.3.2.14.jar
[13Jun2025 00:33:14.366] [main/DEBUG] [net.minecraftforge.fml.server.ServerLifecycleHooks/CORE]: Generating PackInfo named mod:forge for mod file /workspaces/franco-es-de-cerro-xd/servidor_minecraft/libraries/net/minecraftforge/forge/1.16.5-36.2.42/forge-1.16.5-36.2.42-universal.jar
[13Jun2025 00:33:14.366] [main/DEBUG] [net.minecraftforge.fml.server.ServerLifecycleHooks/CORE]: Generating PackInfo named mod:cofh_core for mod file /workspaces/franco-es-de-cerro-xd/servidor_minecraft/mods/cofh_core-1.16.5-1.5.2.22.jar
[13Jun2025 00:33:14.366] [main/DEBUG] [net.minecraftforge.fml.server.ServerLifecycleHooks/CORE]: Generating PackInfo named mod:archers_paradox for mod file /workspaces/franco-es-de-cerro-xd/servidor_minecraft/mods/archers_paradox-1.16.5-1.5.0.2.jar
[13Jun2025 00:33:14.366] [main/DEBUG] [net.minecraftforge.fml.server.ServerLifecycleHooks/CORE]: Generating PackInfo named mod:aquaculture for mod file /workspaces/franco-es-de-cerro-xd/servidor_minecraft/mods/Aquaculture-1.16.5-2.1.23.jar
[13Jun2025 00:33:14.366] [main/DEBUG] [net.minecraftforge.fml.server.ServerLifecycleHooks/CORE]: Generating PackInfo named mod:expandability for mod file /workspaces/franco-es-de-cerro-xd/servidor_minecraft/mods/expandability-2.0.1-forge.jar
[13Jun2025 00:33:14.366] [main/DEBUG] [net.minecraftforge.fml.server.ServerLifecycleHooks/CORE]: Generating PackInfo named mod:geckolib3 for mod file /workspaces/franco-es-de-cerro-xd/servidor_minecraft/mods/geckolib-forge-1.16.5-3.0.106.jar
[13Jun2025 00:33:14.366] [main/DEBUG] [net.minecraftforge.fml.server.ServerLifecycleHooks/CORE]: Generating PackInfo named mod:ironchest for mod file /workspaces/franco-es-de-cerro-xd/servidor_minecraft/mods/ironchest-1.16.5-11.2.21.jar
[13Jun2025 00:33:14.366] [main/DEBUG] [net.minecraftforge.fml.server.ServerLifecycleHooks/CORE]: Generating PackInfo named mod:antiqueatlas for mod file /workspaces/franco-es-de-cerro-xd/servidor_minecraft/mods/antiqueatlas-6.2.4-forge-mc1.16.5.jar
[13Jun2025 00:33:14.367] [main/DEBUG] [net.minecraftforge.fml.server.ServerLifecycleHooks/CORE]: Generating PackInfo named mod:dungeons_arise for mod file /workspaces/franco-es-de-cerro-xd/servidor_minecraft/mods/DungeonsArise-1.16.5-2.1.49-beta.jar
[13Jun2025 00:33:14.367] [main/DEBUG] [net.minecraftforge.fml.server.ServerLifecycleHooks/CORE]: Generating PackInfo named mod:anointeditems for mod file /workspaces/franco-es-de-cerro-xd/servidor_minecraft/mods/AnointedItems-1.16.5-release1.2.4.jar
[13Jun2025 00:33:14.378] [main/DEBUG] [net.minecraftforge.common.ForgeTagHandler/]: Gathering custom tag collection reader from types.
[13Jun2025 00:33:14.987] [main/WARN] [net.minecraft.command.Commands/]: Ambiguity between arguments [cofh, ignite, duration] and [cofh, ignite, targets] with inputs: [0, -123, 123]
[13Jun2025 00:33:15.036] [main/WARN] [net.minecraft.command.Commands/]: Ambiguity between arguments [cofh, ignite, targets] and [cofh, ignite, duration] with inputs: [0123]
[13Jun2025 00:33:15.040] [main/WARN] [net.minecraft.command.Commands/]: Ambiguity between arguments [cofh, invis, flag] and [cofh, invis, targets] with inputs: [true, false]
[13Jun2025 00:33:15.041] [main/WARN] [net.minecraft.command.Commands/]: Ambiguity between arguments [cofh, invuln, flag] and [cofh, invuln, targets] with inputs: [true, false]
[13Jun2025 00:33:15.062] [main/WARN] [net.minecraft.command.Commands/]: Ambiguity between arguments [teleport, destination] and [teleport, targets] with inputs: [Player, 0123, @e, dd12be42-52a9-4a91-a8a1-11c01849e498]
[13Jun2025 00:33:15.069] [main/WARN] [net.minecraft.command.Commands/]: Ambiguity between arguments [teleport, location] and [teleport, destination] with inputs: [0.1 -0.5 .9, 0 0 0]
[13Jun2025 00:33:15.071] [main/WARN] [net.minecraft.command.Commands/]: Ambiguity between arguments [teleport, location] and [teleport, targets] with inputs: [0.1 -0.5 .9, 0 0 0]
[13Jun2025 00:33:15.074] [main/WARN] [net.minecraft.command.Commands/]: Ambiguity between arguments [teleport, targets] and [teleport, destination] with inputs: [Player, 0123, dd12be42-52a9-4a91-a8a1-11c01849e498]
[13Jun2025 00:33:15.078] [main/WARN] [net.minecraft.command.Commands/]: Ambiguity between arguments [teleport, targets, location] and [teleport, targets, destination] with inputs: [0.1 -0.5 .9, 0 0 0]
[13Jun2025 00:33:15.086] [main/DEBUG] [corgitaco.enhancedcelestials.Main/]: Registered Enhanced Celestial Commands!
[13Jun2025 00:33:15.125] [main/INFO] [net.minecraft.resources.SimpleReloadableResourceManager/]: Reloading ResourceManager: Default, forge-1.16.5-36.2.42-universal.jar, useful_backpacks-1.16.5-1.12.1.103.jar, mowziesmobs-1.5.27.jar, Jade-1.16.4-2.8.3.jar, endrem-5.0.3-R-1.16.5.jar, jei-1.16.5-7.8.0.1013.jar, simplefarming-1.16.5-1.3.8.jar, goblintraders-1.7.3-1.16.5.jar, L_Enders Cataclysm-0.48 Changed Theme -1.16.5.jar, curios-forge-1.16.5-4.1.0.0.jar, Waystones_1.16.5-7.6.4.jar, citadel-1.8.1-1.16.5.jar, StorageDrawers-1.16.3-8.5.2.jar, Artifacts-1.16.5-2.10.6.jar, configured-1.5.4-1.16.5.jar, elevatorid-1.16.5-1.7.13.jar, tombstone-1.16.5-6.9.6.jar, DungeonCrawl-1.16.5-2.3.12.jar, sophisticatedbackpacks-1.16.5-3.15.20.755.jar, u_team_core-forge-1.16.5-3.2.1.358.jar, SpartanWeaponry-1.16.5-2.2.2.jar, relics-1.16.5-0.3.4.4.jar, architectury-1.32.68.jar, catalogue-1.6.1-1.16.5.jar, walljump-forge-1.16.4-1.3.7.jar, cloth-config-4.17.132-forge.jar, footwork-1.2.jar, enhancedcelestials-2.0.9-1.16.5.jar, the_bumblezone_forge-3.2.1+1.16.5.jar, ColdsGrappler(Forge1.16.4)vrs1.0.2.jar, Paraglider-1.16.5-1.3.2.14.jar, cofh_core-1.16.5-1.5.2.22.jar, archers_paradox-1.16.5-1.5.0.2.jar, Aquaculture-1.16.5-2.1.23.jar, expandability-2.0.1-forge.jar, geckolib-forge-1.16.5-3.0.106.jar, ironchest-1.16.5-11.2.21.jar, antiqueatlas-6.2.4-forge-mc1.16.5.jar, DungeonsArise-1.16.5-2.1.49-beta.jar, AnointedItems-1.16.5-release1.2.4.jar, carryon-1.16.5-1.15.6.24.jar
[13Jun2025 00:33:17.730] [Worker-Main-6/INFO] [net.minecraft.item.crafting.RecipeManager/]: Skipping loading recipe ironchest:chests/iron_silver_chest as it's serializer returned null
[13Jun2025 00:33:17.747] [Worker-Main-6/INFO] [net.minecraft.item.crafting.RecipeManager/]: Skipping loading recipe ironchest:upgrades/copper_to_iron_chest_upgrade as it's serializer returned null
[13Jun2025 00:33:17.751] [Worker-Main-6/INFO] [net.minecraft.item.crafting.RecipeManager/]: Skipping loading recipe ironchest:chests/silver_diamond_chest as it's serializer returned null
[13Jun2025 00:33:17.775] [Worker-Main-6/INFO] [net.minecraft.item.crafting.RecipeManager/]: Skipping loading recipe ironchest:chests/vanilla_copper_chest as it's serializer returned null
[13Jun2025 00:33:17.791] [Worker-Main-6/INFO] [net.minecraft.item.crafting.RecipeManager/]: Skipping loading recipe ironchest:upgrades/silver_to_gold_chest_upgrade as it's serializer returned null
[13Jun2025 00:33:17.795] [Worker-Main-6/INFO] [net.minecraft.item.crafting.RecipeManager/]: Skipping loading recipe ironchest:chests/copper_iron_chest as it's serializer returned null
[13Jun2025 00:33:17.806] [Worker-Main-6/INFO] [net.minecraft.item.crafting.RecipeManager/]: Skipping loading recipe ironchest:chests/silver_gold_chest as it's serializer returned null
[13Jun2025 00:33:17.808] [Worker-Main-6/INFO] [net.minecraft.item.crafting.RecipeManager/]: Skipping loading recipe ironchest:upgrades/copper_to_silver_chest_upgrade as it's serializer returned null
[13Jun2025 00:33:17.820] [Worker-Main-6/INFO] [net.minecraft.item.crafting.RecipeManager/]: Skipping loading recipe ironchest:chests/copper_silver_chest as it's serializer returned null
[13Jun2025 00:33:17.823] [Worker-Main-6/INFO] [net.minecraft.item.crafting.RecipeManager/]: Skipping loading recipe ironchest:upgrades/wood_to_copper_chest_upgrade as it's serializer returned null
[13Jun2025 00:33:17.827] [Worker-Main-6/INFO] [net.minecraft.item.crafting.RecipeManager/]: Loaded 10 recipes
[13Jun2025 00:33:17.979] [Worker-Main-6/DEBUG] [artifacts.Artifacts/]: Adding loot to minecraft:chests/village/village_temple
[13Jun2025 00:33:18.059] [Worker-Main-6/DEBUG] [artifacts.Artifacts/]: Adding loot to minecraft:chests/bastion_treasure
[13Jun2025 00:33:18.064] [Worker-Main-6/DEBUG] [artifacts.Artifacts/]: Adding loot to minecraft:chests/ruined_portal
[13Jun2025 00:33:18.102] [Worker-Main-6/DEBUG] [artifacts.Artifacts/]: Adding loot to minecraft:chests/village/village_toolsmith
[13Jun2025 00:33:18.140] [Worker-Main-6/DEBUG] [mixin/]: Mixing MixinRaid from assets/paraglider/mixin.json into net.minecraft.world.raid.Raid
[13Jun2025 00:33:18.338] [Worker-Main-6/DEBUG] [artifacts.Artifacts/]: Adding loot to minecraft:chests/village/village_snowy_house
[13Jun2025 00:33:18.455] [Worker-Main-6/DEBUG] [artifacts.Artifacts/]: Adding loot to minecraft:chests/nether_bridge
[13Jun2025 00:33:18.487] [Worker-Main-6/DEBUG] [artifacts.Artifacts/]: Adding loot to minecraft:chests/abandoned_mineshaft
[13Jun2025 00:33:18.496] [Worker-Main-6/DEBUG] [artifacts.Artifacts/]: Adding loot to minecraft:chests/shipwreck_treasure
[13Jun2025 00:33:18.582] [Worker-Main-6/DEBUG] [artifacts.Artifacts/]: Adding loot to minecraft:entities/cow
[13Jun2025 00:33:18.594] [Worker-Main-6/DEBUG] [artifacts.Artifacts/]: Adding loot to minecraft:chests/stronghold_corridor
[13Jun2025 00:33:18.653] [Worker-Main-6/INFO] [Spartan Weaponry/]: Adding Longbow and Heavy Crossbow related loot to the Village Fletcher Loot Table!
[13Jun2025 00:33:18.709] [Worker-Main-6/DEBUG] [artifacts.Artifacts/]: Adding loot to minecraft:chests/village/village_tannery
[13Jun2025 00:33:18.711] [Worker-Main-6/DEBUG] [artifacts.Artifacts/]: Adding loot to minecraft:chests/spawn_bonus_chest
[13Jun2025 00:33:18.729] [Worker-Main-6/DEBUG] [artifacts.Artifacts/]: Adding loot to minecraft:chests/village/village_plains_house
[13Jun2025 00:33:18.742] [Worker-Main-6/DEBUG] [artifacts.Artifacts/]: Adding loot to minecraft:chests/buried_treasure
[13Jun2025 00:33:18.824] [Worker-Main-6/DEBUG] [artifacts.Artifacts/]: Adding loot to minecraft:chests/village/village_armorer
[13Jun2025 00:33:18.832] [Worker-Main-6/DEBUG] [artifacts.Artifacts/]: Adding loot to minecraft:chests/bastion_hoglin_stable
[13Jun2025 00:33:18.845] [Worker-Main-6/DEBUG] [artifacts.Artifacts/]: Adding loot to minecraft:chests/desert_pyramid
[13Jun2025 00:33:18.875] [Worker-Main-6/DEBUG] [artifacts.Artifacts/]: Adding loot to minecraft:chests/underwater_ruin_big
[13Jun2025 00:33:19.166] [Worker-Main-6/DEBUG] [artifacts.Artifacts/]: Adding loot to minecraft:chests/pillager_outpost
[13Jun2025 00:33:19.426] [Worker-Main-6/DEBUG] [artifacts.Artifacts/]: Adding loot to minecraft:chests/jungle_temple
[13Jun2025 00:33:19.469] [Worker-Main-6/DEBUG] [artifacts.Artifacts/]: Adding loot to minecraft:chests/village/village_savanna_house
[13Jun2025 00:33:19.480] [Worker-Main-6/DEBUG] [artifacts.Artifacts/]: Adding loot to minecraft:chests/village/village_taiga_house
[13Jun2025 00:33:19.499] [Worker-Main-6/DEBUG] [artifacts.Artifacts/]: Adding loot to minecraft:chests/village/village_butcher
[13Jun2025 00:33:19.523] [Worker-Main-6/DEBUG] [artifacts.Artifacts/]: Adding loot to minecraft:chests/village/village_desert_house
[13Jun2025 00:33:19.584] [Worker-Main-6/DEBUG] [artifacts.Artifacts/]: Adding loot to minecraft:chests/end_city_treasure
[13Jun2025 00:33:19.584] [Worker-Main-6/INFO] [Spartan Weaponry/]: Adding Diamond Weapons to the End City Treasure Loot Table!
[13Jun2025 00:33:19.841] [Worker-Main-6/DEBUG] [artifacts.Artifacts/]: Adding loot to minecraft:chests/village/village_weaponsmith
[13Jun2025 00:33:19.841] [Worker-Main-6/INFO] [Spartan Weaponry/]: Adding Iron Weapons to the Village Weaponsmith Loot Table!
[13Jun2025 00:33:19.920] [Worker-Main-6/DEBUG] [artifacts.Artifacts/]: Adding loot to minecraft:chests/woodland_mansion
[13Jun2025 00:33:20.301] [Worker-Main-6/INFO] [net.minecraft.advancements.AdvancementList/]: Loaded 1870 advancements
[13Jun2025 00:33:20.307] [Worker-Main-6/INFO] [Dungeon Crawl/]: Loading data...
[13Jun2025 00:33:20.341] [Worker-Main-6/DEBUG] [Dungeon Crawl/]: Loading dungeoncrawl:models/catacombs/corridor/linker/linker.nbt
[13Jun2025 00:33:20.373] [Worker-Main-6/DEBUG] [Dungeon Crawl/]: Loading dungeoncrawl:models/catacombs/corridor/linker/linker.json
[13Jun2025 00:33:20.395] [Worker-Main-6/DEBUG] [Dungeon Crawl/]: Loading dungeoncrawl:models/catacombs/corridor/linker/linker_trap.nbt
[13Jun2025 00:33:20.398] [Worker-Main-6/DEBUG] [Dungeon Crawl/]: Loading dungeoncrawl:models/catacombs/corridor/linker/linker_trap.json
[13Jun2025 00:33:20.421] [Worker-Main-6/DEBUG] [Dungeon Crawl/]: Loading dungeoncrawl:models/catacombs/multipart/connector.nbt
[13Jun2025 00:33:20.422] [Worker-Main-6/DEBUG] [Dungeon Crawl/]: Loading dungeoncrawl:models/catacombs/multipart/connector_2.nbt
[13Jun2025 00:33:20.422] [Worker-Main-6/DEBUG] [Dungeon Crawl/]: Loading dungeoncrawl:models/catacombs/multipart/corridor/ceiling.nbt
[13Jun2025 00:33:20.423] [Worker-Main-6/DEBUG] [Dungeon Crawl/]: Loading dungeoncrawl:models/catacombs/multipart/corridor/ceiling_glowstone.nbt
[13Jun2025 00:33:20.424] [Worker-Main-6/DEBUG] [Dungeon Crawl/]: Loading dungeoncrawl:models/catacombs/multipart/corridor/ceiling_lamp.nbt
[13Jun2025 00:33:20.429] [Worker-Main-6/DEBUG] [Dungeon Crawl/]: Loading dungeoncrawl:models/catacombs/multipart/crypt_graves.nbt
[13Jun2025 00:33:20.429] [Worker-Main-6/DEBUG] [Dungeon Crawl/]: Loading dungeoncrawl:models/catacombs/multipart/crypt_graves.json
[13Jun2025 00:33:20.430] [Worker-Main-6/DEBUG] [Dungeon Crawl/]: Loading dungeoncrawl:models/catacombs/multipart/hidden_piston.nbt
[13Jun2025 00:33:20.431] [Worker-Main-6/DEBUG] [Dungeon Crawl/]: Loading dungeoncrawl:models/catacombs/multipart/large_connector.nbt
[13Jun2025 00:33:20.432] [Worker-Main-6/DEBUG] [Dungeon Crawl/]: Loading dungeoncrawl:models/catacombs/multipart/large_spawner_cell_open.nbt
[13Jun2025 00:33:20.434] [Worker-Main-6/DEBUG] [Dungeon Crawl/]: Loading dungeoncrawl:models/catacombs/multipart/node/ceiling/crumbled.nbt
[13Jun2025 00:33:20.435] [Worker-Main-6/DEBUG] [Dungeon Crawl/]: Loading dungeoncrawl:models/catacombs/multipart/node/ceiling/dome.nbt
[13Jun2025 00:33:20.437] [Worker-Main-6/DEBUG] [Dungeon Crawl/]: Loading dungeoncrawl:models/catacombs/multipart/node/ceiling/flat.nbt
[13Jun2025 00:33:20.438] [Worker-Main-6/DEBUG] [Dungeon Crawl/]: Loading dungeoncrawl:models/catacombs/multipart/node/ceiling/light.nbt
[13Jun2025 00:33:20.438] [Worker-Main-6/DEBUG] [Dungeon Crawl/]: Loading dungeoncrawl:models/catacombs/node/crypt_dead_end.nbt
[13Jun2025 00:33:20.442] [Worker-Main-6/DEBUG] [Dungeon Crawl/]: Loading dungeoncrawl:models/catacombs/node/crypt_dead_end.json
[13Jun2025 00:33:20.447] [Worker-Main-6/DEBUG] [Dungeon Crawl/]: Loading dungeoncrawl:models/catacombs/node/crypt_turn.nbt
[13Jun2025 00:33:20.453] [Worker-Main-6/DEBUG] [Dungeon Crawl/]: Loading dungeoncrawl:models/catacombs/node/crypt_turn.json
[13Jun2025 00:33:20.454] [Worker-Main-6/DEBUG] [Dungeon Crawl/]: Loading dungeoncrawl:models/catacombs/node/fountain.nbt
[13Jun2025 00:33:20.468] [Worker-Main-6/DEBUG] [Dungeon Crawl/]: Loading dungeoncrawl:models/catacombs/node/fountain.json
[13Jun2025 00:33:20.471] [Worker-Main-6/DEBUG] [Dungeon Crawl/]: Loading dungeoncrawl:models/catacombs/node/prison.nbt
[13Jun2025 00:33:20.485] [Worker-Main-6/DEBUG] [Dungeon Crawl/]: Loading dungeoncrawl:models/catacombs/node/prison.json
[13Jun2025 00:33:20.485] [Worker-Main-6/DEBUG] [Dungeon Crawl/]: Loading dungeoncrawl:models/catacombs/node/prison_fork.nbt
[13Jun2025 00:33:20.498] [Worker-Main-6/DEBUG] [Dungeon Crawl/]: Loading dungeoncrawl:models/catacombs/node/prison_fork.json
[13Jun2025 00:33:20.498] [Worker-Main-6/DEBUG] [Dungeon Crawl/]: Loading dungeoncrawl:models/catacombs/node/room.nbt
[13Jun2025 00:33:20.505] [Worker-Main-6/DEBUG] [Dungeon Crawl/]: Loading dungeoncrawl:models/catacombs/node/room.json
[13Jun2025 00:33:20.510] [Worker-Main-6/DEBUG] [Dungeon Crawl/]: Loading dungeoncrawl:models/catacombs/node/room_2.nbt
[13Jun2025 00:33:20.518] [Worker-Main-6/DEBUG] [Dungeon Crawl/]: Loading dungeoncrawl:models/catacombs/node/room_2.json
[13Jun2025 00:33:20.519] [Worker-Main-6/DEBUG] [Dungeon Crawl/]: Loading dungeoncrawl:models/catacombs/node/sarcophagus.nbt
[13Jun2025 00:33:20.529] [Worker-Main-6/DEBUG] [Dungeon Crawl/]: Loading dungeoncrawl:models/catacombs/node/sarcophagus.json
[13Jun2025 00:33:20.530] [Worker-Main-6/DEBUG] [Dungeon Crawl/]: Loading dungeoncrawl:models/catacombs/node/sewers.nbt
[13Jun2025 00:33:20.539] [Worker-Main-6/DEBUG] [Dungeon Crawl/]: Loading dungeoncrawl:models/catacombs/node/sewers.json
[13Jun2025 00:33:20.541] [Worker-Main-6/DEBUG] [Dungeon Crawl/]: Loading dungeoncrawl:models/catacombs/node/sewers_dead_end.nbt
[13Jun2025 00:33:20.550] [Worker-Main-6/DEBUG] [Dungeon Crawl/]: Loading dungeoncrawl:models/catacombs/node/sewers_dead_end.json
[13Jun2025 00:33:20.551] [Worker-Main-6/DEBUG] [Dungeon Crawl/]: Loading dungeoncrawl:models/catacombs/node/sewers_fork.nbt
[13Jun2025 00:33:20.557] [Worker-Main-6/DEBUG] [Dungeon Crawl/]: Loading dungeoncrawl:models/catacombs/node/sewers_fork.json
[13Jun2025 00:33:20.558] [Worker-Main-6/DEBUG] [Dungeon Crawl/]: Loading dungeoncrawl:models/catacombs/node/sewers_straight.nbt
[13Jun2025 00:33:20.564] [Worker-Main-6/DEBUG] [Dungeon Crawl/]: Loading dungeoncrawl:models/catacombs/node/sewers_straight.json
[13Jun2025 00:33:20.565] [Worker-Main-6/DEBUG] [Dungeon Crawl/]: Loading dungeoncrawl:models/catacombs/room/spawner_room.nbt
[13Jun2025 00:33:20.566] [Worker-Main-6/DEBUG] [Dungeon Crawl/]: Loading dungeoncrawl:models/catacombs/room/spawner_room.json
[13Jun2025 00:33:20.567] [Worker-Main-6/DEBUG] [Dungeon Crawl/]: Loading dungeoncrawl:models/default/corridor/corridor.nbt
[13Jun2025 00:33:20.568] [Worker-Main-6/DEBUG] [Dungeon Crawl/]: Loading dungeoncrawl:models/default/corridor/corridor.json
[13Jun2025 00:33:20.569] [Worker-Main-6/DEBUG] [Dungeon Crawl/]: Loading dungeoncrawl:models/default/corridor/corridor_2.nbt
[13Jun2025 00:33:20.570] [Worker-Main-6/DEBUG] [Dungeon Crawl/]: Loading dungeoncrawl:models/default/corridor/corridor_2.json
[13Jun2025 00:33:20.570] [Worker-Main-6/DEBUG] [Dungeon Crawl/]: Loading dungeoncrawl:models/default/corridor/corridor_3.nbt
[13Jun2025 00:33:20.571] [Worker-Main-6/DEBUG] [Dungeon Crawl/]: Loading dungeoncrawl:models/default/corridor/corridor_3.json
[13Jun2025 00:33:20.574] [Worker-Main-6/DEBUG] [Dungeon Crawl/]: Loading dungeoncrawl:models/default/corridor/corridor_fire.nbt
[13Jun2025 00:33:20.575] [Worker-Main-6/DEBUG] [Dungeon Crawl/]: Loading dungeoncrawl:models/default/corridor/corridor_fire.json
[13Jun2025 00:33:20.576] [Worker-Main-6/DEBUG] [Dungeon Crawl/]: Loading dungeoncrawl:models/default/corridor/corridor_light.nbt
[13Jun2025 00:33:20.576] [Worker-Main-6/DEBUG] [Dungeon Crawl/]: Loading dungeoncrawl:models/default/corridor/corridor_light.json
[13Jun2025 00:33:20.578] [Worker-Main-6/DEBUG] [Dungeon Crawl/]: Loading dungeoncrawl:models/default/corridor/corridor_room.nbt
[13Jun2025 00:33:20.579] [Worker-Main-6/DEBUG] [Dungeon Crawl/]: Loading dungeoncrawl:models/default/corridor/corridor_room.json
[13Jun2025 00:33:20.580] [Worker-Main-6/DEBUG] [Dungeon Crawl/]: Loading dungeoncrawl:models/default/corridor/corridor_spawner.nbt
[13Jun2025 00:33:20.580] [Worker-Main-6/DEBUG] [Dungeon Crawl/]: Loading dungeoncrawl:models/default/corridor/corridor_spawner.json
[13Jun2025 00:33:20.581] [Worker-Main-6/DEBUG] [Dungeon Crawl/]: Loading dungeoncrawl:models/default/corridor/linker/cake_room.nbt
[13Jun2025 00:33:20.585] [Worker-Main-6/DEBUG] [Dungeon Crawl/]: Loading dungeoncrawl:models/default/corridor/linker/cake_room.json
[13Jun2025 00:33:20.585] [Worker-Main-6/DEBUG] [Dungeon Crawl/]: Loading dungeoncrawl:models/default/corridor/linker/linker.nbt
[13Jun2025 00:33:20.587] [Worker-Main-6/DEBUG] [Dungeon Crawl/]: Loading dungeoncrawl:models/default/corridor/linker/linker.json
[13Jun2025 00:33:20.587] [Worker-Main-6/DEBUG] [Dungeon Crawl/]: Loading dungeoncrawl:models/default/corridor/linker/linker_2.nbt
[13Jun2025 00:33:20.588] [Worker-Main-6/DEBUG] [Dungeon Crawl/]: Loading dungeoncrawl:models/default/corridor/linker/linker_2.json
[13Jun2025 00:33:20.591] [Worker-Main-6/DEBUG] [Dungeon Crawl/]: Loading dungeoncrawl:models/default/corridor/linker/linker_3.nbt
[13Jun2025 00:33:20.592] [Worker-Main-6/DEBUG] [Dungeon Crawl/]: Loading dungeoncrawl:models/default/corridor/linker/linker_3.json
[13Jun2025 00:33:20.593] [Worker-Main-6/DEBUG] [Dungeon Crawl/]: Loading dungeoncrawl:models/default/corridor/linker/linker_4.nbt
[13Jun2025 00:33:20.595] [Worker-Main-6/DEBUG] [Dungeon Crawl/]: Loading dungeoncrawl:models/default/corridor/linker/linker_4.json
[13Jun2025 00:33:20.598] [Worker-Main-6/DEBUG] [Dungeon Crawl/]: Loading dungeoncrawl:models/default/corridor/linker/linker_5.nbt
[13Jun2025 00:33:20.599] [Worker-Main-6/DEBUG] [Dungeon Crawl/]: Loading dungeoncrawl:models/default/corridor/linker/linker_5.json
[13Jun2025 00:33:20.599] [Worker-Main-6/DEBUG] [Dungeon Crawl/]: Loading dungeoncrawl:models/default/corridor/linker/linker_6.nbt
[13Jun2025 00:33:20.600] [Worker-Main-6/DEBUG] [Dungeon Crawl/]: Loading dungeoncrawl:models/default/corridor/linker/linker_6.json
[13Jun2025 00:33:20.603] [Worker-Main-6/DEBUG] [Dungeon Crawl/]: Loading dungeoncrawl:models/default/corridor/old_corridor.nbt
[13Jun2025 00:33:20.604] [Worker-Main-6/DEBUG] [Dungeon Crawl/]: Loading dungeoncrawl:models/default/corridor/old_corridor.json
[13Jun2025 00:33:20.604] [Worker-Main-6/DEBUG] [Dungeon Crawl/]: Loading dungeoncrawl:models/default/corridor/old_corridor_3.nbt
[13Jun2025 00:33:20.605] [Worker-Main-6/DEBUG] [Dungeon Crawl/]: Loading dungeoncrawl:models/default/corridor/old_corridor_3.json
[13Jun2025 00:33:20.608] [Worker-Main-6/DEBUG] [Dungeon Crawl/]: Loading dungeoncrawl:models/default/corridor/secret_room_entrance.nbt
[13Jun2025 00:33:20.609] [Worker-Main-6/DEBUG] [Dungeon Crawl/]: Loading dungeoncrawl:models/default/corridor/secret_room_entrance.json
[13Jun2025 00:33:20.614] [Worker-Main-6/DEBUG] [Dungeon Crawl/]: Loading dungeoncrawl:models/default/corridor/stone_corridor.nbt
[13Jun2025 00:33:20.615] [Worker-Main-6/DEBUG] [Dungeon Crawl/]: Loading dungeoncrawl:models/default/corridor/stone_corridor.json
[13Jun2025 00:33:20.615] [Worker-Main-6/DEBUG] [Dungeon Crawl/]: Loading dungeoncrawl:models/default/loot_room.nbt
[13Jun2025 00:33:20.716] [Worker-Main-6/DEBUG] [Dungeon Crawl/]: Loading dungeoncrawl:models/default/loot_room.json
[13Jun2025 00:33:20.717] [Worker-Main-6/DEBUG] [Dungeon Crawl/]: Loading dungeoncrawl:models/default/multipart/corridor/bookshelf.nbt
[13Jun2025 00:33:20.717] [Worker-Main-6/DEBUG] [Dungeon Crawl/]: Loading dungeoncrawl:models/default/multipart/corridor/chest.nbt
[13Jun2025 00:33:20.717] [Worker-Main-6/DEBUG] [Dungeon Crawl/]: Loading dungeoncrawl:models/default/multipart/corridor/chest_room.nbt
[13Jun2025 00:33:20.718] [Worker-Main-6/DEBUG] [Dungeon Crawl/]: Loading dungeoncrawl:models/default/multipart/corridor/chest_room_2.nbt
[13Jun2025 00:33:20.721] [Worker-Main-6/DEBUG] [Dungeon Crawl/]: Loading dungeoncrawl:models/default/multipart/corridor/crops.nbt
[13Jun2025 00:33:20.721] [Worker-Main-6/DEBUG] [Dungeon Crawl/]: Loading dungeoncrawl:models/default/multipart/corridor/crops.json
[13Jun2025 00:33:20.722] [Worker-Main-6/DEBUG] [Dungeon Crawl/]: Loading dungeoncrawl:models/default/multipart/corridor/default.nbt
[13Jun2025 00:33:20.722] [Worker-Main-6/DEBUG] [Dungeon Crawl/]: Loading dungeoncrawl:models/default/multipart/corridor/empty_room.nbt
[13Jun2025 00:33:20.722] [Worker-Main-6/DEBUG] [Dungeon Crawl/]: Loading dungeoncrawl:models/default/multipart/corridor/empty_room_2.nbt
[13Jun2025 00:33:20.723] [Worker-Main-6/DEBUG] [Dungeon Crawl/]: Loading dungeoncrawl:models/default/multipart/corridor/empty_room_3.nbt
[13Jun2025 00:33:20.724] [Worker-Main-6/DEBUG] [Dungeon Crawl/]: Loading dungeoncrawl:models/default/multipart/corridor/empty_room_4.nbt
[13Jun2025 00:33:20.725] [Worker-Main-6/DEBUG] [Dungeon Crawl/]: Loading dungeoncrawl:models/default/multipart/corridor/fire.nbt
[13Jun2025 00:33:20.728] [Worker-Main-6/DEBUG] [Dungeon Crawl/]: Loading dungeoncrawl:models/default/multipart/corridor/light.nbt
[13Jun2025 00:33:20.728] [Worker-Main-6/DEBUG] [Dungeon Crawl/]: Loading dungeoncrawl:models/default/multipart/corridor/light_switch.nbt
[13Jun2025 00:33:20.729] [Worker-Main-6/DEBUG] [Dungeon Crawl/]: Loading dungeoncrawl:models/default/multipart/corridor/secret_room_entrance.nbt
[13Jun2025 00:33:20.729] [Worker-Main-6/DEBUG] [Dungeon Crawl/]: Loading dungeoncrawl:models/default/multipart/corridor/secret_room_entrance_2.nbt
[13Jun2025 00:33:20.729] [Worker-Main-6/DEBUG] [Dungeon Crawl/]: Loading dungeoncrawl:models/default/multipart/corridor/secret_room_entrance_3.nbt
[13Jun2025 00:33:20.729] [Worker-Main-6/DEBUG] [Dungeon Crawl/]: Loading dungeoncrawl:models/default/multipart/corridor/secret_room_entrance_bookshelf.nbt
[13Jun2025 00:33:20.730] [Worker-Main-6/DEBUG] [Dungeon Crawl/]: Loading dungeoncrawl:models/default/multipart/corridor/spawner.nbt
[13Jun2025 00:33:20.730] [Worker-Main-6/DEBUG] [Dungeon Crawl/]: Loading dungeoncrawl:models/default/multipart/corridor/spawner_room.nbt
[13Jun2025 00:33:20.731] [Worker-Main-6/DEBUG] [Dungeon Crawl/]: Loading dungeoncrawl:models/default/multipart/corridor/variant.nbt
[13Jun2025 00:33:20.734] [Worker-Main-6/DEBUG] [Dungeon Crawl/]: Loading dungeoncrawl:models/default/multipart/corridor/variant_2.nbt
[13Jun2025 00:33:20.734] [Worker-Main-6/DEBUG] [Dungeon Crawl/]: Loading dungeoncrawl:models/default/multipart/large_wall.nbt
[13Jun2025 00:33:20.734] [Worker-Main-6/DEBUG] [Dungeon Crawl/]: Loading dungeoncrawl:models/default/multipart/node_connector.nbt
[13Jun2025 00:33:20.735] [Worker-Main-6/DEBUG] [Dungeon Crawl/]: Loading dungeoncrawl:models/default/multipart/short_node_connector.nbt
[13Jun2025 00:33:20.735] [Worker-Main-6/DEBUG] [Dungeon Crawl/]: Loading dungeoncrawl:models/default/multipart/wall.nbt
[13Jun2025 00:33:20.735] [Worker-Main-6/DEBUG] [Dungeon Crawl/]: Loading dungeoncrawl:models/default/multipart/wall_2.nbt
[13Jun2025 00:33:20.735] [Worker-Main-6/DEBUG] [Dungeon Crawl/]: Loading dungeoncrawl:models/default/node/connector/connector.nbt
[13Jun2025 00:33:20.736] [Worker-Main-6/DEBUG] [Dungeon Crawl/]: Loading dungeoncrawl:models/default/node/connector/connector.json
[13Jun2025 00:33:20.736] [Worker-Main-6/DEBUG] [Dungeon Crawl/]: Loading dungeoncrawl:models/default/node/connector/connector_2.nbt
[13Jun2025 00:33:20.737] [Worker-Main-6/DEBUG] [Dungeon Crawl/]: Loading dungeoncrawl:models/default/node/connector/connector_2.json
[13Jun2025 00:33:20.737] [Worker-Main-6/DEBUG] [Dungeon Crawl/]: Loading dungeoncrawl:models/default/node/connector/connector_3.nbt
[13Jun2025 00:33:20.740] [Worker-Main-6/DEBUG] [Dungeon Crawl/]: Loading dungeoncrawl:models/default/node/connector/connector_3.json
[13Jun2025 00:33:20.740] [Worker-Main-6/DEBUG] [Dungeon Crawl/]: Loading dungeoncrawl:models/default/node/connector/connector_4.nbt
[13Jun2025 00:33:20.741] [Worker-Main-6/DEBUG] [Dungeon Crawl/]: Loading dungeoncrawl:models/default/node/connector/connector_4.json
[13Jun2025 00:33:20.741] [Worker-Main-6/DEBUG] [Dungeon Crawl/]: Loading dungeoncrawl:models/default/node/connector/connector_6.nbt
[13Jun2025 00:33:20.741] [Worker-Main-6/DEBUG] [Dungeon Crawl/]: Loading dungeoncrawl:models/default/node/connector/connector_6.json
[13Jun2025 00:33:20.742] [Worker-Main-6/DEBUG] [Dungeon Crawl/]: Loading dungeoncrawl:models/default/node/connector/connector_lava.nbt
[13Jun2025 00:33:20.742] [Worker-Main-6/DEBUG] [Dungeon Crawl/]: Loading dungeoncrawl:models/default/node/connector/node_connector_catacomb.nbt
[13Jun2025 00:33:20.743] [Worker-Main-6/DEBUG] [Dungeon Crawl/]: Loading dungeoncrawl:models/default/node/connector/node_connector_catacomb.json
[13Jun2025 00:33:20.744] [Worker-Main-6/DEBUG] [Dungeon Crawl/]: Loading dungeoncrawl:models/default/node/dark_hall.nbt
[13Jun2025 00:33:20.754] [Worker-Main-6/DEBUG] [Dungeon Crawl/]: Loading dungeoncrawl:models/default/node/fire_hall.nbt
[13Jun2025 00:33:20.767] [Worker-Main-6/DEBUG] [Dungeon Crawl/]: Loading dungeoncrawl:models/default/node/fireplace.nbt
[13Jun2025 00:33:20.779] [Worker-Main-6/DEBUG] [Dungeon Crawl/]: Loading dungeoncrawl:models/default/node/fireplace.json
[13Jun2025 00:33:20.779] [Worker-Main-6/DEBUG] [Dungeon Crawl/]: Loading dungeoncrawl:models/default/node/forge.nbt
[13Jun2025 00:33:20.789] [Worker-Main-6/DEBUG] [Dungeon Crawl/]: Loading dungeoncrawl:models/default/node/forge.json
[13Jun2025 00:33:20.789] [Worker-Main-6/DEBUG] [Dungeon Crawl/]: Loading dungeoncrawl:models/default/node/jukebox_room.nbt
[13Jun2025 00:33:20.794] [Worker-Main-6/DEBUG] [Dungeon Crawl/]: Loading dungeoncrawl:models/default/node/jukebox_room.json
[13Jun2025 00:33:20.798] [Worker-Main-6/DEBUG] [Dungeon Crawl/]: Loading dungeoncrawl:models/default/node/library.nbt
[13Jun2025 00:33:20.826] [Worker-Main-6/DEBUG] [Dungeon Crawl/]: Loading dungeoncrawl:models/default/node/library.json
[13Jun2025 00:33:20.826] [Worker-Main-6/DEBUG] [Dungeon Crawl/]: Loading dungeoncrawl:models/default/node/node_turn.nbt
[13Jun2025 00:33:20.841] [Worker-Main-6/DEBUG] [Dungeon Crawl/]: Loading dungeoncrawl:models/default/node/node_turn.json
[13Jun2025 00:33:20.842] [Worker-Main-6/DEBUG] [Dungeon Crawl/]: Loading dungeoncrawl:models/default/node/old_fire_hall.nbt
[13Jun2025 00:33:20.859] [Worker-Main-6/DEBUG] [Dungeon Crawl/]: Loading dungeoncrawl:models/default/node/old_fire_hall.json
[13Jun2025 00:33:20.863] [Worker-Main-6/DEBUG] [Dungeon Crawl/]: Loading dungeoncrawl:models/default/node/old_jukebox_room.nbt
[13Jun2025 00:33:20.871] [Worker-Main-6/DEBUG] [Dungeon Crawl/]: Loading dungeoncrawl:models/default/node/old_jukebox_room.json
[13Jun2025 00:33:20.871] [Worker-Main-6/DEBUG] [Dungeon Crawl/]: Loading dungeoncrawl:models/default/node/room.nbt
[13Jun2025 00:33:20.874] [Worker-Main-6/DEBUG] [Dungeon Crawl/]: Loading dungeoncrawl:models/default/node/room.json
[13Jun2025 00:33:20.878] [Worker-Main-6/DEBUG] [Dungeon Crawl/]: Loading dungeoncrawl:models/default/node/room_2.nbt
[13Jun2025 00:33:20.892] [Worker-Main-6/DEBUG] [Dungeon Crawl/]: Loading dungeoncrawl:models/default/node/room_2.json
[13Jun2025 00:33:20.893] [Worker-Main-6/DEBUG] [Dungeon Crawl/]: Loading dungeoncrawl:models/default/node/spawner_hall.nbt
[13Jun2025 00:33:20.921] [Worker-Main-6/DEBUG] [Dungeon Crawl/]: Loading dungeoncrawl:models/default/node/spawner_hall.json
[13Jun2025 00:33:20.921] [Worker-Main-6/DEBUG] [Dungeon Crawl/]: Loading dungeoncrawl:models/default/old_loot_room.nbt
[13Jun2025 00:33:20.947] [Worker-Main-6/DEBUG] [Dungeon Crawl/]: Loading dungeoncrawl:models/default/old_loot_room.json
[13Jun2025 00:33:20.950] [Worker-Main-6/DEBUG] [Dungeon Crawl/]: Loading dungeoncrawl:models/default/room/food_side_room.nbt
[13Jun2025 00:33:20.951] [Worker-Main-6/DEBUG] [Dungeon Crawl/]: Loading dungeoncrawl:models/default/room/food_side_room.json
[13Jun2025 00:33:20.951] [Worker-Main-6/DEBUG] [Dungeon Crawl/]: Loading dungeoncrawl:models/default/room/secret_room.nbt
[13Jun2025 00:33:20.957] [Worker-Main-6/DEBUG] [Dungeon Crawl/]: Loading dungeoncrawl:models/default/room/secret_room.json
[13Jun2025 00:33:20.958] [Worker-Main-6/DEBUG] [Dungeon Crawl/]: Loading dungeoncrawl:models/default/room/spawner_room.nbt
[13Jun2025 00:33:20.962] [Worker-Main-6/DEBUG] [Dungeon Crawl/]: Loading dungeoncrawl:models/default/room/spawner_room.json
[13Jun2025 00:33:20.962] [Worker-Main-6/DEBUG] [Dungeon Crawl/]: Loading dungeoncrawl:models/default/room/spawner_room_2.nbt
[13Jun2025 00:33:20.964] [Worker-Main-6/DEBUG] [Dungeon Crawl/]: Loading dungeoncrawl:models/default/room/spawner_room_2.json
[13Jun2025 00:33:20.964] [Worker-Main-6/DEBUG] [Dungeon Crawl/]: Loading dungeoncrawl:models/default/room/spawner_room_material.nbt
[13Jun2025 00:33:20.966] [Worker-Main-6/DEBUG] [Dungeon Crawl/]: Loading dungeoncrawl:models/default/room/spawner_room_material.json
[13Jun2025 00:33:20.966] [Worker-Main-6/DEBUG] [Dungeon Crawl/]: Loading dungeoncrawl:models/default/room/spawner_room_material_2.nbt
[13Jun2025 00:33:20.967] [Worker-Main-6/DEBUG] [Dungeon Crawl/]: Loading dungeoncrawl:models/default/room/spawner_room_material_2.json
[13Jun2025 00:33:20.967] [Worker-Main-6/DEBUG] [Dungeon Crawl/]: Loading dungeoncrawl:models/default/room/starter_room.nbt
[13Jun2025 00:33:20.968] [Worker-Main-6/DEBUG] [Dungeon Crawl/]: Loading dungeoncrawl:models/default/room/starter_room.json
[13Jun2025 00:33:20.968] [Worker-Main-6/DEBUG] [Dungeon Crawl/]: Loading dungeoncrawl:models/default/room/tnt_trap_side_room.nbt
[13Jun2025 00:33:20.970] [Worker-Main-6/DEBUG] [Dungeon Crawl/]: Loading dungeoncrawl:models/default/room/tnt_trap_side_room.json
[13Jun2025 00:33:20.970] [Worker-Main-6/DEBUG] [Dungeon Crawl/]: Loading dungeoncrawl:models/default/staircase.nbt
[13Jun2025 00:33:20.971] [Worker-Main-6/DEBUG] [Dungeon Crawl/]: Loading dungeoncrawl:models/default/staircase.json
[13Jun2025 00:33:20.971] [Worker-Main-6/DEBUG] [Dungeon Crawl/]: Loading dungeoncrawl:models/default/staircase_layer.nbt
[13Jun2025 00:33:20.971] [Worker-Main-6/DEBUG] [Dungeon Crawl/]: Loading dungeoncrawl:models/default/stairs_bottom.nbt
[13Jun2025 00:33:20.973] [Worker-Main-6/DEBUG] [Dungeon Crawl/]: Loading dungeoncrawl:models/default/stairs_bottom.json
[13Jun2025 00:33:20.973] [Worker-Main-6/DEBUG] [Dungeon Crawl/]: Loading dungeoncrawl:models/default/stairs_bottom_2.nbt
[13Jun2025 00:33:20.974] [Worker-Main-6/DEBUG] [Dungeon Crawl/]: Loading dungeoncrawl:models/default/stairs_bottom_2.json
[13Jun2025 00:33:20.975] [Worker-Main-6/DEBUG] [Dungeon Crawl/]: Loading dungeoncrawl:models/default/stairs_top.nbt
[13Jun2025 00:33:20.976] [Worker-Main-6/DEBUG] [Dungeon Crawl/]: Loading dungeoncrawl:models/default/stairs_top.json
[13Jun2025 00:33:20.976] [Worker-Main-6/DEBUG] [Dungeon Crawl/]: Loading dungeoncrawl:models/entrance/roguelike/eniko_tower.nbt
[13Jun2025 00:33:20.983] [Worker-Main-6/DEBUG] [Dungeon Crawl/]: Loading dungeoncrawl:models/entrance/roguelike/eniko_tower.json
[13Jun2025 00:33:20.983] [Worker-Main-6/DEBUG] [Dungeon Crawl/]: Loading dungeoncrawl:models/entrance/roguelike/house.nbt
[13Jun2025 00:33:20.988] [Worker-Main-6/DEBUG] [Dungeon Crawl/]: Loading dungeoncrawl:models/entrance/roguelike/house.json
[13Jun2025 00:33:20.988] [Worker-Main-6/DEBUG] [Dungeon Crawl/]: Loading dungeoncrawl:models/entrance/roguelike/pyramid.nbt
[13Jun2025 00:33:20.992] [Worker-Main-6/DEBUG] [Dungeon Crawl/]: Loading dungeoncrawl:models/entrance/roguelike/pyramid.json
[13Jun2025 00:33:20.992] [Worker-Main-6/DEBUG] [Dungeon Crawl/]: Loading dungeoncrawl:models/entrance/roguelike/rogue_tower.nbt
[13Jun2025 00:33:20.995] [Worker-Main-6/DEBUG] [Dungeon Crawl/]: Loading dungeoncrawl:models/entrance/roguelike/rogue_tower.json
[13Jun2025 00:33:20.995] [Worker-Main-6/DEBUG] [Dungeon Crawl/]: Loading dungeoncrawl:models/entrance/roguelike/witch_tower.nbt
[13Jun2025 00:33:21.001] [Worker-Main-6/DEBUG] [Dungeon Crawl/]: Loading dungeoncrawl:models/entrance/roguelike/witch_tower.json
[13Jun2025 00:33:21.001] [Worker-Main-6/DEBUG] [Dungeon Crawl/]: Loading dungeoncrawl:models/hell/node/lava_hall.nbt
[13Jun2025 00:33:21.007] [Worker-Main-6/DEBUG] [Dungeon Crawl/]: Loading dungeoncrawl:models/hell/node/small_loot_room.nbt
[13Jun2025 00:33:21.013] [Worker-Main-6/DEBUG] [Dungeon Crawl/]: Loading dungeoncrawl:models/hell/node/small_loot_room.json
[13Jun2025 00:33:21.014] [Worker-Main-6/DEBUG] [Dungeon Crawl/]: Loading dungeoncrawl:models/hell/room/empty_room.nbt
[13Jun2025 00:33:21.016] [Worker-Main-6/DEBUG] [Dungeon Crawl/]: Loading dungeoncrawl:models/hell/room/empty_room.json
[13Jun2025 00:33:21.016] [Worker-Main-6/DEBUG] [Dungeon Crawl/]: Loading dungeoncrawl:models/hell/room/spawner_room.nbt
[13Jun2025 00:33:21.017] [Worker-Main-6/DEBUG] [Dungeon Crawl/]: Loading dungeoncrawl:models/hell/room/spawner_room.json
[13Jun2025 00:33:21.019] [Worker-Main-6/DEBUG] [Dungeon Crawl/]: Loading dungeoncrawl:dungeon/model_pools.json
[13Jun2025 00:33:21.041] [Worker-Main-6/DEBUG] [Dungeon Crawl/]: Loading dungeoncrawl:dungeon/types/default.json
[13Jun2025 00:33:21.056] [Worker-Main-6/DEBUG] [Dungeon Crawl/]: Loading dungeoncrawl:dungeon/types/desert/default.json
[13Jun2025 00:33:21.057] [Worker-Main-6/DEBUG] [Dungeon Crawl/]: Loading dungeoncrawl:dungeon/types/forest/default.json
[13Jun2025 00:33:21.061] [Worker-Main-6/DEBUG] [Dungeon Crawl/]: Loading dungeoncrawl:dungeon/types/mountains/default.json
[13Jun2025 00:33:21.102] [Worker-Main-6/DEBUG] [Dungeon Crawl/]: Loading dungeoncrawl:dungeon/biome_mappings/default.json
[13Jun2025 00:33:21.131] [Worker-Main-6/DEBUG] [Dungeon Crawl/]: Loading dungeoncrawl:theming/secondary_themes/catacombs/crumbled.json
[13Jun2025 00:33:21.136] [Worker-Main-6/DEBUG] [Dungeon Crawl/]: Loading dungeoncrawl:theming/secondary_themes/hell/roguelike.json
[13Jun2025 00:33:21.137] [Worker-Main-6/DEBUG] [Dungeon Crawl/]: Loading dungeoncrawl:theming/secondary_themes/vanilla/acacia.json
[13Jun2025 00:33:21.137] [Worker-Main-6/DEBUG] [Dungeon Crawl/]: Loading dungeoncrawl:theming/secondary_themes/vanilla/badlands/default.json
[13Jun2025 00:33:21.138] [Worker-Main-6/DEBUG] [Dungeon Crawl/]: Loading dungeoncrawl:theming/secondary_themes/vanilla/birch.json
[13Jun2025 00:33:21.139] [Worker-Main-6/DEBUG] [Dungeon Crawl/]: Loading dungeoncrawl:theming/secondary_themes/vanilla/catacombs/mossy.json
[13Jun2025 00:33:21.140] [Worker-Main-6/DEBUG] [Dungeon Crawl/]: Loading dungeoncrawl:theming/secondary_themes/vanilla/catacombs/overgrown.json
[13Jun2025 00:33:21.142] [Worker-Main-6/DEBUG] [Dungeon Crawl/]: Loading dungeoncrawl:theming/secondary_themes/vanilla/dark_oak.json
[13Jun2025 00:33:21.142] [Worker-Main-6/DEBUG] [Dungeon Crawl/]: Loading dungeoncrawl:theming/secondary_themes/vanilla/desert/default.json
[13Jun2025 00:33:21.143] [Worker-Main-6/DEBUG] [Dungeon Crawl/]: Loading dungeoncrawl:theming/secondary_themes/vanilla/desert/diorite.json
[13Jun2025 00:33:21.144] [Worker-Main-6/DEBUG] [Dungeon Crawl/]: Loading dungeoncrawl:theming/secondary_themes/vanilla/desert/granite.json
[13Jun2025 00:33:21.145] [Worker-Main-6/DEBUG] [Dungeon Crawl/]: Loading dungeoncrawl:theming/secondary_themes/vanilla/hell/default.json
[13Jun2025 00:33:21.146] [Worker-Main-6/DEBUG] [Dungeon Crawl/]: Loading dungeoncrawl:theming/secondary_themes/vanilla/jungle.json
[13Jun2025 00:33:21.147] [Worker-Main-6/DEBUG] [Dungeon Crawl/]: Loading dungeoncrawl:theming/secondary_themes/vanilla/mountains/default.json
[13Jun2025 00:33:21.147] [Worker-Main-6/DEBUG] [Dungeon Crawl/]: Loading dungeoncrawl:theming/secondary_themes/vanilla/oak.json
[13Jun2025 00:33:21.148] [Worker-Main-6/DEBUG] [Dungeon Crawl/]: Loading dungeoncrawl:theming/secondary_themes/vanilla/spruce.json
[13Jun2025 00:33:21.167] [Worker-Main-6/DEBUG] [Dungeon Crawl/]: Loading dungeoncrawl:theming/primary_themes/catacombs/crumbled.json
[13Jun2025 00:33:21.172] [Worker-Main-6/DEBUG] [Dungeon Crawl/]: Loading dungeoncrawl:theming/primary_themes/create/andesite.json
[13Jun2025 00:33:21.173] [Worker-Main-6/DEBUG] [Dungeon Crawl/]: Loading dungeoncrawl:theming/primary_themes/create/crumbled_andesite.json
[13Jun2025 00:33:21.174] [Worker-Main-6/DEBUG] [Dungeon Crawl/]: Loading dungeoncrawl:theming/primary_themes/create/mossy_andesite.json
[13Jun2025 00:33:21.176] [Worker-Main-6/DEBUG] [Dungeon Crawl/]: Loading dungeoncrawl:theming/primary_themes/create/overgrown_andesite.json
[13Jun2025 00:33:21.177] [Worker-Main-6/DEBUG] [Dungeon Crawl/]: Loading dungeoncrawl:theming/primary_themes/hell/roguelike.json
[13Jun2025 00:33:21.179] [Worker-Main-6/DEBUG] [Dungeon Crawl/]: Loading dungeoncrawl:theming/primary_themes/vanilla/andesite.json
[13Jun2025 00:33:21.181] [Worker-Main-6/DEBUG] [Dungeon Crawl/]: Loading dungeoncrawl:theming/primary_themes/vanilla/badlands/default.json
[13Jun2025 00:33:21.182] [Worker-Main-6/DEBUG] [Dungeon Crawl/]: Loading dungeoncrawl:theming/primary_themes/vanilla/bricks.json
[13Jun2025 00:33:21.184] [Worker-Main-6/DEBUG] [Dungeon Crawl/]: Loading dungeoncrawl:theming/primary_themes/vanilla/bricks_2.json
[13Jun2025 00:33:21.185] [Worker-Main-6/DEBUG] [Dungeon Crawl/]: Loading dungeoncrawl:theming/primary_themes/vanilla/catacombs/ancient.json
[13Jun2025 00:33:21.188] [Worker-Main-6/DEBUG] [Dungeon Crawl/]: Loading dungeoncrawl:theming/primary_themes/vanilla/catacombs/bricks.json
[13Jun2025 00:33:21.190] [Worker-Main-6/DEBUG] [Dungeon Crawl/]: Loading dungeoncrawl:theming/primary_themes/vanilla/catacombs/crumbled_floor.json
[13Jun2025 00:33:21.193] [Worker-Main-6/DEBUG] [Dungeon Crawl/]: Loading dungeoncrawl:theming/primary_themes/vanilla/catacombs/mossy.json
[13Jun2025 00:33:21.195] [Worker-Main-6/DEBUG] [Dungeon Crawl/]: Loading dungeoncrawl:theming/primary_themes/vanilla/catacombs/overgrown.json
[13Jun2025 00:33:21.197] [Worker-Main-6/DEBUG] [Dungeon Crawl/]: Loading dungeoncrawl:theming/primary_themes/vanilla/default.json
[13Jun2025 00:33:21.199] [Worker-Main-6/DEBUG] [Dungeon Crawl/]: Loading dungeoncrawl:theming/primary_themes/vanilla/desert/default.json
[13Jun2025 00:33:21.200] [Worker-Main-6/DEBUG] [Dungeon Crawl/]: Loading dungeoncrawl:theming/primary_themes/vanilla/desert/diorite.json
[13Jun2025 00:33:21.201] [Worker-Main-6/DEBUG] [Dungeon Crawl/]: Loading dungeoncrawl:theming/primary_themes/vanilla/desert/granite.json
[13Jun2025 00:33:21.202] [Worker-Main-6/DEBUG] [Dungeon Crawl/]: Loading dungeoncrawl:theming/primary_themes/vanilla/desert/terracotta.json
[13Jun2025 00:33:21.205] [Worker-Main-6/DEBUG] [Dungeon Crawl/]: Loading dungeoncrawl:theming/primary_themes/vanilla/hell/checked_floor.json
[13Jun2025 00:33:21.206] [Worker-Main-6/DEBUG] [Dungeon Crawl/]: Loading dungeoncrawl:theming/primary_themes/vanilla/hell/default.json
[13Jun2025 00:33:21.207] [Worker-Main-6/DEBUG] [Dungeon Crawl/]: Loading dungeoncrawl:theming/primary_themes/vanilla/hell/mossy.json
[13Jun2025 00:33:21.210] [Worker-Main-6/DEBUG] [Dungeon Crawl/]: Loading dungeoncrawl:theming/primary_themes/vanilla/jungle/default.json
[13Jun2025 00:33:21.211] [Worker-Main-6/DEBUG] [Dungeon Crawl/]: Loading dungeoncrawl:theming/primary_themes/vanilla/mountains/default.json
[13Jun2025 00:33:21.347] [Worker-Main-6/DEBUG] [Dungeon Crawl/]: Loading dungeoncrawl:monster/spawn_rates.json
[13Jun2025 00:33:21.349] [Worker-Main-6/DEBUG] [Dungeon Crawl/]: Loading dungeoncrawl:treasure/stage_1.json
[13Jun2025 00:33:21.353] [Worker-Main-6/DEBUG] [Dungeon Crawl/]: Loading dungeoncrawl:treasure/stage_2.json
[13Jun2025 00:33:21.357] [Worker-Main-6/DEBUG] [Dungeon Crawl/]: Loading dungeoncrawl:treasure/stage_3.json
[13Jun2025 00:33:21.357] [Worker-Main-6/DEBUG] [Dungeon Crawl/]: Loading dungeoncrawl:treasure/stage_4.json
[13Jun2025 00:33:21.357] [Worker-Main-6/DEBUG] [Dungeon Crawl/]: Loading dungeoncrawl:treasure/stage_5.json
[13Jun2025 00:33:21.360] [Worker-Main-6/DEBUG] [Dungeon Crawl/]: Loading dungeoncrawl:monster/entities/stage_1.json
[13Jun2025 00:33:21.364] [Worker-Main-6/DEBUG] [Dungeon Crawl/]: Loading dungeoncrawl:monster/entities/stage_2.json
[13Jun2025 00:33:21.364] [Worker-Main-6/DEBUG] [Dungeon Crawl/]: Loading dungeoncrawl:monster/entities/stage_3.json
[13Jun2025 00:33:21.364] [Worker-Main-6/DEBUG] [Dungeon Crawl/]: Loading dungeoncrawl:monster/entities/stage_4.json
[13Jun2025 00:33:21.364] [Worker-Main-6/DEBUG] [Dungeon Crawl/]: Loading dungeoncrawl:monster/entities/stage_5.json
[13Jun2025 00:33:21.365] [Worker-Main-6/DEBUG] [Dungeon Crawl/]: Loading dungeoncrawl:monster/equipment/armor/stage_1.json
[13Jun2025 00:33:21.365] [Worker-Main-6/DEBUG] [Dungeon Crawl/]: Loading dungeoncrawl:monster/equipment/armor/stage_2.json
[13Jun2025 00:33:21.365] [Worker-Main-6/DEBUG] [Dungeon Crawl/]: Loading dungeoncrawl:monster/equipment/armor/stage_3.json
[13Jun2025 00:33:21.365] [Worker-Main-6/DEBUG] [Dungeon Crawl/]: Loading dungeoncrawl:monster/equipment/armor/stage_4.json
[13Jun2025 00:33:21.366] [Worker-Main-6/DEBUG] [Dungeon Crawl/]: Loading dungeoncrawl:monster/equipment/armor/stage_5.json
[13Jun2025 00:33:21.366] [Worker-Main-6/DEBUG] [Dungeon Crawl/]: Loading dungeoncrawl:monster/equipment/weapon/stage_1.json
[13Jun2025 00:33:21.366] [Worker-Main-6/DEBUG] [Dungeon Crawl/]: Loading dungeoncrawl:monster/equipment/weapon/stage_2.json
[13Jun2025 00:33:21.366] [Worker-Main-6/DEBUG] [Dungeon Crawl/]: Loading dungeoncrawl:monster/equipment/weapon/stage_3.json
[13Jun2025 00:33:21.366] [Worker-Main-6/DEBUG] [Dungeon Crawl/]: Loading dungeoncrawl:monster/equipment/weapon/stage_4.json
[13Jun2025 00:33:21.367] [Worker-Main-6/DEBUG] [Dungeon Crawl/]: Loading dungeoncrawl:monster/equipment/weapon/stage_5.json
[13Jun2025 00:33:21.369] [Worker-Main-6/DEBUG] [Dungeon Crawl/]: Loading dungeoncrawl:monster/potion_effects/stage_1.json
[13Jun2025 00:33:21.370] [Worker-Main-6/DEBUG] [Dungeon Crawl/]: Loading dungeoncrawl:monster/potion_effects/stage_2.json
[13Jun2025 00:33:21.370] [Worker-Main-6/DEBUG] [Dungeon Crawl/]: Loading dungeoncrawl:monster/potion_effects/stage_3.json
[13Jun2025 00:33:21.371] [Worker-Main-6/DEBUG] [Dungeon Crawl/]: Loading dungeoncrawl:monster/potion_effects/stage_4.json
[13Jun2025 00:33:21.371] [Worker-Main-6/DEBUG] [Dungeon Crawl/]: Loading dungeoncrawl:monster/potion_effects/stage_5.json
[13Jun2025 00:33:21.371] [Worker-Main-6/DEBUG] [Dungeon Crawl/]: Completing...
[13Jun2025 00:33:21.372] [Worker-Main-6/INFO] [Dungeon Crawl/]: Done.
[13Jun2025 00:33:21.374] [Worker-Main-6/DEBUG] [sophisticatedbackpacks/]: Started loading registry data from sophisticatedbackpacks:compat/woot/block_tools 
[13Jun2025 00:33:21.374] [Worker-Main-6/DEBUG] [sophisticatedbackpacks/]: Started loading registry data from sophisticatedbackpacks:compat/fluxnetworks/block_tools 
[13Jun2025 00:33:21.374] [Worker-Main-6/DEBUG] [sophisticatedbackpacks/]: Started loading registry data from sophisticatedbackpacks:compat/mob_grinding_utils/entity_tools 
[13Jun2025 00:33:21.374] [Worker-Main-6/DEBUG] [sophisticatedbackpacks/]: Started loading registry data from sophisticatedbackpacks:compat/astralsorcery/block_tools 
[13Jun2025 00:33:21.374] [Worker-Main-6/DEBUG] [sophisticatedbackpacks/]: Started loading registry data from sophisticatedbackpacks:compat/immersivepetroleum/block_tools 
[13Jun2025 00:33:21.374] [Worker-Main-6/DEBUG] [sophisticatedbackpacks/]: Started loading registry data from sophisticatedbackpacks:compat/immersiveengineering/block_tools 
[13Jun2025 00:33:21.374] [Worker-Main-6/DEBUG] [sophisticatedbackpacks/]: Started loading registry data from sophisticatedbackpacks:compat/pedestals/block_tools 
[13Jun2025 00:33:21.374] [Worker-Main-6/DEBUG] [sophisticatedbackpacks/]: Started loading registry data from sophisticatedbackpacks:compat/platforms/block_tools 
[13Jun2025 00:33:21.374] [Worker-Main-6/DEBUG] [sophisticatedbackpacks/]: Started loading registry data from sophisticatedbackpacks:compat/rftoolsutility/entity_tools 
[13Jun2025 00:33:21.374] [Worker-Main-6/DEBUG] [sophisticatedbackpacks/]: Started loading registry data from sophisticatedbackpacks:compat/compactmachines/block_tools 
[13Jun2025 00:33:21.374] [Worker-Main-6/DEBUG] [sophisticatedbackpacks/]: Started loading registry data from sophisticatedbackpacks:compat/mcwwindows/block_tools 
[13Jun2025 00:33:21.374] [Worker-Main-6/DEBUG] [sophisticatedbackpacks/]: Started loading registry data from sophisticatedbackpacks:compat/integrateddynamics/block_tools 
[13Jun2025 00:33:21.374] [Worker-Main-6/DEBUG] [sophisticatedbackpacks/]: Started loading registry data from sophisticatedbackpacks:entity_tools 
[13Jun2025 00:33:21.376] [Worker-Main-6/DEBUG] [sophisticatedbackpacks/]: Finished loading registry data for sophisticatedbackpacks:entity_tools
[13Jun2025 00:33:21.376] [Worker-Main-6/DEBUG] [sophisticatedbackpacks/]: Started loading registry data from sophisticatedbackpacks:compat/mekanism/block_tools 
[13Jun2025 00:33:21.377] [Worker-Main-6/DEBUG] [sophisticatedbackpacks/]: Started loading registry data from sophisticatedbackpacks:compat/powah/block_tools 
[13Jun2025 00:33:21.377] [Worker-Main-6/DEBUG] [sophisticatedbackpacks/]: Started loading registry data from sophisticatedbackpacks:compat/apotheosis/entity_tools 
[13Jun2025 00:33:21.377] [Worker-Main-6/DEBUG] [sophisticatedbackpacks/]: Started loading registry data from sophisticatedbackpacks:compat/bloodmagic/block_tools 
[13Jun2025 00:33:21.377] [Worker-Main-6/DEBUG] [sophisticatedbackpacks/]: Started loading registry data from sophisticatedbackpacks:compat/immersiveposts/block_tools 
[13Jun2025 00:33:21.377] [Worker-Main-6/DEBUG] [sophisticatedbackpacks/]: Started loading registry data from sophisticatedbackpacks:compat/rats/entity_tools 
[13Jun2025 00:33:21.377] [Worker-Main-6/DEBUG] [sophisticatedbackpacks/]: Started loading registry data from sophisticatedbackpacks:compat/framedcompactdrawers/block_tools 
[13Jun2025 00:33:21.377] [Worker-Main-6/DEBUG] [sophisticatedbackpacks/]: Started loading registry data from sophisticatedbackpacks:compat/iceandfire/entity_tools 
[13Jun2025 00:33:21.377] [Worker-Main-6/DEBUG] [sophisticatedbackpacks/]: Started loading registry data from sophisticatedbackpacks:compat/storagedrawers/block_tools 
[13Jun2025 00:33:21.377] [Worker-Main-6/DEBUG] [sophisticatedbackpacks/]: Finished loading registry data for sophisticatedbackpacks:compat/storagedrawers/block_tools
[13Jun2025 00:33:21.377] [Worker-Main-6/DEBUG] [sophisticatedbackpacks/]: Started loading registry data from sophisticatedbackpacks:compat/mcwroofs/block_tools 
[13Jun2025 00:33:21.377] [Worker-Main-6/DEBUG] [sophisticatedbackpacks/]: Started loading registry data from sophisticatedbackpacks:compat/morphtool/block_tools 
[13Jun2025 00:33:21.377] [Worker-Main-6/DEBUG] [sophisticatedbackpacks/]: Started loading registry data from sophisticatedbackpacks:compat/botania/block_tools 
[13Jun2025 00:33:21.377] [Worker-Main-6/DEBUG] [sophisticatedbackpacks/]: Started loading registry data from sophisticatedbackpacks:compat/pneumaticraft/block_tools 
[13Jun2025 00:33:21.378] [Worker-Main-6/DEBUG] [sophisticatedbackpacks/]: Started loading registry data from sophisticatedbackpacks:compat/shrink/entity_tools 
[13Jun2025 00:33:21.378] [Worker-Main-6/DEBUG] [sophisticatedbackpacks/]: Started loading registry data from sophisticatedbackpacks:compat/blockcarpentry/block_tools 
[13Jun2025 00:33:21.378] [Worker-Main-6/DEBUG] [sophisticatedbackpacks/]: Started loading registry data from sophisticatedbackpacks:compat/pipez/block_tools 
[13Jun2025 00:33:21.378] [Worker-Main-6/DEBUG] [sophisticatedbackpacks/]: Started loading registry data from sophisticatedbackpacks:compat/transport/block_tools 
[13Jun2025 00:33:21.378] [Worker-Main-6/DEBUG] [sophisticatedbackpacks/]: Started loading registry data from sophisticatedbackpacks:compat/thermal/block_tools 
[13Jun2025 00:33:21.378] [Worker-Main-6/DEBUG] [sophisticatedbackpacks/]: Started loading registry data from sophisticatedbackpacks:block_tools 
[13Jun2025 00:33:21.378] [Worker-Main-6/DEBUG] [sophisticatedbackpacks/]: Finished loading registry data for sophisticatedbackpacks:block_tools
[13Jun2025 00:33:21.378] [Worker-Main-6/DEBUG] [sophisticatedbackpacks/]: Started loading registry data from sophisticatedbackpacks:compat/create/block_tools 
[13Jun2025 00:33:21.378] [Worker-Main-6/DEBUG] [sophisticatedbackpacks/]: Started loading registry data from sophisticatedbackpacks:compat/refinedstorage/block_tools 
[13Jun2025 00:33:21.378] [Worker-Main-6/DEBUG] [sophisticatedbackpacks/]: Started loading registry data from sophisticatedbackpacks:compat/chiselsandbits/block_tools 
[13Jun2025 00:33:21.378] [Worker-Main-6/DEBUG] [sophisticatedbackpacks/]: Started loading registry data from sophisticatedbackpacks:compat/farmersdelight/block_tools 
[13Jun2025 00:33:21.378] [Worker-Main-6/DEBUG] [sophisticatedbackpacks/]: Started loading registry data from sophisticatedbackpacks:compat/resourcefulbees/entity_tools 
[13Jun2025 00:33:21.378] [Worker-Main-6/DEBUG] [sophisticatedbackpacks/]: Started loading registry data from sophisticatedbackpacks:compat/tetra/swords 
[13Jun2025 00:33:21.378] [Worker-Main-6/DEBUG] [sophisticatedbackpacks/]: Started loading registry data from sophisticatedbackpacks:swords 
[13Jun2025 00:33:21.378] [Worker-Main-6/DEBUG] [sophisticatedbackpacks/]: Finished loading registry data for sophisticatedbackpacks:swords
[13Jun2025 00:33:21.378] [Worker-Main-6/DEBUG] [sophisticatedbackpacks/]: Started loading registry data from sophisticatedbackpacks:compat/mythicbotany/block_tools 
[13Jun2025 00:33:21.378] [Worker-Main-6/DEBUG] [sophisticatedbackpacks/]: Started loading registry data from sophisticatedbackpacks:compat/resourcefulbees/block_tools 
[13Jun2025 00:33:21.378] [Worker-Main-6/DEBUG] [sophisticatedbackpacks/]: Started loading registry data from sophisticatedbackpacks:compat/syp/entity_tools 
[13Jun2025 00:33:21.378] [Worker-Main-6/DEBUG] [sophisticatedbackpacks/]: Started loading registry data from sophisticatedbackpacks:compat/eidolon/block_tools 
[13Jun2025 00:33:21.378] [Worker-Main-6/DEBUG] [sophisticatedbackpacks/]: Started loading registry data from sophisticatedbackpacks:compat/rftoolsbase/block_tools 
[13Jun2025 00:33:22.488] [main/INFO] [STDOUT/]: [tschipp.carryon.common.handler.ListHandler:initConfigLists:282]: [minecraft:soul_fire_base_blocks, forge:glass_panes/magenta, tombstone:decorative_graves, cataclysm:netherite_monstrosity_break, forge:storage_blocks/netherite, forge:glass_panes/white, forge:gravel, forge:glass_panes/cyan, forge:glass_panes/light_gray, minecraft:wool, forge:storage_blocks/nickel, forge:glass/colorless, forge:rubberwood_logs, minecolonies:protectionexception, forge:ores/niter, forge:glass_panes/light_blue, minecraft:beehives, minecraft:ice, forge:ores/netherite_scrap, minecraft:crops, minecraft:dragon_immune, forge:stained_glass, forge:glass/pink, forge:chests, forge:storage_blocks/emerald, forge:ores/redstone, minecraft:warped_stems, forge:glass/red, forge:storage_blocks/coal_coke, forge:storage_blocks/iron, forge:glass_panes/brown, forge:glass_panes/green, carryon:block_blacklist, forge:ores/sapphire, minecraft:prevent_mob_spawning_inside, minecraft:climbable, forge:chests/trapped, forge:fence_gates, storagedrawers:drawers, cataclysm:altar_destroy_immune, minecraft:dark_oak_logs, minecraft:coral_plants, forge:glass_panes, forge:storage_blocks/lumium, minecraft:non_flammable_wood, forge:sandstone, forge:storage_blocks/copper, forge:glass_panes/colorless, the_bumblezone:blacklisted_productive_bees_combs, forge:storage_blocks/cinnabar, paraglider:statues/goddess, forge:storage_blocks/bronze, twilightforest:antibuilder_ignores, minecraft:fences, minecraft:saplings, forge:storage_blocks/tin, forge:storage_blocks/lapis, forge:ores/copper, minecraft:beds, forge:ores/diamond, minecraft:unstable_bottom_center, forge:ores/lead, minecraft:doors, minecraft:enderman_holdable, minecraft:banners, forge:storage_blocks/electrum, minecraft:infiniburn_overworld, minecraft:flower_pots, minecraft:wooden_fences, forge:storage_blocks/sugar_cane, forge:storage_blocks/signalum, forge:storage_blocks/invar, minecraft:wall_post_override, forge:obsidian, forge:enderman_place_on_blacklist, forge:storage_blocks/wax, tombstone:grave_marbles, forge:ores/tin, forge:glass/white, forge:glass_panes/red, minecraft:signs, minecraft:wither_summon_base_blocks, forge:glass/magenta, forge:ores/coal, minecraft:hoglin_repellents, forge:storage_blocks/constantan, minecraft:fire, minecraft:base_stone_nether, minecraft:wall_signs, carryon:block_whitelist, forge:storage_blocks/end_crystal, forge:storage_blocks/sapphire, forge:sand/colorless, minecraft:trapdoors, forge:glass/cyan, forge:glass, forge:storage_blocks/gunpowder, minecraft:soul_speed_blocks, twilightforest:antibuilder_blacklist, forge:storage_blocks/charcoal, minecraft:leaves, minecraft:walls, minecraft:coral_blocks, forge:glass/green, forge:storage_blocks/lead, forge:ores/end_crystal, forge:glass_panes/gray, minecraft:wither_immune, forge:ores/ruby, minecraft:acacia_logs, elevatorid:elevators, cataclysm:ignis_can_destroy_cracked_block, forge:stained_glass_panes, capsule:excluded, minecraft:underwater_bonemeals, tombstone:player_graves, forge:sand/red, the_bumblezone:honeycombs_that_features_can_carve, minecraft:impermeable, minecraft:sand, forge:end_stones, forge:glass/brown, minecraft:logs_that_burn, forge:ores/sulfur, forge:fences/wooden, sereneseasons:summer_crops, forge:glass/gray, minecraft:campfires, forge:storage_blocks, minecraft:infiniburn_nether, forge:glass_panes/orange, forge:glass/light_gray, forge:ores/quartz, minecraft:wooden_slabs, forge:glass/blue, minecraft:small_flowers, minecraft:wooden_trapdoors, forge:storage_blocks/coal, forge:glass_panes/black, forge:glass/light_blue, jade:pick, forge:storage_blocks/redstone, paraglider:statues, sereneseasons:winter_crops, forge:glass_panes/blue, minecraft:stairs, minecraft:logs, forge:ores/cinnabar, forge:stone, minecraft:valid_spawn, minecraft:mushroom_grow_block, minecraft:wooden_doors, minecraft:standing_signs, minecraft:infiniburn_end, forge:glass_panes/yellow, sereneseasons:autumn_crops, forge:glass/purple, minecraft:crimson_stems, minecraft:wart_blocks, forge:storage_blocks/ruby, cataclysm:ender_guardian_can_destroy, forge:storage_blocks/apatite, minecraft:beacon_base_blocks, minecraft:shulker_boxes, the_bumblezone:required_blocks_under_hive_to_teleport, minecraft:anvil, forge:ores/silver, the_bumblezone:blacklisted_teleportable_hive_blocks, minecraft:birch_logs, forge:storage_blocks/enderium, forge:sand, minecraft:wall_corals, thermal:rockwool, forge:storage_blocks/tar, forge:glass_panes/purple, forge:glass/yellow, the_bumblezone:wrath_activating_blocks_when_mined, forge:storage_blocks/silver, minecraft:oak_logs, forge:ores/gold, forge:pumpkins/carved, forge:storage_blocks/neptunium, forge:barrels, minecraft:piglin_repellents, forge:ores/lapis, forge:glass/black, minecraft:portals, the_bumblezone:flowers_blacklisted_from_pollen_puff, forge:dirt, minecraft:bamboo_plantable_on, forge:fences/nether_brick, forge:glass/lime, forge:chests/wooden, forge:ores/iron, minecraft:pressure_plates, forge:ores/nickel, forge:storage_blocks/sulfur, minecraft:jungle_logs, tombstone:graves, forge:chests/ender, cataclysm:netherite_monstrosity_immune, minecraft:wooden_stairs, minecraft:spruce_logs, thermal:glass/hardened, minecraft:carpets, minecraft:base_stone_overworld, minecraft:wooden_buttons, forge:fence_gates/wooden, minecraft:stone_bricks, forge:storage_blocks/quartz, forge:glass/orange, forge:glass_panes/lime, sereneseasons:spring_crops, endrem:end_crystal_gen, minecraft:slabs, minecraft:guarded_by_piglins, forge:ores/emerald, forge:storage_blocks/bitumen, the_bumblezone:blacklisted_resourceful_bees_combs, cataclysm:ender_golem_can_destroy, cataclysm:ignis_immune, forge:ores/apatite, minecraft:corals, minecraft:buttons, minecraft:flowers, the_bumblezone:flowers_allowed_by_pollen_puff, minecraft:planks, forge:cobblestone, minecraft:rails, forge:barrels/wooden, forge:storage_blocks/niter, minecraft:strider_warm_blocks, forge:storage_blocks/gold, minecraft:fence_gates, forge:ores, minecraft:bee_growables, minecraft:wooden_pressure_plates, minecraft:tall_flowers, cataclysm:endermaptera_can_not_spawn, forge:fences, forge:pollen, minecraft:stone_pressure_plates, forge:storage_blocks/diamond, minecraft:nylium, minecraft:gold_ores, forge:storage_blocks/bamboo, forge:glass_panes/pink, forge:storage_blocks/slag, forge:netherrack]
[13Jun2025 00:33:22.489] [main/INFO] [STDOUT/]: [tschipp.carryon.common.handler.ListHandler:initConfigLists:282]: [minecraft:soul_fire_base_blocks, forge:glass_panes/magenta, tombstone:decorative_graves, cataclysm:netherite_monstrosity_break, forge:storage_blocks/netherite, forge:glass_panes/white, forge:gravel, forge:glass_panes/cyan, forge:glass_panes/light_gray, minecraft:wool, forge:storage_blocks/nickel, forge:glass/colorless, forge:rubberwood_logs, minecolonies:protectionexception, forge:ores/niter, forge:glass_panes/light_blue, minecraft:beehives, minecraft:ice, forge:ores/netherite_scrap, minecraft:crops, minecraft:dragon_immune, forge:stained_glass, forge:glass/pink, forge:chests, forge:storage_blocks/emerald, forge:ores/redstone, minecraft:warped_stems, forge:glass/red, forge:storage_blocks/coal_coke, forge:storage_blocks/iron, forge:glass_panes/brown, forge:glass_panes/green, carryon:block_blacklist, forge:ores/sapphire, minecraft:prevent_mob_spawning_inside, minecraft:climbable, forge:chests/trapped, forge:fence_gates, storagedrawers:drawers, cataclysm:altar_destroy_immune, minecraft:dark_oak_logs, minecraft:coral_plants, forge:glass_panes, forge:storage_blocks/lumium, minecraft:non_flammable_wood, forge:sandstone, forge:storage_blocks/copper, forge:glass_panes/colorless, the_bumblezone:blacklisted_productive_bees_combs, forge:storage_blocks/cinnabar, paraglider:statues/goddess, forge:storage_blocks/bronze, twilightforest:antibuilder_ignores, minecraft:fences, minecraft:saplings, forge:storage_blocks/tin, forge:storage_blocks/lapis, forge:ores/copper, minecraft:beds, forge:ores/diamond, minecraft:unstable_bottom_center, forge:ores/lead, minecraft:doors, minecraft:enderman_holdable, minecraft:banners, forge:storage_blocks/electrum, minecraft:infiniburn_overworld, minecraft:flower_pots, minecraft:wooden_fences, forge:storage_blocks/sugar_cane, forge:storage_blocks/signalum, forge:storage_blocks/invar, minecraft:wall_post_override, forge:obsidian, forge:enderman_place_on_blacklist, forge:storage_blocks/wax, tombstone:grave_marbles, forge:ores/tin, forge:glass/white, forge:glass_panes/red, minecraft:signs, minecraft:wither_summon_base_blocks, forge:glass/magenta, forge:ores/coal, minecraft:hoglin_repellents, forge:storage_blocks/constantan, minecraft:fire, minecraft:base_stone_nether, minecraft:wall_signs, carryon:block_whitelist, forge:storage_blocks/end_crystal, forge:storage_blocks/sapphire, forge:sand/colorless, minecraft:trapdoors, forge:glass/cyan, forge:glass, forge:storage_blocks/gunpowder, minecraft:soul_speed_blocks, twilightforest:antibuilder_blacklist, forge:storage_blocks/charcoal, minecraft:leaves, minecraft:walls, minecraft:coral_blocks, forge:glass/green, forge:storage_blocks/lead, forge:ores/end_crystal, forge:glass_panes/gray, minecraft:wither_immune, forge:ores/ruby, minecraft:acacia_logs, elevatorid:elevators, cataclysm:ignis_can_destroy_cracked_block, forge:stained_glass_panes, capsule:excluded, minecraft:underwater_bonemeals, tombstone:player_graves, forge:sand/red, the_bumblezone:honeycombs_that_features_can_carve, minecraft:impermeable, minecraft:sand, forge:end_stones, forge:glass/brown, minecraft:logs_that_burn, forge:ores/sulfur, forge:fences/wooden, sereneseasons:summer_crops, forge:glass/gray, minecraft:campfires, forge:storage_blocks, minecraft:infiniburn_nether, forge:glass_panes/orange, forge:glass/light_gray, forge:ores/quartz, minecraft:wooden_slabs, forge:glass/blue, minecraft:small_flowers, minecraft:wooden_trapdoors, forge:storage_blocks/coal, forge:glass_panes/black, forge:glass/light_blue, jade:pick, forge:storage_blocks/redstone, paraglider:statues, sereneseasons:winter_crops, forge:glass_panes/blue, minecraft:stairs, minecraft:logs, forge:ores/cinnabar, forge:stone, minecraft:valid_spawn, minecraft:mushroom_grow_block, minecraft:wooden_doors, minecraft:standing_signs, minecraft:infiniburn_end, forge:glass_panes/yellow, sereneseasons:autumn_crops, forge:glass/purple, minecraft:crimson_stems, minecraft:wart_blocks, forge:storage_blocks/ruby, cataclysm:ender_guardian_can_destroy, forge:storage_blocks/apatite, minecraft:beacon_base_blocks, minecraft:shulker_boxes, the_bumblezone:required_blocks_under_hive_to_teleport, minecraft:anvil, forge:ores/silver, the_bumblezone:blacklisted_teleportable_hive_blocks, minecraft:birch_logs, forge:storage_blocks/enderium, forge:sand, minecraft:wall_corals, thermal:rockwool, forge:storage_blocks/tar, forge:glass_panes/purple, forge:glass/yellow, the_bumblezone:wrath_activating_blocks_when_mined, forge:storage_blocks/silver, minecraft:oak_logs, forge:ores/gold, forge:pumpkins/carved, forge:storage_blocks/neptunium, forge:barrels, minecraft:piglin_repellents, forge:ores/lapis, forge:glass/black, minecraft:portals, the_bumblezone:flowers_blacklisted_from_pollen_puff, forge:dirt, minecraft:bamboo_plantable_on, forge:fences/nether_brick, forge:glass/lime, forge:chests/wooden, forge:ores/iron, minecraft:pressure_plates, forge:ores/nickel, forge:storage_blocks/sulfur, minecraft:jungle_logs, tombstone:graves, forge:chests/ender, cataclysm:netherite_monstrosity_immune, minecraft:wooden_stairs, minecraft:spruce_logs, thermal:glass/hardened, minecraft:carpets, minecraft:base_stone_overworld, minecraft:wooden_buttons, forge:fence_gates/wooden, minecraft:stone_bricks, forge:storage_blocks/quartz, forge:glass/orange, forge:glass_panes/lime, sereneseasons:spring_crops, endrem:end_crystal_gen, minecraft:slabs, minecraft:guarded_by_piglins, forge:ores/emerald, forge:storage_blocks/bitumen, the_bumblezone:blacklisted_resourceful_bees_combs, cataclysm:ender_golem_can_destroy, cataclysm:ignis_immune, forge:ores/apatite, minecraft:corals, minecraft:buttons, minecraft:flowers, the_bumblezone:flowers_allowed_by_pollen_puff, minecraft:planks, forge:cobblestone, minecraft:rails, forge:barrels/wooden, forge:storage_blocks/niter, minecraft:strider_warm_blocks, forge:storage_blocks/gold, minecraft:fence_gates, forge:ores, minecraft:bee_growables, minecraft:wooden_pressure_plates, minecraft:tall_flowers, cataclysm:endermaptera_can_not_spawn, forge:fences, forge:pollen, minecraft:stone_pressure_plates, forge:storage_blocks/diamond, minecraft:nylium, minecraft:gold_ores, forge:storage_blocks/bamboo, forge:glass_panes/pink, forge:storage_blocks/slag, forge:netherrack]
[13Jun2025 00:33:22.517] [main/DEBUG] [Dungeon Crawl/]: Ignoring biome the_bumblezone:hive_pillar with category none
[13Jun2025 00:33:22.519] [main/DEBUG] [Dungeon Crawl/]: Ignoring biome the_bumblezone:hive_wall with category none
[13Jun2025 00:33:22.521] [main/DEBUG] [Dungeon Crawl/]: Ignoring biome the_bumblezone:pollinated_fields with category none
[13Jun2025 00:33:22.571] [main/DEBUG] [Dungeon Crawl/]: Ignoring biome the_bumblezone:pollinated_pillar with category none
[13Jun2025 00:33:22.573] [main/DEBUG] [Dungeon Crawl/]: Ignoring biome the_bumblezone:sugar_water_floor with category none
[13Jun2025 00:33:22.839] [main/ERROR] [net.minecraft.world.storage.SaveFormat/]: WorldGenSettings: Value -1 outside of range [0:4096] missed input: {"cataclysm:ruined_citadel":{spacing:30,salt:367895146,separation:-1}} missed input: {"the_bumblezone:the_bumblezone":{generator:{structures:{structures:{"the_bumblezone:honey_cave_room":{spacing:3,salt:722299384,separation:1},"dungeons_arise:fishing_hut":{spacing:20,salt:643827193,separation:5},"dungeons_arise:abandoned_temple":{spacing:30,salt:43726253,separation:20},"dungeons_arise:illager_hall":{spacing:230,salt:336452881,separation:90},"cataclysm:ruined_citadel":{spacing:30,salt:367895146,separation:-1},"dungeons_arise:aviary":{spacing:140,salt:492512635,separation:110},"dungeons_arise:mushroom_village":{spacing:60,salt:573733422,separation:20},"dungeons_arise:typhon":{spacing:60,salt:357769433,separation:50},"dungeons_arise:undead_pirate_ship":{spacing:60,salt:952444271,separation:40},"dungeons_arise:coliseum":{spacing:240,salt:1626626631,separation:200},"paraglider:tarrey_town_goddess_statue":{spacing:32,salt:850796625,separation:8},"paraglider:nether_horned_statue":{spacing:32,salt:1973135446,separation:8},"dungeons_arise:heavenly_challenger":{spacing:340,salt:826638829,separation:290},"dungeons_arise:giant_mushroom":{spacing:80,salt:497362534,separation:40},"dungeons_arise:monastery":{spacing:150,salt:182626182,separation:90},"dungeons_arise:mining_system":{spacing:90,salt:263511737,separation:60},"dungeons_arise:mushroom_house":{spacing:80,salt:347766182,separation:40},"dungeons_arise:bandit_towers":{spacing:45,salt:1577726152,separation:35},"dungeons_arise:ceryneian_hind":{spacing:80,salt:222266352,separation:70},"the_bumblezone:pollinated_stream":{spacing:8,salt:938497222,separation:6},"paraglider:underground_horned_statue":{spacing:16,salt:49788929,separation:8},"dungeons_arise:illager_corsair":{spacing:64,salt:777463524,separation:48},"dungeons_arise:lighthouse":{spacing:100,salt:283742673,separation:90},"dungeons_arise:illager_galley":{spacing:50,salt:995537231,separation:30},"cataclysm:burning_arena":{spacing:112,salt:1923456789,separation:70},"dungeons_arise:foundry":{spacing:120,salt:277663662,separation:60},"dungeons_arise:heavenly_conqueror":{spacing:230,salt:374552443,separation:190},"dungeons_arise:illager_castle":{spacing:160,salt:112436253,separation:60},"dungeons_arise:merchant_campsite":{spacing:60,salt:68534678,separation:40},"cataclysm:soul_black_smith":{spacing:90,salt:1984567320,separation:70},"dungeons_arise:infested_temple":{spacing:140,salt:297069583,separation:100},"dungeons_arise:heavenly_rider":{spacing:180,salt:337746352,separation:160},"dungeons_arise:illager_campsite":{spacing:60,salt:372632837,separation:30},"dungeons_arise:illager_fort":{spacing:160,salt:563835947,separation:60},"dungeons_arise:plague_asylum":{spacing:240,salt:637271616,separation:200},"dungeons_arise:mushroom_mines":{spacing:80,salt:98376172,separation:40},"dungeons_arise:bandit_village":{spacing:45,salt:1111272534,separation:35},"dungeons_arise:jungle_tree_house":{spacing:160,salt:240573269,separation:140},"dungeons_arise:wishing_well":{spacing:40,salt:465869302,separation:30},"dungeons_arise:small_prairie_house":{spacing:25,salt:73563524,separation:10},"dungeons_arise:scorched_mines":{spacing:120,salt:1332446387,separation:90},"dungeons_arise:small_blimp":{spacing:80,salt:446553372,separation:60},"dungeons_arise:thornborn_towers":{spacing:80,salt:292377166,separation:70},"dungeons_arise:shiraz_palace":{spacing:160,salt:888377716,separation:140}}},biome_source:{type:"the_bumblezone:biome_source"},type:"the_bumblezone:chunk_generator"},type:"the_bumblezone:the_bumblezone"}}
[13Jun2025 00:33:24.145] [main/DEBUG] [net.minecraftforge.registries.ObjectHolderRef/]: Unable to lookup ensorcellation:cavalier for public static net.minecraft.enchantment.Enchantment cofh.lib.util.references.EnsorcReferences.CAVALIER. This means the object wasn't registered. It's likely just mod options.
[13Jun2025 00:33:24.146] [main/DEBUG] [net.minecraftforge.registries.ObjectHolderRef/]: Unable to lookup aquaculture:neptinium_fillet_knife for public static net.minecraft.item.Item com.teammetallurgy.aquaculture.init.AquaItems.NEPTINIUM_FILLET_KNIFE. This means the object wasn't registered. It's likely just mod options.
[13Jun2025 00:33:24.146] [main/DEBUG] [net.minecraftforge.registries.ObjectHolderRef/]: Unable to lookup ensorcellation:smashing for public static net.minecraft.enchantment.Enchantment cofh.lib.util.references.EnsorcReferences.SMASHING. This means the object wasn't registered. It's likely just mod options.
[13Jun2025 00:33:24.146] [main/DEBUG] [net.minecraftforge.registries.ObjectHolderRef/]: Unable to lookup ensorcellation:damage_illager for public static net.minecraft.enchantment.Enchantment cofh.lib.util.references.EnsorcReferences.DAMAGE_ILLAGER. This means the object wasn't registered. It's likely just mod options.
[13Jun2025 00:33:24.146] [main/DEBUG] [net.minecraftforge.registries.ObjectHolderRef/]: Unable to lookup ensorcellation:curse_fool for public static net.minecraft.enchantment.Enchantment cofh.lib.util.references.EnsorcReferences.CURSE_FOOL. This means the object wasn't registered. It's likely just mod options.
[13Jun2025 00:33:24.146] [main/DEBUG] [net.minecraftforge.registries.ObjectHolderRef/]: Unable to lookup ensorcellation:instigating for public static net.minecraft.enchantment.Enchantment cofh.lib.util.references.EnsorcReferences.INSTIGATING. This means the object wasn't registered. It's likely just mod options.
[13Jun2025 00:33:24.146] [main/DEBUG] [net.minecraftforge.registries.ObjectHolderRef/]: Unable to lookup ensorcellation:magic_protection for public static net.minecraft.enchantment.Enchantment cofh.lib.util.references.EnsorcReferences.PROTECTION_MAGIC. This means the object wasn't registered. It's likely just mod options.
[13Jun2025 00:33:24.146] [main/DEBUG] [net.minecraftforge.registries.ObjectHolderRef/]: Unable to lookup ensorcellation:air_affinity for public static net.minecraft.enchantment.Enchantment cofh.lib.util.references.EnsorcReferences.AIR_AFFINITY. This means the object wasn't registered. It's likely just mod options.
[13Jun2025 00:33:24.147] [main/DEBUG] [net.minecraftforge.registries.ObjectHolderRef/]: Unable to lookup ensorcellation:exp_boost for public static net.minecraft.enchantment.Enchantment cofh.lib.util.references.EnsorcReferences.XP_BOOST. This means the object wasn't registered. It's likely just mod options.
[13Jun2025 00:33:24.147] [main/DEBUG] [net.minecraftforge.registries.ObjectHolderRef/]: Unable to lookup cofh_core:holding for public static net.minecraft.enchantment.Enchantment cofh.lib.util.references.CoreReferences.HOLDING. This means the object wasn't registered. It's likely just mod options.
[13Jun2025 00:33:24.147] [main/DEBUG] [net.minecraftforge.registries.ObjectHolderRef/]: Unable to lookup ensorcellation:excavating for public static net.minecraft.enchantment.Enchantment cofh.lib.util.references.EnsorcReferences.EXCAVATING. This means the object wasn't registered. It's likely just mod options.
[13Jun2025 00:33:24.147] [main/DEBUG] [net.minecraftforge.registries.ObjectHolderRef/]: Unable to lookup ensorcellation:weeding for public static net.minecraft.enchantment.Enchantment cofh.lib.util.references.EnsorcReferences.WEEDING. This means the object wasn't registered. It's likely just mod options.
[13Jun2025 00:33:24.147] [main/DEBUG] [net.minecraftforge.registries.ObjectHolderRef/]: Unable to lookup ensorcellation:displacement for public static net.minecraft.enchantment.Enchantment cofh.lib.util.references.EnsorcReferences.DISPLACEMENT. This means the object wasn't registered. It's likely just mod options.
[13Jun2025 00:33:24.147] [main/DEBUG] [net.minecraftforge.registries.ObjectHolderRef/]: Unable to lookup ensorcellation:damage_villager for public static net.minecraft.enchantment.Enchantment cofh.lib.util.references.EnsorcReferences.DAMAGE_VILLAGER. This means the object wasn't registered. It's likely just mod options.
[13Jun2025 00:33:24.147] [main/DEBUG] [net.minecraftforge.registries.ObjectHolderRef/]: Unable to lookup aquaculture:fish_fillet for public static net.minecraft.item.Item com.teammetallurgy.aquaculture.init.AquaItems.FISH_FILLET. This means the object wasn't registered. It's likely just mod options.
[13Jun2025 00:33:24.147] [main/DEBUG] [net.minecraftforge.registries.ObjectHolderRef/]: Unable to lookup ensorcellation:curse_mercy for public static net.minecraft.enchantment.Enchantment cofh.lib.util.references.EnsorcReferences.CURSE_MERCY. This means the object wasn't registered. It's likely just mod options.
[13Jun2025 00:33:24.147] [main/DEBUG] [net.minecraftforge.registries.ObjectHolderRef/]: Unable to lookup archers_paradox:quiver for public static net.minecraft.inventory.container.ContainerType cofh.archersparadox.init.APReferences.QUIVER_CONTAINER. This means the object wasn't registered. It's likely just mod options.
[13Jun2025 00:33:24.147] [main/DEBUG] [net.minecraftforge.registries.ObjectHolderRef/]: Unable to lookup ensorcellation:frost_rebuke for public static net.minecraft.enchantment.Enchantment cofh.lib.util.references.EnsorcReferences.FROST_REBUKE. This means the object wasn't registered. It's likely just mod options.
[13Jun2025 00:33:24.147] [main/DEBUG] [net.minecraftforge.registries.ObjectHolderRef/]: Unable to lookup aquaculture:nessage_in_a_bottle for public static net.minecraft.item.Item com.teammetallurgy.aquaculture.init.AquaItems.NESSAGE_IN_A_BOTTLE. This means the object wasn't registered. It's likely just mod options.
[13Jun2025 00:33:24.148] [main/DEBUG] [net.minecraftforge.registries.ObjectHolderRef/]: Unable to lookup ensorcellation:smelting for public static net.minecraft.enchantment.Enchantment cofh.lib.util.references.EnsorcReferences.SMELTING. This means the object wasn't registered. It's likely just mod options.
[13Jun2025 00:33:24.148] [main/DEBUG] [net.minecraftforge.registries.ObjectHolderRef/]: Unable to lookup ensorcellation:vorpal for public static net.minecraft.enchantment.Enchantment cofh.lib.util.references.EnsorcReferences.VORPAL. This means the object wasn't registered. It's likely just mod options.
[13Jun2025 00:33:24.148] [main/DEBUG] [net.minecraftforge.registries.ObjectHolderRef/]: Unable to lookup ensorcellation:frost_aspect for public static net.minecraft.enchantment.Enchantment cofh.lib.util.references.EnsorcReferences.FROST_ASPECT. This means the object wasn't registered. It's likely just mod options.
[13Jun2025 00:33:24.148] [main/DEBUG] [net.minecraftforge.registries.ObjectHolderRef/]: Unable to lookup ensorcellation:damage_ender for public static net.minecraft.enchantment.Enchantment cofh.lib.util.references.EnsorcReferences.DAMAGE_ENDER. This means the object wasn't registered. It's likely just mod options.
[13Jun2025 00:33:24.148] [main/DEBUG] [net.minecraftforge.registries.ObjectHolderRef/]: Unable to lookup ensorcellation:gourmand for public static net.minecraft.enchantment.Enchantment cofh.lib.util.references.EnsorcReferences.GOURMAND. This means the object wasn't registered. It's likely just mod options.
[13Jun2025 00:33:24.148] [main/DEBUG] [net.minecraftforge.registries.ObjectHolderRef/]: Unable to lookup ensorcellation:trueshot for public static net.minecraft.enchantment.Enchantment cofh.lib.util.references.EnsorcReferences.TRUESHOT. This means the object wasn't registered. It's likely just mod options.
[13Jun2025 00:33:24.148] [main/DEBUG] [net.minecraftforge.registries.ObjectHolderRef/]: Unable to lookup ensorcellation:phalanx for public static net.minecraft.enchantment.Enchantment cofh.lib.util.references.EnsorcReferences.PHALANX. This means the object wasn't registered. It's likely just mod options.
[13Jun2025 00:33:24.148] [main/DEBUG] [net.minecraftforge.registries.ObjectHolderRef/]: Unable to lookup aquaculture:neptunium_plate for public static net.minecraft.item.Item com.teammetallurgy.aquaculture.init.AquaItems.NEPTUNIUM_PLATE. This means the object wasn't registered. It's likely just mod options.
[13Jun2025 00:33:24.148] [main/DEBUG] [net.minecraftforge.registries.ObjectHolderRef/]: Unable to lookup ensorcellation:quick_draw for public static net.minecraft.enchantment.Enchantment cofh.lib.util.references.EnsorcReferences.QUICK_DRAW. This means the object wasn't registered. It's likely just mod options.
[13Jun2025 00:33:24.149] [main/DEBUG] [net.minecraftforge.registries.ObjectHolderRef/]: Unable to lookup ensorcellation:fire_rebuke for public static net.minecraft.enchantment.Enchantment cofh.lib.util.references.EnsorcReferences.FIRE_REBUKE. This means the object wasn't registered. It's likely just mod options.
[13Jun2025 00:33:24.149] [main/DEBUG] [net.minecraftforge.registries.ObjectHolderRef/]: Unable to lookup cofh_core:steam for public static net.minecraft.fluid.FlowingFluid cofh.lib.util.references.CoreReferences.FLUID_STEAM. This means the object wasn't registered. It's likely just mod options.
[13Jun2025 00:33:24.149] [main/DEBUG] [net.minecraftforge.registries.ObjectHolderRef/]: Unable to lookup archers_paradox:magma_arrow for public static net.minecraft.item.Item cofh.archersparadox.init.APReferences.MAGMA_ARROW_ITEM. This means the object wasn't registered. It's likely just mod options.
[13Jun2025 00:33:24.149] [main/DEBUG] [net.minecraftforge.registries.ObjectHolderRef/]: Unable to lookup aquaculture:cooked_fillet for public static net.minecraft.item.Item com.teammetallurgy.aquaculture.init.AquaItems.COOKED_FILLET. This means the object wasn't registered. It's likely just mod options.
[13Jun2025 00:33:24.149] [main/DEBUG] [net.minecraftforge.registries.ObjectHolderRef/]: Unable to lookup aquaculture:frog_legs for public static net.minecraft.item.Item com.teammetallurgy.aquaculture.init.AquaItems.FROG_LEGS. This means the object wasn't registered. It's likely just mod options.
[13Jun2025 00:33:24.149] [main/DEBUG] [net.minecraftforge.registries.ObjectHolderRef/]: Unable to lookup ensorcellation:volley for public static net.minecraft.enchantment.Enchantment cofh.lib.util.references.EnsorcReferences.VOLLEY. This means the object wasn't registered. It's likely just mod options.
[13Jun2025 00:33:24.149] [main/DEBUG] [net.minecraftforge.registries.ObjectHolderRef/]: Unable to lookup cofh_core:amplification for public static net.minecraft.potion.Effect cofh.lib.util.references.CoreReferences.AMPLIFICATION. This means the object wasn't registered. It's likely just mod options.
[13Jun2025 00:33:24.149] [main/DEBUG] [net.minecraftforge.registries.ObjectHolderRef/]: Unable to lookup mowziesmobs:petiole_music_disc for public static net.minecraft.item.MusicDiscItem com.bobmowzie.mowziesmobs.server.item.ItemHandler.PETIOLE_MUSIC_DISC. This means the object wasn't registered. It's likely just mod options.
[13Jun2025 00:33:24.149] [main/DEBUG] [net.minecraftforge.registries.ObjectHolderRef/]: Unable to lookup ensorcellation:furrowing for public static net.minecraft.enchantment.Enchantment cofh.lib.util.references.EnsorcReferences.FURROWING. This means the object wasn't registered. It's likely just mod options.
[13Jun2025 00:33:24.150] [main/DEBUG] [net.minecraftforge.registries.ObjectHolderRef/]: Unable to lookup ensorcellation:hunter for public static net.minecraft.enchantment.Enchantment cofh.lib.util.references.EnsorcReferences.HUNTER. This means the object wasn't registered. It's likely just mod options.
[13Jun2025 00:33:24.150] [main/DEBUG] [net.minecraftforge.registries.ObjectHolderRef/]: Unable to lookup ensorcellation:vitality for public static net.minecraft.enchantment.Enchantment cofh.lib.util.references.EnsorcReferences.VITALITY. This means the object wasn't registered. It's likely just mod options.
[13Jun2025 00:33:24.150] [main/DEBUG] [net.minecraftforge.registries.ObjectHolderRef/]: Unable to lookup aquaculture:neptunium_legs for public static net.minecraft.item.Item com.teammetallurgy.aquaculture.init.AquaItems.NEPTUNIUM_LEGS. This means the object wasn't registered. It's likely just mod options.
[13Jun2025 00:33:24.150] [main/DEBUG] [net.minecraftforge.registries.ObjectHolderRef/]: Unable to lookup ensorcellation:pilfering for public static net.minecraft.enchantment.Enchantment cofh.lib.util.references.EnsorcReferences.PILFERING. This means the object wasn't registered. It's likely just mod options.
[13Jun2025 00:33:24.150] [main/DEBUG] [net.minecraftforge.registries.ObjectHolderRef/]: Unable to lookup archers_paradox:magma_arrow for public static net.minecraft.entity.EntityType cofh.archersparadox.init.APReferences.MAGMA_ARROW_ENTITY. This means the object wasn't registered. It's likely just mod options.
[13Jun2025 00:33:24.150] [main/DEBUG] [net.minecraftforge.registries.ObjectHolderRef/]: Unable to lookup ensorcellation:magic_edge for public static net.minecraft.enchantment.Enchantment cofh.lib.util.references.EnsorcReferences.MAGIC_EDGE. This means the object wasn't registered. It's likely just mod options.
[13Jun2025 00:33:24.150] [main/DEBUG] [net.minecraftforge.registries.ObjectHolderRef/]: Unable to lookup ensorcellation:bulwark for public static net.minecraft.enchantment.Enchantment cofh.lib.util.references.EnsorcReferences.BULWARK. This means the object wasn't registered. It's likely just mod options.
[13Jun2025 00:33:24.150] [main/DEBUG] [net.minecraftforge.registries.ObjectHolderRef/]: Unable to lookup aquaculture:cooked_frog_legs for public static net.minecraft.item.Item com.teammetallurgy.aquaculture.init.AquaItems.COOKED_FROG_LEGS. This means the object wasn't registered. It's likely just mod options.
[13Jun2025 00:33:24.150] [main/DEBUG] [net.minecraftforge.registries.ObjectHolderRef/]: Unable to lookup ensorcellation:leech for public static net.minecraft.enchantment.Enchantment cofh.lib.util.references.EnsorcReferences.LEECH. This means the object wasn't registered. It's likely just mod options.
[13Jun2025 00:33:24.150] [main/DEBUG] [net.minecraftforge.registries.ObjectHolderRef/]: Unable to lookup ensorcellation:angler for public static net.minecraft.enchantment.Enchantment cofh.lib.util.references.EnsorcReferences.ANGLER. This means the object wasn't registered. It's likely just mod options.
[13Jun2025 00:33:24.151] [main/DEBUG] [net.minecraftforge.registries.ObjectHolderRef/]: Unable to lookup ensorcellation:reach for public static net.minecraft.enchantment.Enchantment cofh.lib.util.references.EnsorcReferences.REACH. This means the object wasn't registered. It's likely just mod options.
[13Jun2025 00:33:24.151] [main/DEBUG] [net.minecraftforge.registries.ObjectHolderRef/]: Unable to lookup ensorcellation:soulbound for public static net.minecraft.enchantment.Enchantment cofh.lib.util.references.EnsorcReferences.SOULBOUND. This means the object wasn't registered. It's likely just mod options.
[13Jun2025 00:33:24.151] [main/DEBUG] [net.minecraftforge.registries.ObjectHolderRef/]: Unable to lookup cofh_core:milk for public static net.minecraft.fluid.FlowingFluid cofh.lib.util.references.CoreReferences.FLUID_MILK. This means the object wasn't registered. It's likely just mod options.
[13Jun2025 00:33:24.151] [main/DEBUG] [net.minecraftforge.registries.ObjectHolderRef/]: Unable to lookup ensorcellation:tilling for public static net.minecraft.enchantment.Enchantment cofh.lib.util.references.EnsorcReferences.TILLING. This means the object wasn't registered. It's likely just mod options.
[13Jun2025 00:33:24.161] [main/DEBUG] [net.minecraftforge.fml.FMLWorldPersistenceHook/WP]: Gathering id map for writing to world save world
[13Jun2025 00:33:24.174] [main/DEBUG] [net.minecraftforge.fml.FMLWorldPersistenceHook/WP]: ID Map collection complete world
[13Jun2025 00:33:24.202] [main/DEBUG] [mixin/]: Mixing DedicatedServerMixin from tombstone.mixins.json into net.minecraft.server.dedicated.DedicatedServer
[13Jun2025 00:33:24.210] [main/DEBUG] [mixin/]: Mixing MixinPlayerList from enhancedcelestials.mixins.json into net.minecraft.server.management.PlayerList
[13Jun2025 00:33:24.212] [main/DEBUG] [mixin/]: Mixing MixinPlayerManager from antiqueatlas-common.mixins.json into net.minecraft.server.management.PlayerList
[13Jun2025 00:33:24.252] [Server thread/INFO] [net.minecraft.server.dedicated.DedicatedServer/]: Starting minecraft server version 1.16.5
[13Jun2025 00:33:24.255] [Server thread/INFO] [net.minecraft.server.dedicated.DedicatedServer/]: Loading properties
[13Jun2025 00:33:24.255] [Server thread/INFO] [net.minecraft.server.dedicated.DedicatedServer/]: Default game type: SURVIVAL
[13Jun2025 00:33:24.255] [Server thread/INFO] [net.minecraft.server.MinecraftServer/]: Generating keypair
[13Jun2025 00:33:24.587] [Server thread/INFO] [net.minecraft.server.dedicated.DedicatedServer/]: Starting Minecraft server on *:25565
[13Jun2025 00:33:24.631] [Server thread/INFO] [net.minecraft.network.NetworkSystem/]: Using epoll channel type
[13Jun2025 00:33:24.804] [Server thread/WARN] [net.minecraft.server.dedicated.DedicatedServer/]: **** SERVER IS RUNNING IN OFFLINE/INSECURE MODE!
[13Jun2025 00:33:24.804] [Server thread/WARN] [net.minecraft.server.dedicated.DedicatedServer/]: The server will make no attempt to authenticate usernames. Beware.
[13Jun2025 00:33:24.806] [Server thread/WARN] [net.minecraft.server.dedicated.DedicatedServer/]: While this makes the game possible to play without internet access, it also opens up the ability for hackers to connect with any username they choose.
[13Jun2025 00:33:24.806] [Server thread/WARN] [net.minecraft.server.dedicated.DedicatedServer/]: To change this, set "online-mode" to "true" in the server.properties file.
[13Jun2025 00:33:24.813] [Server thread/DEBUG] [mixin/]: Mixing item.diggingclaws.PlayerInteractionManagerMixin from mixins.artifacts.json into net.minecraft.server.management.PlayerInteractionManager
[13Jun2025 00:33:24.848] [Server thread/DEBUG] [net.minecraftforge.fml.loading.FileUtils/CORE]: Found existing serverconfig directory : ./world/serverconfig
[13Jun2025 00:33:24.848] [Server thread/DEBUG] [net.minecraftforge.fml.config.ConfigTracker/CONFIG]: Loading configs type SERVER
[13Jun2025 00:33:24.849] [Server thread/DEBUG] [net.minecraftforge.fml.config.ConfigFileTypeHandler/CONFIG]: Built TOML config for ./world/serverconfig/usefulbackpacks-server.toml
[13Jun2025 00:33:24.849] [Server thread/DEBUG] [net.minecraftforge.fml.config.ConfigFileTypeHandler/CONFIG]: Loaded TOML config file ./world/serverconfig/usefulbackpacks-server.toml
[13Jun2025 00:33:24.851] [Server thread/DEBUG] [net.minecraftforge.fml.config.ConfigFileTypeHandler/CONFIG]: Watching TOML config file ./world/serverconfig/usefulbackpacks-server.toml for changes
[13Jun2025 00:33:24.859] [Server thread/DEBUG] [net.minecraftforge.fml.config.ConfigFileTypeHandler/CONFIG]: Built TOML config for ./world/serverconfig/curios-server.toml
[13Jun2025 00:33:24.859] [Server thread/DEBUG] [net.minecraftforge.fml.config.ConfigFileTypeHandler/CONFIG]: Loaded TOML config file ./world/serverconfig/curios-server.toml
[13Jun2025 00:33:24.860] [Server thread/DEBUG] [net.minecraftforge.fml.config.ConfigFileTypeHandler/CONFIG]: Watching TOML config file ./world/serverconfig/curios-server.toml for changes
[13Jun2025 00:33:24.866] [Thread-0/DEBUG] [net.minecraftforge.fml.config.ConfigFileTypeHandler/CONFIG]: Config file usefulbackpacks-server.toml changed, sending notifies
[13Jun2025 00:33:24.877] [Server thread/DEBUG] [net.minecraftforge.fml.config.ConfigFileTypeHandler/CONFIG]: Built TOML config for /workspaces/franco-es-de-cerro-xd/servidor_minecraft/config/waystones-server.toml
[13Jun2025 00:33:24.877] [Thread-0/DEBUG] [net.minecraftforge.fml.config.ConfigFileTypeHandler/CONFIG]: Config file curios-server.toml changed, sending notifies
[13Jun2025 00:33:24.878] [Thread-0/DEBUG] [net.minecraftforge.fml.config.ConfigFileTypeHandler/CONFIG]: Config file curios-server.toml changed, sending notifies
[13Jun2025 00:33:24.878] [Server thread/DEBUG] [net.minecraftforge.fml.config.ConfigFileTypeHandler/CONFIG]: Loaded TOML config file /workspaces/franco-es-de-cerro-xd/servidor_minecraft/config/waystones-server.toml
[13Jun2025 00:33:24.879] [Server thread/DEBUG] [net.minecraftforge.fml.config.ConfigFileTypeHandler/CONFIG]: Watching TOML config file /workspaces/franco-es-de-cerro-xd/servidor_minecraft/config/waystones-server.toml for changes
[13Jun2025 00:33:24.880] [Server thread/DEBUG] [net.minecraftforge.fml.config.ConfigFileTypeHandler/CONFIG]: Built TOML config for ./world/serverconfig/elevatorid-server.toml
[13Jun2025 00:33:24.880] [Server thread/DEBUG] [net.minecraftforge.fml.config.ConfigFileTypeHandler/CONFIG]: Loaded TOML config file ./world/serverconfig/elevatorid-server.toml
[13Jun2025 00:33:24.883] [Server thread/DEBUG] [net.minecraftforge.fml.config.ConfigFileTypeHandler/CONFIG]: Watching TOML config file ./world/serverconfig/elevatorid-server.toml for changes
[13Jun2025 00:33:24.883] [Server thread/DEBUG] [xyz.vsngamer.elevatorid.init.ModConfig/FORGEMOD]: Loaded elevator config file elevatorid-server.toml
[13Jun2025 00:33:24.883] [Server thread/DEBUG] [net.minecraftforge.fml.config.ConfigFileTypeHandler/CONFIG]: Built TOML config for ./world/serverconfig/carryon-server.toml
[13Jun2025 00:33:24.884] [Server thread/DEBUG] [net.minecraftforge.fml.config.ConfigFileTypeHandler/CONFIG]: Loaded TOML config file ./world/serverconfig/carryon-server.toml
[13Jun2025 00:33:24.884] [Server thread/DEBUG] [net.minecraftforge.fml.config.ConfigFileTypeHandler/CONFIG]: Watching TOML config file ./world/serverconfig/carryon-server.toml for changes
[13Jun2025 00:33:24.885] [Server thread/INFO] [STDOUT/]: [tschipp.carryon.common.handler.ListHandler:initConfigLists:282]: [minecraft:soul_fire_base_blocks, forge:glass_panes/magenta, tombstone:decorative_graves, cataclysm:netherite_monstrosity_break, forge:storage_blocks/netherite, forge:glass_panes/white, forge:gravel, forge:glass_panes/cyan, forge:glass_panes/light_gray, minecraft:wool, forge:storage_blocks/nickel, forge:glass/colorless, forge:rubberwood_logs, minecolonies:protectionexception, forge:ores/niter, forge:glass_panes/light_blue, minecraft:beehives, minecraft:ice, forge:ores/netherite_scrap, minecraft:crops, minecraft:dragon_immune, forge:stained_glass, forge:glass/pink, forge:chests, forge:storage_blocks/emerald, forge:ores/redstone, minecraft:warped_stems, forge:glass/red, forge:storage_blocks/coal_coke, forge:storage_blocks/iron, forge:glass_panes/brown, forge:glass_panes/green, carryon:block_blacklist, forge:ores/sapphire, minecraft:prevent_mob_spawning_inside, minecraft:climbable, forge:chests/trapped, forge:fence_gates, storagedrawers:drawers, cataclysm:altar_destroy_immune, minecraft:dark_oak_logs, minecraft:coral_plants, forge:glass_panes, forge:storage_blocks/lumium, minecraft:non_flammable_wood, forge:sandstone, forge:storage_blocks/copper, forge:glass_panes/colorless, the_bumblezone:blacklisted_productive_bees_combs, forge:storage_blocks/cinnabar, paraglider:statues/goddess, forge:storage_blocks/bronze, twilightforest:antibuilder_ignores, minecraft:fences, minecraft:saplings, forge:storage_blocks/tin, forge:storage_blocks/lapis, forge:ores/copper, minecraft:beds, forge:ores/diamond, minecraft:unstable_bottom_center, forge:ores/lead, minecraft:doors, minecraft:enderman_holdable, minecraft:banners, forge:storage_blocks/electrum, minecraft:infiniburn_overworld, minecraft:flower_pots, minecraft:wooden_fences, forge:storage_blocks/sugar_cane, forge:storage_blocks/signalum, forge:storage_blocks/invar, minecraft:wall_post_override, forge:obsidian, forge:enderman_place_on_blacklist, forge:storage_blocks/wax, tombstone:grave_marbles, forge:ores/tin, forge:glass/white, forge:glass_panes/red, minecraft:signs, minecraft:wither_summon_base_blocks, forge:glass/magenta, forge:ores/coal, minecraft:hoglin_repellents, forge:storage_blocks/constantan, minecraft:fire, minecraft:base_stone_nether, minecraft:wall_signs, carryon:block_whitelist, forge:storage_blocks/end_crystal, forge:storage_blocks/sapphire, forge:sand/colorless, minecraft:trapdoors, forge:glass/cyan, forge:glass, forge:storage_blocks/gunpowder, minecraft:soul_speed_blocks, twilightforest:antibuilder_blacklist, forge:storage_blocks/charcoal, minecraft:leaves, minecraft:walls, minecraft:coral_blocks, forge:glass/green, forge:storage_blocks/lead, forge:ores/end_crystal, forge:glass_panes/gray, minecraft:wither_immune, forge:ores/ruby, minecraft:acacia_logs, elevatorid:elevators, cataclysm:ignis_can_destroy_cracked_block, forge:stained_glass_panes, capsule:excluded, minecraft:underwater_bonemeals, tombstone:player_graves, forge:sand/red, the_bumblezone:honeycombs_that_features_can_carve, minecraft:impermeable, minecraft:sand, forge:end_stones, forge:glass/brown, minecraft:logs_that_burn, forge:ores/sulfur, forge:fences/wooden, sereneseasons:summer_crops, forge:glass/gray, minecraft:campfires, forge:storage_blocks, minecraft:infiniburn_nether, forge:glass_panes/orange, forge:glass/light_gray, forge:ores/quartz, minecraft:wooden_slabs, forge:glass/blue, minecraft:small_flowers, minecraft:wooden_trapdoors, forge:storage_blocks/coal, forge:glass_panes/black, forge:glass/light_blue, jade:pick, forge:storage_blocks/redstone, paraglider:statues, sereneseasons:winter_crops, forge:glass_panes/blue, minecraft:stairs, minecraft:logs, forge:ores/cinnabar, forge:stone, minecraft:valid_spawn, minecraft:mushroom_grow_block, minecraft:wooden_doors, minecraft:standing_signs, minecraft:infiniburn_end, forge:glass_panes/yellow, sereneseasons:autumn_crops, forge:glass/purple, minecraft:crimson_stems, minecraft:wart_blocks, forge:storage_blocks/ruby, cataclysm:ender_guardian_can_destroy, forge:storage_blocks/apatite, minecraft:beacon_base_blocks, minecraft:shulker_boxes, the_bumblezone:required_blocks_under_hive_to_teleport, minecraft:anvil, forge:ores/silver, the_bumblezone:blacklisted_teleportable_hive_blocks, minecraft:birch_logs, forge:storage_blocks/enderium, forge:sand, minecraft:wall_corals, thermal:rockwool, forge:storage_blocks/tar, forge:glass_panes/purple, forge:glass/yellow, the_bumblezone:wrath_activating_blocks_when_mined, forge:storage_blocks/silver, minecraft:oak_logs, forge:ores/gold, forge:pumpkins/carved, forge:storage_blocks/neptunium, forge:barrels, minecraft:piglin_repellents, forge:ores/lapis, forge:glass/black, minecraft:portals, the_bumblezone:flowers_blacklisted_from_pollen_puff, forge:dirt, minecraft:bamboo_plantable_on, forge:fences/nether_brick, forge:glass/lime, forge:chests/wooden, forge:ores/iron, minecraft:pressure_plates, forge:ores/nickel, forge:storage_blocks/sulfur, minecraft:jungle_logs, tombstone:graves, forge:chests/ender, cataclysm:netherite_monstrosity_immune, minecraft:wooden_stairs, minecraft:spruce_logs, thermal:glass/hardened, minecraft:carpets, minecraft:base_stone_overworld, minecraft:wooden_buttons, forge:fence_gates/wooden, minecraft:stone_bricks, forge:storage_blocks/quartz, forge:glass/orange, forge:glass_panes/lime, sereneseasons:spring_crops, endrem:end_crystal_gen, minecraft:slabs, minecraft:guarded_by_piglins, forge:ores/emerald, forge:storage_blocks/bitumen, the_bumblezone:blacklisted_resourceful_bees_combs, cataclysm:ender_golem_can_destroy, cataclysm:ignis_immune, forge:ores/apatite, minecraft:corals, minecraft:buttons, minecraft:flowers, the_bumblezone:flowers_allowed_by_pollen_puff, minecraft:planks, forge:cobblestone, minecraft:rails, forge:barrels/wooden, forge:storage_blocks/niter, minecraft:strider_warm_blocks, forge:storage_blocks/gold, minecraft:fence_gates, forge:ores, minecraft:bee_growables, minecraft:wooden_pressure_plates, minecraft:tall_flowers, cataclysm:endermaptera_can_not_spawn, forge:fences, forge:pollen, minecraft:stone_pressure_plates, forge:storage_blocks/diamond, minecraft:nylium, minecraft:gold_ores, forge:storage_blocks/bamboo, forge:glass_panes/pink, forge:storage_blocks/slag, forge:netherrack]
[13Jun2025 00:33:24.891] [Thread-0/DEBUG] [net.minecraftforge.fml.config.ConfigFileTypeHandler/CONFIG]: Config file /workspaces/franco-es-de-cerro-xd/servidor_minecraft/config/waystones-server.toml changed, sending notifies
[13Jun2025 00:33:24.892] [Server thread/DEBUG] [net.minecraftforge.fml.config.ConfigFileTypeHandler/CONFIG]: Built TOML config for /workspaces/franco-es-de-cerro-xd/servidor_minecraft/config/tombstone-server.toml
[13Jun2025 00:33:24.896] [Thread-0/DEBUG] [net.minecraftforge.fml.config.ConfigFileTypeHandler/CONFIG]: Config file elevatorid-server.toml changed, sending notifies
[13Jun2025 00:33:24.897] [Thread-0/DEBUG] [xyz.vsngamer.elevatorid.init.ModConfig/FORGEMOD]: Elevator config just got changed on the file system!
[13Jun2025 00:33:24.902] [Server thread/DEBUG] [net.minecraftforge.fml.config.ConfigFileTypeHandler/CONFIG]: Loaded TOML config file /workspaces/franco-es-de-cerro-xd/servidor_minecraft/config/tombstone-server.toml
[13Jun2025 00:33:24.903] [Server thread/DEBUG] [net.minecraftforge.fml.config.ConfigFileTypeHandler/CONFIG]: Watching TOML config file /workspaces/franco-es-de-cerro-xd/servidor_minecraft/config/tombstone-server.toml for changes
[13Jun2025 00:33:24.904] [Thread-0/DEBUG] [net.minecraftforge.fml.config.ConfigFileTypeHandler/CONFIG]: Config file carryon-server.toml changed, sending notifies
[13Jun2025 00:33:24.907] [Server thread/DEBUG] [net.minecraftforge.fml.config.ConfigFileTypeHandler/CONFIG]: Built TOML config for ./world/serverconfig/paraglider-server.toml
[13Jun2025 00:33:24.907] [Server thread/DEBUG] [net.minecraftforge.fml.config.ConfigFileTypeHandler/CONFIG]: Loaded TOML config file ./world/serverconfig/paraglider-server.toml
[13Jun2025 00:33:24.906] [Thread-0/INFO] [STDOUT/]: [tschipp.carryon.common.handler.ListHandler:initConfigLists:282]: [minecraft:soul_fire_base_blocks, forge:glass_panes/magenta, tombstone:decorative_graves, cataclysm:netherite_monstrosity_break, forge:storage_blocks/netherite, forge:glass_panes/white, forge:gravel, forge:glass_panes/cyan, forge:glass_panes/light_gray, minecraft:wool, forge:storage_blocks/nickel, forge:glass/colorless, forge:rubberwood_logs, minecolonies:protectionexception, forge:ores/niter, forge:glass_panes/light_blue, minecraft:beehives, minecraft:ice, forge:ores/netherite_scrap, minecraft:crops, minecraft:dragon_immune, forge:stained_glass, forge:glass/pink, forge:chests, forge:storage_blocks/emerald, forge:ores/redstone, minecraft:warped_stems, forge:glass/red, forge:storage_blocks/coal_coke, forge:storage_blocks/iron, forge:glass_panes/brown, forge:glass_panes/green, carryon:block_blacklist, forge:ores/sapphire, minecraft:prevent_mob_spawning_inside, minecraft:climbable, forge:chests/trapped, forge:fence_gates, storagedrawers:drawers, cataclysm:altar_destroy_immune, minecraft:dark_oak_logs, minecraft:coral_plants, forge:glass_panes, forge:storage_blocks/lumium, minecraft:non_flammable_wood, forge:sandstone, forge:storage_blocks/copper, forge:glass_panes/colorless, the_bumblezone:blacklisted_productive_bees_combs, forge:storage_blocks/cinnabar, paraglider:statues/goddess, forge:storage_blocks/bronze, twilightforest:antibuilder_ignores, minecraft:fences, minecraft:saplings, forge:storage_blocks/tin, forge:storage_blocks/lapis, forge:ores/copper, minecraft:beds, forge:ores/diamond, minecraft:unstable_bottom_center, forge:ores/lead, minecraft:doors, minecraft:enderman_holdable, minecraft:banners, forge:storage_blocks/electrum, minecraft:infiniburn_overworld, minecraft:flower_pots, minecraft:wooden_fences, forge:storage_blocks/sugar_cane, forge:storage_blocks/signalum, forge:storage_blocks/invar, minecraft:wall_post_override, forge:obsidian, forge:enderman_place_on_blacklist, forge:storage_blocks/wax, tombstone:grave_marbles, forge:ores/tin, forge:glass/white, forge:glass_panes/red, minecraft:signs, minecraft:wither_summon_base_blocks, forge:glass/magenta, forge:ores/coal, minecraft:hoglin_repellents, forge:storage_blocks/constantan, minecraft:fire, minecraft:base_stone_nether, minecraft:wall_signs, carryon:block_whitelist, forge:storage_blocks/end_crystal, forge:storage_blocks/sapphire, forge:sand/colorless, minecraft:trapdoors, forge:glass/cyan, forge:glass, forge:storage_blocks/gunpowder, minecraft:soul_speed_blocks, twilightforest:antibuilder_blacklist, forge:storage_blocks/charcoal, minecraft:leaves, minecraft:walls, minecraft:coral_blocks, forge:glass/green, forge:storage_blocks/lead, forge:ores/end_crystal, forge:glass_panes/gray, minecraft:wither_immune, forge:ores/ruby, minecraft:acacia_logs, elevatorid:elevators, cataclysm:ignis_can_destroy_cracked_block, forge:stained_glass_panes, capsule:excluded, minecraft:underwater_bonemeals, tombstone:player_graves, forge:sand/red, the_bumblezone:honeycombs_that_features_can_carve, minecraft:impermeable, minecraft:sand, forge:end_stones, forge:glass/brown, minecraft:logs_that_burn, forge:ores/sulfur, forge:fences/wooden, sereneseasons:summer_crops, forge:glass/gray, minecraft:campfires, forge:storage_blocks, minecraft:infiniburn_nether, forge:glass_panes/orange, forge:glass/light_gray, forge:ores/quartz, minecraft:wooden_slabs, forge:glass/blue, minecraft:small_flowers, minecraft:wooden_trapdoors, forge:storage_blocks/coal, forge:glass_panes/black, forge:glass/light_blue, jade:pick, forge:storage_blocks/redstone, paraglider:statues, sereneseasons:winter_crops, forge:glass_panes/blue, minecraft:stairs, minecraft:logs, forge:ores/cinnabar, forge:stone, minecraft:valid_spawn, minecraft:mushroom_grow_block, minecraft:wooden_doors, minecraft:standing_signs, minecraft:infiniburn_end, forge:glass_panes/yellow, sereneseasons:autumn_crops, forge:glass/purple, minecraft:crimson_stems, minecraft:wart_blocks, forge:storage_blocks/ruby, cataclysm:ender_guardian_can_destroy, forge:storage_blocks/apatite, minecraft:beacon_base_blocks, minecraft:shulker_boxes, the_bumblezone:required_blocks_under_hive_to_teleport, minecraft:anvil, forge:ores/silver, the_bumblezone:blacklisted_teleportable_hive_blocks, minecraft:birch_logs, forge:storage_blocks/enderium, forge:sand, minecraft:wall_corals, thermal:rockwool, forge:storage_blocks/tar, forge:glass_panes/purple, forge:glass/yellow, the_bumblezone:wrath_activating_blocks_when_mined, forge:storage_blocks/silver, minecraft:oak_logs, forge:ores/gold, forge:pumpkins/carved, forge:storage_blocks/neptunium, forge:barrels, minecraft:piglin_repellents, forge:ores/lapis, forge:glass/black, minecraft:portals, the_bumblezone:flowers_blacklisted_from_pollen_puff, forge:dirt, minecraft:bamboo_plantable_on, forge:fences/nether_brick, forge:glass/lime, forge:chests/wooden, forge:ores/iron, minecraft:pressure_plates, forge:ores/nickel, forge:storage_blocks/sulfur, minecraft:jungle_logs, tombstone:graves, forge:chests/ender, cataclysm:netherite_monstrosity_immune, minecraft:wooden_stairs, minecraft:spruce_logs, thermal:glass/hardened, minecraft:carpets, minecraft:base_stone_overworld, minecraft:wooden_buttons, forge:fence_gates/wooden, minecraft:stone_bricks, forge:storage_blocks/quartz, forge:glass/orange, forge:glass_panes/lime, sereneseasons:spring_crops, endrem:end_crystal_gen, minecraft:slabs, minecraft:guarded_by_piglins, forge:ores/emerald, forge:storage_blocks/bitumen, the_bumblezone:blacklisted_resourceful_bees_combs, cataclysm:ender_golem_can_destroy, cataclysm:ignis_immune, forge:ores/apatite, minecraft:corals, minecraft:buttons, minecraft:flowers, the_bumblezone:flowers_allowed_by_pollen_puff, minecraft:planks, forge:cobblestone, minecraft:rails, forge:barrels/wooden, forge:storage_blocks/niter, minecraft:strider_warm_blocks, forge:storage_blocks/gold, minecraft:fence_gates, forge:ores, minecraft:bee_growables, minecraft:wooden_pressure_plates, minecraft:tall_flowers, cataclysm:endermaptera_can_not_spawn, forge:fences, forge:pollen, minecraft:stone_pressure_plates, forge:storage_blocks/diamond, minecraft:nylium, minecraft:gold_ores, forge:storage_blocks/bamboo, forge:glass_panes/pink, forge:storage_blocks/slag, forge:netherrack]
[13Jun2025 00:33:24.911] [Server thread/DEBUG] [net.minecraftforge.fml.config.ConfigFileTypeHandler/CONFIG]: Watching TOML config file ./world/serverconfig/paraglider-server.toml for changes
[13Jun2025 00:33:24.915] [Server thread/DEBUG] [net.minecraftforge.fml.config.ConfigFileTypeHandler/CONFIG]: Built TOML config for ./world/serverconfig/forge-server.toml
[13Jun2025 00:33:24.916] [Server thread/DEBUG] [net.minecraftforge.fml.config.ConfigFileTypeHandler/CONFIG]: Loaded TOML config file ./world/serverconfig/forge-server.toml
[13Jun2025 00:33:24.916] [Server thread/DEBUG] [net.minecraftforge.fml.config.ConfigFileTypeHandler/CONFIG]: Watching TOML config file ./world/serverconfig/forge-server.toml for changes
[13Jun2025 00:33:24.916] [Server thread/DEBUG] [net.minecraftforge.common.ForgeConfig/FORGEMOD]: Loaded forge config file forge-server.toml
[13Jun2025 00:33:24.916] [Server thread/DEBUG] [net.minecraftforge.fml.config.ConfigFileTypeHandler/CONFIG]: Built TOML config for ./world/serverconfig/archers_paradox-server.toml
[13Jun2025 00:33:24.917] [Server thread/DEBUG] [net.minecraftforge.fml.config.ConfigFileTypeHandler/CONFIG]: Loaded TOML config file ./world/serverconfig/archers_paradox-server.toml
[13Jun2025 00:33:24.917] [Server thread/DEBUG] [net.minecraftforge.fml.config.ConfigFileTypeHandler/CONFIG]: Watching TOML config file ./world/serverconfig/archers_paradox-server.toml for changes
[13Jun2025 00:33:24.919] [Server thread/DEBUG] [net.minecraftforge.fml.config.ConfigFileTypeHandler/CONFIG]: Built TOML config for ./world/serverconfig/cofh_core-server.toml
[13Jun2025 00:33:24.919] [Server thread/DEBUG] [net.minecraftforge.fml.config.ConfigFileTypeHandler/CONFIG]: Loaded TOML config file ./world/serverconfig/cofh_core-server.toml
[13Jun2025 00:33:24.919] [Server thread/DEBUG] [net.minecraftforge.fml.config.ConfigFileTypeHandler/CONFIG]: Watching TOML config file ./world/serverconfig/cofh_core-server.toml for changes
[13Jun2025 00:33:24.921] [Thread-0/DEBUG] [net.minecraftforge.fml.config.ConfigFileTypeHandler/CONFIG]: Config file tombstone-server.toml changed, sending notifies
[13Jun2025 00:33:24.922] [Thread-0/DEBUG] [net.minecraftforge.fml.config.ConfigFileTypeHandler/CONFIG]: Config file cofh_core-server.toml changed, sending notifies
[13Jun2025 00:33:24.923] [Thread-0/DEBUG] [net.minecraftforge.fml.config.ConfigFileTypeHandler/CONFIG]: Config file tombstone-server.toml changed, sending notifies
[13Jun2025 00:33:24.924] [Thread-0/DEBUG] [net.minecraftforge.fml.config.ConfigFileTypeHandler/CONFIG]: Config file cofh_core-server.toml changed, sending notifies
[13Jun2025 00:33:24.924] [Server thread/DEBUG] [net.minecraftforge.fml.config.ConfigFileTypeHandler/CONFIG]: Built TOML config for ./world/serverconfig/jei-server.toml
[13Jun2025 00:33:24.924] [Server thread/DEBUG] [net.minecraftforge.fml.config.ConfigFileTypeHandler/CONFIG]: Loaded TOML config file ./world/serverconfig/jei-server.toml
[13Jun2025 00:33:24.924] [Server thread/DEBUG] [net.minecraftforge.fml.config.ConfigFileTypeHandler/CONFIG]: Watching TOML config file ./world/serverconfig/jei-server.toml for changes
[13Jun2025 00:33:24.924] [Server thread/DEBUG] [net.minecraftforge.fml.config.ConfigFileTypeHandler/CONFIG]: Built TOML config for ./world/serverconfig/artifacts-server.toml
[13Jun2025 00:33:24.928] [Server thread/DEBUG] [net.minecraftforge.fml.config.ConfigFileTypeHandler/CONFIG]: Loaded TOML config file ./world/serverconfig/artifacts-server.toml
[13Jun2025 00:33:24.932] [Server thread/DEBUG] [net.minecraftforge.fml.config.ConfigFileTypeHandler/CONFIG]: Watching TOML config file ./world/serverconfig/artifacts-server.toml for changes
[13Jun2025 00:33:24.937] [Thread-0/DEBUG] [net.minecraftforge.fml.config.ConfigFileTypeHandler/CONFIG]: Config file artifacts-server.toml changed, sending notifies
[13Jun2025 00:33:24.965] [Server thread/INFO] [net.minecraft.server.dedicated.DedicatedServer/]: Preparing level "world"
[13Jun2025 00:33:25.233] [Server thread/DEBUG] [Dungeon Crawl/]: Generating in dimension: minecraft:overworld
[13Jun2025 00:33:25.303] [Server thread/DEBUG] [mixin/]: Mixing swimming.CombatTrackerMixin from expandability.mixins.json into net.minecraft.util.CombatTracker
[13Jun2025 00:33:25.779] [Server thread/DEBUG] [mixin/]: Mixing MixinDragonFightManager from assets/paraglider/mixin.json into net.minecraft.world.end.DragonFightManager
[13Jun2025 00:33:25.850] [Server thread/INFO] [net.minecraft.server.MinecraftServer/]: Preparing start region for dimension minecraft:overworld
[13Jun2025 00:33:26.045] [Server thread/DEBUG] [mixin/]: Mixing MixinChunkSerializer from architectury.mixins.json into net.minecraft.world.chunk.storage.ChunkSerializer
[13Jun2025 00:33:26.057] [Server thread/DEBUG] [mixin/]: Mixing entities.ProtoChunkAddEntityMixin from the_bumblezone.mixins.json into net.minecraft.world.chunk.ChunkPrimer
[13Jun2025 00:33:26.132] [Server thread/DEBUG] [mixin/]: Mixing access.ChunkAccess from enhancedcelestials.mixins.json into net.minecraft.world.chunk.Chunk
[13Jun2025 00:33:26.135] [Server thread/DEBUG] [mixin/]: Mixing entities.WorldChunkAddEntityMixin from the_bumblezone.mixins.json into net.minecraft.world.chunk.Chunk
[13Jun2025 00:33:27.567] [Server thread/INFO] [net.minecraft.world.chunk.listener.LoggingChunkStatusListener/]: Preparing spawn area: 0%
[13Jun2025 00:33:27.568] [Server thread/INFO] [net.minecraft.world.chunk.listener.LoggingChunkStatusListener/]: Preparing spawn area: 0%
[13Jun2025 00:33:27.569] [Server thread/INFO] [net.minecraft.world.chunk.listener.LoggingChunkStatusListener/]: Preparing spawn area: 0%
[13Jun2025 00:33:27.569] [Server thread/INFO] [net.minecraft.world.chunk.listener.LoggingChunkStatusListener/]: Preparing spawn area: 0%
[13Jun2025 00:33:28.015] [Server thread/INFO] [net.minecraft.world.chunk.listener.LoggingChunkStatusListener/]: Preparing spawn area: 0%
[13Jun2025 00:33:28.370] [Server thread/INFO] [net.minecraft.world.chunk.listener.LoggingChunkStatusListener/]: Preparing spawn area: 58%
[13Jun2025 00:33:28.458] [Server thread/INFO] [net.minecraft.world.chunk.listener.LoggingChunkStatusListener/]: Time elapsed: 2604 ms
[13Jun2025 00:33:28.459] [Server thread/INFO] [net.minecraft.server.dedicated.DedicatedServer/]: Done (3.624s)! For help, type "help"
[13Jun2025 00:33:28.571] [Server thread/DEBUG] [net.minecraftforge.fml.ForgeI18n/CORE]: Loading I18N data entries: 5412
[13Jun2025 00:33:28.579] [Server thread/INFO] [Spartan Weaponry/]: Starting up Server for Spartan Weaponry!
[13Jun2025 00:33:28.580] [Server thread/DEBUG] [Spartan Weaponry/]: The API Internal Handler appears to be the correct class
[13Jun2025 00:33:28.621] [Server thread/DEBUG] [mixin/]: Mixing MixinWorldEntitySpawner from enhancedcelestials.mixins.json into net.minecraft.world.spawner.WorldEntitySpawner
[13Jun2025 00:33:28.640] [Server thread/DEBUG] [mixin/]: Mixing access.WorldEntitySpawnerAccess from enhancedcelestials.mixins.json into net.minecraft.world.spawner.WorldEntitySpawner
[13Jun2025 00:33:28.640] [Server thread/DEBUG] [mixin/]: Renaming @Accessor method getMagicNumber()I to getMagicNumber_$md$8224b4$0 in enhancedcelestials.mixins.json:access.WorldEntitySpawnerAccess
[13Jun2025 00:33:28.641] [Server thread/DEBUG] [mixin/]: Mixing entities.MobSpawnLocationMixin from the_bumblezone.mixins.json into net.minecraft.world.spawner.WorldEntitySpawner
[13Jun2025 00:33:28.663] [Server thread/DEBUG] [mixin/]: Mixing MixinEntityDensityManager from enhancedcelestials.mixins.json into net.minecraft.world.spawner.WorldEntitySpawner$EntityDensityManager
[13Jun2025 00:33:28.863] [Server thread/DEBUG] [tombstone/]: Updating LootTables
[13Jun2025 00:38:28.542] [Server thread/INFO] [antiqueatlas/]: Saving local markers data to NBT
[13Jun2025 00:38:28.895] [Server thread/ERROR] [net.minecraft.world.storage.ServerWorldInfo/]: WorldGenSettings: Value -1 outside of range [0:4096]
[13Jun2025 00:38:28.896] [Server thread/DEBUG] [net.minecraftforge.fml.FMLWorldPersistenceHook/WP]: Gathering id map for writing to world save world
[13Jun2025 00:38:28.904] [Server thread/DEBUG] [net.minecraftforge.fml.FMLWorldPersistenceHook/WP]: ID Map collection complete world
[13Jun2025 00:43:28.572] [Server thread/ERROR] [net.minecraft.world.storage.ServerWorldInfo/]: WorldGenSettings: Value -1 outside of range [0:4096]
[13Jun2025 00:43:28.573] [Server thread/DEBUG] [net.minecraftforge.fml.FMLWorldPersistenceHook/WP]: Gathering id map for writing to world save world
[13Jun2025 00:43:28.579] [Server thread/DEBUG] [net.minecraftforge.fml.FMLWorldPersistenceHook/WP]: ID Map collection complete world
[13Jun2025 00:44:21.391] [Server thread/DEBUG] [mixin/]: Mixing item.umbrella.ServerPlayNetHandlerMixin from mixins.artifacts.json into net.minecraft.network.play.ServerPlayNetHandler
[13Jun2025 00:44:21.393] [Server thread/DEBUG] [mixin/]: Mixing swimming.server.ServerGamePacketListenerImplMixin from expandability.mixins.json into net.minecraft.network.play.ServerPlayNetHandler
[13Jun2025 00:44:21.393] [Server thread/DEBUG] [mixin/]: Mixing ServerPacketMixin from tombstone.mixins.json into net.minecraft.network.play.ServerPlayNetHandler
[13Jun2025 00:44:21.448] [Netty Epoll Server IO #1/DEBUG] [net.minecraftforge.coremod.transformer.CoreModBaseTransformer/COREMOD]: Transforming net/minecraft/network/play/client/CClientSettingsPacket
[13Jun2025 00:44:26.058] [Netty Epoll Server IO #2/DEBUG] [net.minecraftforge.fml.network.FMLHandshakeHandler/FMLHANDSHAKE]: Starting new modded network connection. Found 30 messages to dispatch.
[13Jun2025 00:44:26.088] [Server thread/DEBUG] [net.minecraftforge.fml.network.FMLHandshakeHandler/FMLHANDSHAKE]: Sending ticking packet info 'net.minecraftforge.fml.network.FMLHandshakeMessages$S2CModList' to 'fml:handshake' sequence 0
[13Jun2025 00:44:26.138] [Server thread/DEBUG] [net.minecraftforge.fml.network.FMLHandshakeHandler/FMLHANDSHAKE]: Sending ticking packet info 'Registry minecraft:recipe_serializer' to 'fml:handshake' sequence 1
[13Jun2025 00:44:26.188] [Server thread/DEBUG] [net.minecraftforge.fml.network.FMLHandshakeHandler/FMLHANDSHAKE]: Sending ticking packet info 'Registry minecraft:sound_event' to 'fml:handshake' sequence 2
[13Jun2025 00:44:26.238] [Server thread/DEBUG] [net.minecraftforge.fml.network.FMLHandshakeHandler/FMLHANDSHAKE]: Sending ticking packet info 'Registry minecraft:particle_type' to 'fml:handshake' sequence 3
[13Jun2025 00:44:26.288] [Server thread/DEBUG] [net.minecraftforge.fml.network.FMLHandshakeHandler/FMLHANDSHAKE]: Sending ticking packet info 'Registry minecraft:villager_profession' to 'fml:handshake' sequence 4
[13Jun2025 00:44:26.323] [Netty Epoll Server IO #2/DEBUG] [net.minecraftforge.fml.network.FMLLoginWrapper/FMLHANDSHAKE]: Recieved login wrapper packet event for channel fml:handshake with index 0
[13Jun2025 00:44:26.326] [Netty Epoll Server IO #2/DEBUG] [net.minecraftforge.fml.network.FMLHandshakeHandler/FMLHANDSHAKE]: Received client indexed reply 0 of type net.minecraftforge.fml.network.FMLHandshakeMessages$C2SModListReply
[13Jun2025 00:44:26.326] [Netty Epoll Server IO #2/DEBUG] [net.minecraftforge.fml.network.FMLHandshakeHandler/FMLHANDSHAKE]: Received client connection with modlist [minecraft, usefulbackpacks, mowziesmobs, jade, waila, endrem, jei, simplefarming, goblintraders, cataclysm, curios, waystones, citadel, storagedrawers, artifacts, configured, elevatorid, tombstone, dungeoncrawl, sophisticatedbackpacks, uteamcore, spartanweaponry, relics, architectury, catalogue, walljump, cloth-config, footwork, enhancedcelestials, carryon, the_bumblezone, coldsgrappler, paraglider, forge, cofh_core, archers_paradox, aquaculture, expandability, tlskincape, geckolib3, ironchest, antiqueatlas, dungeons_arise, anointeditems]
[13Jun2025 00:44:26.327] [Netty Epoll Server IO #2/DEBUG] [net.minecraftforge.fml.network.NetworkRegistry/NETREGISTRY]: Channel 'architectury:network' : Version test of '1' from client : ACCEPTED
[13Jun2025 00:44:26.327] [Netty Epoll Server IO #2/DEBUG] [net.minecraftforge.fml.network.NetworkRegistry/NETREGISTRY]: Channel 'anointeditems:anointedpacket' : Version test of '1.0' from client : ACCEPTED
[13Jun2025 00:44:26.327] [Netty Epoll Server IO #2/DEBUG] [net.minecraftforge.fml.network.NetworkRegistry/NETREGISTRY]: Channel 'jei:channel' : Version test of '1.0.0' from client : ACCEPTED
[13Jun2025 00:44:26.327] [Netty Epoll Server IO #2/DEBUG] [net.minecraftforge.fml.network.NetworkRegistry/NETREGISTRY]: Channel 'carryon:carryonpackets' : Version test of '1.15.6.24' from client : ACCEPTED
[13Jun2025 00:44:26.327] [Netty Epoll Server IO #2/DEBUG] [net.minecraftforge.fml.network.NetworkRegistry/NETREGISTRY]: Channel 'minecraft:unregister' : Version test of 'FML2' from client : ACCEPTED
[13Jun2025 00:44:26.327] [Netty Epoll Server IO #2/DEBUG] [net.minecraftforge.fml.network.NetworkRegistry/NETREGISTRY]: Channel 'sophisticatedbackpacks:channel' : Version test of '1' from client : ACCEPTED
[13Jun2025 00:44:26.327] [Netty Epoll Server IO #2/DEBUG] [net.minecraftforge.fml.network.NetworkRegistry/NETREGISTRY]: Channel 'citadel:main_channel' : Version test of '1' from client : ACCEPTED
[13Jun2025 00:44:26.327] [Netty Epoll Server IO #2/DEBUG] [net.minecraftforge.fml.network.NetworkRegistry/NETREGISTRY]: Channel 'storagedrawers:main_channel' : Version test of '1' from client : ACCEPTED
[13Jun2025 00:44:26.327] [Netty Epoll Server IO #2/DEBUG] [net.minecraftforge.fml.network.NetworkRegistry/NETREGISTRY]: Channel 'walljump:network' : Version test of '1' from client : ACCEPTED
[13Jun2025 00:44:26.327] [Netty Epoll Server IO #2/DEBUG] [net.minecraftforge.fml.network.NetworkRegistry/NETREGISTRY]: Channel 'forge:split_11' : Version test of '1.1' from client : ACCEPTED
[13Jun2025 00:44:26.327] [Netty Epoll Server IO #2/DEBUG] [net.minecraftforge.fml.network.NetworkRegistry/NETREGISTRY]: Channel 'curios:main' : Version test of '1' from client : ACCEPTED
[13Jun2025 00:44:26.327] [Netty Epoll Server IO #2/DEBUG] [net.minecraftforge.fml.network.NetworkRegistry/NETREGISTRY]: Channel 'cofh_core:general' : Version test of '1' from client : ACCEPTED
[13Jun2025 00:44:26.327] [Netty Epoll Server IO #2/DEBUG] [net.minecraftforge.fml.network.NetworkRegistry/NETREGISTRY]: Channel 'enhancedcelestials:network' : Version test of '1' from client : ACCEPTED
[13Jun2025 00:44:26.327] [Netty Epoll Server IO #2/DEBUG] [net.minecraftforge.fml.network.NetworkRegistry/NETREGISTRY]: Channel 'cataclysm:main_channel' : Version test of '1' from client : ACCEPTED
[13Jun2025 00:44:26.327] [Netty Epoll Server IO #2/DEBUG] [net.minecraftforge.fml.network.NetworkRegistry/NETREGISTRY]: Channel 'usefulbackpacks:curios' : Version test of '1.16.3-1' from client : ACCEPTED
[13Jun2025 00:44:26.327] [Netty Epoll Server IO #2/DEBUG] [net.minecraftforge.fml.network.NetworkRegistry/NETREGISTRY]: Channel 'fml:loginwrapper' : Version test of 'FML2' from client : ACCEPTED
[13Jun2025 00:44:26.328] [Netty Epoll Server IO #2/DEBUG] [net.minecraftforge.fml.network.NetworkRegistry/NETREGISTRY]: Channel 'tombstone:tombstone_channel' : Version test of 'tombstone-6.9.6' from client : ACCEPTED
[13Jun2025 00:44:26.328] [Netty Epoll Server IO #2/DEBUG] [net.minecraftforge.fml.network.NetworkRegistry/NETREGISTRY]: Channel 'mowziesmobs:net' : Version test of '1' from client : ACCEPTED
[13Jun2025 00:44:26.328] [Netty Epoll Server IO #2/DEBUG] [net.minecraftforge.fml.network.NetworkRegistry/NETREGISTRY]: Channel 'relics:network' : Version test of '1.0' from client : ACCEPTED
[13Jun2025 00:44:26.328] [Netty Epoll Server IO #2/DEBUG] [net.minecraftforge.fml.network.NetworkRegistry/NETREGISTRY]: Channel 'fml:play' : Version test of 'FML2' from client : ACCEPTED
[13Jun2025 00:44:26.328] [Netty Epoll Server IO #2/DEBUG] [net.minecraftforge.fml.network.NetworkRegistry/NETREGISTRY]: Channel 'paraglider:master' : Version test of '1.0' from client : ACCEPTED
[13Jun2025 00:44:26.328] [Netty Epoll Server IO #2/DEBUG] [net.minecraftforge.fml.network.NetworkRegistry/NETREGISTRY]: Channel 'uteamcore:network' : Version test of '1.16.5-1' from client : ACCEPTED
[13Jun2025 00:44:26.328] [Netty Epoll Server IO #2/DEBUG] [net.minecraftforge.fml.network.NetworkRegistry/NETREGISTRY]: Channel 'artifacts:main' : Version test of '1' from client : ACCEPTED
[13Jun2025 00:44:26.328] [Netty Epoll Server IO #2/DEBUG] [net.minecraftforge.fml.network.NetworkRegistry/NETREGISTRY]: Channel 'fml:handshake' : Version test of 'FML2' from client : ACCEPTED
[13Jun2025 00:44:26.328] [Netty Epoll Server IO #2/DEBUG] [net.minecraftforge.fml.network.NetworkRegistry/NETREGISTRY]: Channel 'ironchest:network' : Version test of '1' from client : ACCEPTED
[13Jun2025 00:44:26.328] [Netty Epoll Server IO #2/DEBUG] [net.minecraftforge.fml.network.NetworkRegistry/NETREGISTRY]: Channel 'waila:networking' : Version test of '1.0.0' from client : ACCEPTED
[13Jun2025 00:44:26.328] [Netty Epoll Server IO #2/DEBUG] [net.minecraftforge.fml.network.NetworkRegistry/NETREGISTRY]: Channel 'spartanweaponry:network' : Version test of '1' from client : ACCEPTED
[13Jun2025 00:44:26.328] [Netty Epoll Server IO #2/DEBUG] [net.minecraftforge.fml.network.NetworkRegistry/NETREGISTRY]: Channel 'geckolib3:main' : Version test of '0' from client : ACCEPTED
[13Jun2025 00:44:26.328] [Netty Epoll Server IO #2/DEBUG] [net.minecraftforge.fml.network.NetworkRegistry/NETREGISTRY]: Channel 'elevatorid:main_channel' : Version test of '1' from client : ACCEPTED
[13Jun2025 00:44:26.328] [Netty Epoll Server IO #2/DEBUG] [net.minecraftforge.fml.network.NetworkRegistry/NETREGISTRY]: Channel 'minecraft:register' : Version test of 'FML2' from client : ACCEPTED
[13Jun2025 00:44:26.328] [Netty Epoll Server IO #2/DEBUG] [net.minecraftforge.fml.network.NetworkRegistry/NETREGISTRY]: Channel 'forge:split' : Version test of '1.0' from client : ACCEPTED
[13Jun2025 00:44:26.328] [Netty Epoll Server IO #2/DEBUG] [net.minecraftforge.fml.network.NetworkRegistry/NETREGISTRY]: Channel 'waystones:network' : Version test of '1.0' from client : ACCEPTED
[13Jun2025 00:44:26.328] [Netty Epoll Server IO #2/DEBUG] [net.minecraftforge.fml.network.NetworkRegistry/NETREGISTRY]: Accepting channel list from client
[13Jun2025 00:44:26.329] [Netty Epoll Server IO #2/DEBUG] [net.minecraftforge.fml.network.FMLHandshakeHandler/FMLHANDSHAKE]: Accepted client connection mod list
[13Jun2025 00:44:26.338] [Server thread/DEBUG] [net.minecraftforge.fml.network.FMLHandshakeHandler/FMLHANDSHAKE]: Sending ticking packet info 'Registry minecraft:item' to 'fml:handshake' sequence 5
[13Jun2025 00:44:26.345] [Netty Epoll Server IO #2/DEBUG] [net.minecraftforge.fml.network.FMLLoginWrapper/FMLHANDSHAKE]: Recieved login wrapper packet event for channel fml:handshake with index 1
[13Jun2025 00:44:26.345] [Netty Epoll Server IO #2/DEBUG] [net.minecraftforge.fml.network.FMLHandshakeHandler/FMLHANDSHAKE]: Received client indexed reply 1 of type net.minecraftforge.fml.network.FMLHandshakeMessages$C2SAcknowledge
[13Jun2025 00:44:26.345] [Netty Epoll Server IO #2/DEBUG] [net.minecraftforge.fml.network.FMLHandshakeHandler/FMLHANDSHAKE]: Received acknowledgement from client
[13Jun2025 00:44:26.388] [Server thread/DEBUG] [net.minecraftforge.fml.network.FMLHandshakeHandler/FMLHANDSHAKE]: Sending ticking packet info 'Registry minecraft:potion' to 'fml:handshake' sequence 6
[13Jun2025 00:44:26.438] [Server thread/DEBUG] [net.minecraftforge.fml.network.FMLHandshakeHandler/FMLHANDSHAKE]: Sending ticking packet info 'Registry minecraft:block_entity_type' to 'fml:handshake' sequence 7
[13Jun2025 00:44:26.488] [Server thread/DEBUG] [net.minecraftforge.fml.network.FMLHandshakeHandler/FMLHANDSHAKE]: Sending ticking packet info 'Registry minecraft:block' to 'fml:handshake' sequence 8
[13Jun2025 00:44:26.538] [Server thread/DEBUG] [net.minecraftforge.fml.network.FMLHandshakeHandler/FMLHANDSHAKE]: Sending ticking packet info 'Registry minecraft:data_serializers' to 'fml:handshake' sequence 9
[13Jun2025 00:44:26.588] [Server thread/DEBUG] [net.minecraftforge.fml.network.FMLHandshakeHandler/FMLHANDSHAKE]: Sending ticking packet info 'Registry minecraft:mob_effect' to 'fml:handshake' sequence 10
[13Jun2025 00:44:26.638] [Server thread/DEBUG] [net.minecraftforge.fml.network.FMLHandshakeHandler/FMLHANDSHAKE]: Sending ticking packet info 'Registry minecraft:stat_type' to 'fml:handshake' sequence 11
[13Jun2025 00:44:26.688] [Server thread/DEBUG] [net.minecraftforge.fml.network.FMLHandshakeHandler/FMLHANDSHAKE]: Sending ticking packet info 'Registry tombstone:perks' to 'fml:handshake' sequence 12
[13Jun2025 00:44:26.733] [Netty Epoll Server IO #2/DEBUG] [net.minecraftforge.fml.network.FMLLoginWrapper/FMLHANDSHAKE]: Recieved login wrapper packet event for channel fml:handshake with index 2
[13Jun2025 00:44:26.733] [Netty Epoll Server IO #2/DEBUG] [net.minecraftforge.fml.network.FMLHandshakeHandler/FMLHANDSHAKE]: Received client indexed reply 2 of type net.minecraftforge.fml.network.FMLHandshakeMessages$C2SAcknowledge
[13Jun2025 00:44:26.733] [Netty Epoll Server IO #2/DEBUG] [net.minecraftforge.fml.network.FMLHandshakeHandler/FMLHANDSHAKE]: Received acknowledgement from client
[13Jun2025 00:44:26.735] [Netty Epoll Server IO #2/DEBUG] [net.minecraftforge.fml.network.FMLLoginWrapper/FMLHANDSHAKE]: Recieved login wrapper packet event for channel fml:handshake with index 3
[13Jun2025 00:44:26.735] [Netty Epoll Server IO #2/DEBUG] [net.minecraftforge.fml.network.FMLHandshakeHandler/FMLHANDSHAKE]: Received client indexed reply 3 of type net.minecraftforge.fml.network.FMLHandshakeMessages$C2SAcknowledge
[13Jun2025 00:44:26.735] [Netty Epoll Server IO #2/DEBUG] [net.minecraftforge.fml.network.FMLHandshakeHandler/FMLHANDSHAKE]: Received acknowledgement from client
[13Jun2025 00:44:26.735] [Netty Epoll Server IO #2/DEBUG] [net.minecraftforge.fml.network.FMLLoginWrapper/FMLHANDSHAKE]: Recieved login wrapper packet event for channel fml:handshake with index 4
[13Jun2025 00:44:26.735] [Netty Epoll Server IO #2/DEBUG] [net.minecraftforge.fml.network.FMLHandshakeHandler/FMLHANDSHAKE]: Received client indexed reply 4 of type net.minecraftforge.fml.network.FMLHandshakeMessages$C2SAcknowledge
[13Jun2025 00:44:26.735] [Netty Epoll Server IO #2/DEBUG] [net.minecraftforge.fml.network.FMLHandshakeHandler/FMLHANDSHAKE]: Received acknowledgement from client
[13Jun2025 00:44:26.738] [Server thread/DEBUG] [net.minecraftforge.fml.network.FMLHandshakeHandler/FMLHANDSHAKE]: Sending ticking packet info 'Registry minecraft:menu' to 'fml:handshake' sequence 13
[13Jun2025 00:44:26.788] [Server thread/DEBUG] [net.minecraftforge.fml.network.FMLHandshakeHandler/FMLHANDSHAKE]: Sending ticking packet info 'Registry minecraft:enchantment' to 'fml:handshake' sequence 14
[13Jun2025 00:44:26.838] [Server thread/DEBUG] [net.minecraftforge.fml.network.FMLHandshakeHandler/FMLHANDSHAKE]: Sending ticking packet info 'Registry minecraft:motive' to 'fml:handshake' sequence 15
[13Jun2025 00:44:26.888] [Server thread/DEBUG] [net.minecraftforge.fml.network.FMLHandshakeHandler/FMLHANDSHAKE]: Sending ticking packet info 'Registry minecraft:fluid' to 'fml:handshake' sequence 16
[13Jun2025 00:44:26.917] [Netty Epoll Server IO #2/DEBUG] [net.minecraftforge.fml.network.FMLLoginWrapper/FMLHANDSHAKE]: Recieved login wrapper packet event for channel fml:handshake with index 5
[13Jun2025 00:44:26.917] [Netty Epoll Server IO #2/DEBUG] [net.minecraftforge.fml.network.FMLHandshakeHandler/FMLHANDSHAKE]: Received client indexed reply 5 of type net.minecraftforge.fml.network.FMLHandshakeMessages$C2SAcknowledge
[13Jun2025 00:44:26.917] [Netty Epoll Server IO #2/DEBUG] [net.minecraftforge.fml.network.FMLHandshakeHandler/FMLHANDSHAKE]: Received acknowledgement from client
[13Jun2025 00:44:26.917] [Netty Epoll Server IO #2/DEBUG] [net.minecraftforge.fml.network.FMLLoginWrapper/FMLHANDSHAKE]: Recieved login wrapper packet event for channel fml:handshake with index 6
[13Jun2025 00:44:26.917] [Netty Epoll Server IO #2/DEBUG] [net.minecraftforge.fml.network.FMLHandshakeHandler/FMLHANDSHAKE]: Received client indexed reply 6 of type net.minecraftforge.fml.network.FMLHandshakeMessages$C2SAcknowledge
[13Jun2025 00:44:26.917] [Netty Epoll Server IO #2/DEBUG] [net.minecraftforge.fml.network.FMLHandshakeHandler/FMLHANDSHAKE]: Received acknowledgement from client
[13Jun2025 00:44:26.918] [Netty Epoll Server IO #2/DEBUG] [net.minecraftforge.fml.network.FMLLoginWrapper/FMLHANDSHAKE]: Recieved login wrapper packet event for channel fml:handshake with index 7
[13Jun2025 00:44:26.918] [Netty Epoll Server IO #2/DEBUG] [net.minecraftforge.fml.network.FMLHandshakeHandler/FMLHANDSHAKE]: Received client indexed reply 7 of type net.minecraftforge.fml.network.FMLHandshakeMessages$C2SAcknowledge
[13Jun2025 00:44:26.918] [Netty Epoll Server IO #2/DEBUG] [net.minecraftforge.fml.network.FMLHandshakeHandler/FMLHANDSHAKE]: Received acknowledgement from client
[13Jun2025 00:44:26.938] [Server thread/DEBUG] [net.minecraftforge.fml.network.FMLHandshakeHandler/FMLHANDSHAKE]: Sending ticking packet info 'Registry minecraft:entity_type' to 'fml:handshake' sequence 17
[13Jun2025 00:44:26.963] [Netty Epoll Server IO #2/DEBUG] [net.minecraftforge.fml.network.FMLLoginWrapper/FMLHANDSHAKE]: Recieved login wrapper packet event for channel fml:handshake with index 8
[13Jun2025 00:44:26.963] [Netty Epoll Server IO #2/DEBUG] [net.minecraftforge.fml.network.FMLHandshakeHandler/FMLHANDSHAKE]: Received client indexed reply 8 of type net.minecraftforge.fml.network.FMLHandshakeMessages$C2SAcknowledge
[13Jun2025 00:44:26.964] [Netty Epoll Server IO #2/DEBUG] [net.minecraftforge.fml.network.FMLHandshakeHandler/FMLHANDSHAKE]: Received acknowledgement from client
[13Jun2025 00:44:26.964] [Netty Epoll Server IO #2/DEBUG] [net.minecraftforge.fml.network.FMLLoginWrapper/FMLHANDSHAKE]: Recieved login wrapper packet event for channel fml:handshake with index 9
[13Jun2025 00:44:26.964] [Netty Epoll Server IO #2/DEBUG] [net.minecraftforge.fml.network.FMLHandshakeHandler/FMLHANDSHAKE]: Received client indexed reply 9 of type net.minecraftforge.fml.network.FMLHandshakeMessages$C2SAcknowledge
[13Jun2025 00:44:26.964] [Netty Epoll Server IO #2/DEBUG] [net.minecraftforge.fml.network.FMLHandshakeHandler/FMLHANDSHAKE]: Received acknowledgement from client
[13Jun2025 00:44:26.966] [Netty Epoll Server IO #2/DEBUG] [net.minecraftforge.fml.network.FMLLoginWrapper/FMLHANDSHAKE]: Recieved login wrapper packet event for channel fml:handshake with index 10
[13Jun2025 00:44:26.966] [Netty Epoll Server IO #2/DEBUG] [net.minecraftforge.fml.network.FMLHandshakeHandler/FMLHANDSHAKE]: Received client indexed reply 10 of type net.minecraftforge.fml.network.FMLHandshakeMessages$C2SAcknowledge
[13Jun2025 00:44:26.966] [Netty Epoll Server IO #2/DEBUG] [net.minecraftforge.fml.network.FMLHandshakeHandler/FMLHANDSHAKE]: Received acknowledgement from client
[13Jun2025 00:44:26.966] [Netty Epoll Server IO #2/DEBUG] [net.minecraftforge.fml.network.FMLLoginWrapper/FMLHANDSHAKE]: Recieved login wrapper packet event for channel fml:handshake with index 11
[13Jun2025 00:44:26.966] [Netty Epoll Server IO #2/DEBUG] [net.minecraftforge.fml.network.FMLHandshakeHandler/FMLHANDSHAKE]: Received client indexed reply 11 of type net.minecraftforge.fml.network.FMLHandshakeMessages$C2SAcknowledge
[13Jun2025 00:44:26.966] [Netty Epoll Server IO #2/DEBUG] [net.minecraftforge.fml.network.FMLHandshakeHandler/FMLHANDSHAKE]: Received acknowledgement from client
[13Jun2025 00:44:26.967] [Netty Epoll Server IO #2/DEBUG] [net.minecraftforge.fml.network.FMLLoginWrapper/FMLHANDSHAKE]: Recieved login wrapper packet event for channel fml:handshake with index 12
[13Jun2025 00:44:26.967] [Netty Epoll Server IO #2/DEBUG] [net.minecraftforge.fml.network.FMLHandshakeHandler/FMLHANDSHAKE]: Received client indexed reply 12 of type net.minecraftforge.fml.network.FMLHandshakeMessages$C2SAcknowledge
[13Jun2025 00:44:26.967] [Netty Epoll Server IO #2/DEBUG] [net.minecraftforge.fml.network.FMLHandshakeHandler/FMLHANDSHAKE]: Received acknowledgement from client
[13Jun2025 00:44:26.967] [Netty Epoll Server IO #2/DEBUG] [net.minecraftforge.fml.network.FMLLoginWrapper/FMLHANDSHAKE]: Recieved login wrapper packet event for channel fml:handshake with index 13
[13Jun2025 00:44:26.967] [Netty Epoll Server IO #2/DEBUG] [net.minecraftforge.fml.network.FMLHandshakeHandler/FMLHANDSHAKE]: Received client indexed reply 13 of type net.minecraftforge.fml.network.FMLHandshakeMessages$C2SAcknowledge
[13Jun2025 00:44:26.967] [Netty Epoll Server IO #2/DEBUG] [net.minecraftforge.fml.network.FMLHandshakeHandler/FMLHANDSHAKE]: Received acknowledgement from client
[13Jun2025 00:44:26.981] [Netty Epoll Server IO #2/DEBUG] [net.minecraftforge.fml.network.FMLLoginWrapper/FMLHANDSHAKE]: Recieved login wrapper packet event for channel fml:handshake with index 14
[13Jun2025 00:44:26.981] [Netty Epoll Server IO #2/DEBUG] [net.minecraftforge.fml.network.FMLHandshakeHandler/FMLHANDSHAKE]: Received client indexed reply 14 of type net.minecraftforge.fml.network.FMLHandshakeMessages$C2SAcknowledge
[13Jun2025 00:44:26.981] [Netty Epoll Server IO #2/DEBUG] [net.minecraftforge.fml.network.FMLHandshakeHandler/FMLHANDSHAKE]: Received acknowledgement from client
[13Jun2025 00:44:26.988] [Server thread/DEBUG] [net.minecraftforge.fml.network.FMLHandshakeHandler/FMLHANDSHAKE]: Sending ticking packet info 'Config /workspaces/franco-es-de-cerro-xd/servidor_minecraft/config/waystones-server.toml' to 'fml:handshake' sequence 18
[13Jun2025 00:44:27.031] [Netty Epoll Server IO #2/DEBUG] [net.minecraftforge.fml.network.FMLLoginWrapper/FMLHANDSHAKE]: Recieved login wrapper packet event for channel fml:handshake with index 15
[13Jun2025 00:44:27.031] [Netty Epoll Server IO #2/DEBUG] [net.minecraftforge.fml.network.FMLHandshakeHandler/FMLHANDSHAKE]: Received client indexed reply 15 of type net.minecraftforge.fml.network.FMLHandshakeMessages$C2SAcknowledge
[13Jun2025 00:44:27.031] [Netty Epoll Server IO #2/DEBUG] [net.minecraftforge.fml.network.FMLHandshakeHandler/FMLHANDSHAKE]: Received acknowledgement from client
[13Jun2025 00:44:27.038] [Server thread/DEBUG] [net.minecraftforge.fml.network.FMLHandshakeHandler/FMLHANDSHAKE]: Sending ticking packet info 'Config curios-server.toml' to 'fml:handshake' sequence 19
[13Jun2025 00:44:27.081] [Netty Epoll Server IO #2/DEBUG] [net.minecraftforge.fml.network.FMLLoginWrapper/FMLHANDSHAKE]: Recieved login wrapper packet event for channel fml:handshake with index 16
[13Jun2025 00:44:27.081] [Netty Epoll Server IO #2/DEBUG] [net.minecraftforge.fml.network.FMLHandshakeHandler/FMLHANDSHAKE]: Received client indexed reply 16 of type net.minecraftforge.fml.network.FMLHandshakeMessages$C2SAcknowledge
[13Jun2025 00:44:27.081] [Netty Epoll Server IO #2/DEBUG] [net.minecraftforge.fml.network.FMLHandshakeHandler/FMLHANDSHAKE]: Received acknowledgement from client
[13Jun2025 00:44:27.088] [Server thread/DEBUG] [net.minecraftforge.fml.network.FMLHandshakeHandler/FMLHANDSHAKE]: Sending ticking packet info 'Config carryon-server.toml' to 'fml:handshake' sequence 20
[13Jun2025 00:44:27.138] [Server thread/DEBUG] [net.minecraftforge.fml.network.FMLHandshakeHandler/FMLHANDSHAKE]: Sending ticking packet info 'Config paraglider-server.toml' to 'fml:handshake' sequence 21
[13Jun2025 00:44:27.188] [Server thread/DEBUG] [net.minecraftforge.fml.network.FMLHandshakeHandler/FMLHANDSHAKE]: Sending ticking packet info 'Config artifacts-server.toml' to 'fml:handshake' sequence 22
[13Jun2025 00:44:27.238] [Server thread/DEBUG] [net.minecraftforge.fml.network.FMLHandshakeHandler/FMLHANDSHAKE]: Sending ticking packet info 'Config tombstone-server.toml' to 'fml:handshake' sequence 23
[13Jun2025 00:44:27.288] [Server thread/DEBUG] [net.minecraftforge.fml.network.FMLHandshakeHandler/FMLHANDSHAKE]: Sending ticking packet info 'Config elevatorid-server.toml' to 'fml:handshake' sequence 24
[13Jun2025 00:44:27.338] [Server thread/DEBUG] [net.minecraftforge.fml.network.FMLHandshakeHandler/FMLHANDSHAKE]: Sending ticking packet info 'Config usefulbackpacks-server.toml' to 'fml:handshake' sequence 25
[13Jun2025 00:44:27.388] [Server thread/DEBUG] [net.minecraftforge.fml.network.FMLHandshakeHandler/FMLHANDSHAKE]: Sending ticking packet info 'Config cofh_core-server.toml' to 'fml:handshake' sequence 26
[13Jun2025 00:44:27.438] [Server thread/DEBUG] [net.minecraftforge.fml.network.FMLHandshakeHandler/FMLHANDSHAKE]: Sending ticking packet info 'Config forge-server.toml' to 'fml:handshake' sequence 27
[13Jun2025 00:44:27.488] [Server thread/DEBUG] [net.minecraftforge.fml.network.FMLHandshakeHandler/FMLHANDSHAKE]: Sending ticking packet info 'Config archers_paradox-server.toml' to 'fml:handshake' sequence 28
[13Jun2025 00:44:27.538] [Server thread/DEBUG] [net.minecraftforge.fml.network.FMLHandshakeHandler/FMLHANDSHAKE]: Sending ticking packet info 'Config jei-server.toml' to 'fml:handshake' sequence 29
[13Jun2025 00:44:27.842] [Netty Epoll Server IO #2/DEBUG] [net.minecraftforge.fml.network.FMLLoginWrapper/FMLHANDSHAKE]: Recieved login wrapper packet event for channel fml:handshake with index 17
[13Jun2025 00:44:27.842] [Netty Epoll Server IO #2/DEBUG] [net.minecraftforge.fml.network.FMLHandshakeHandler/FMLHANDSHAKE]: Received client indexed reply 17 of type net.minecraftforge.fml.network.FMLHandshakeMessages$C2SAcknowledge
[13Jun2025 00:44:27.842] [Netty Epoll Server IO #2/DEBUG] [net.minecraftforge.fml.network.FMLHandshakeHandler/FMLHANDSHAKE]: Received acknowledgement from client
[13Jun2025 00:44:27.843] [Netty Epoll Server IO #2/DEBUG] [net.minecraftforge.fml.network.FMLLoginWrapper/FMLHANDSHAKE]: Recieved login wrapper packet event for channel fml:handshake with index 18
[13Jun2025 00:44:27.843] [Netty Epoll Server IO #2/DEBUG] [net.minecraftforge.fml.network.FMLHandshakeHandler/FMLHANDSHAKE]: Received client indexed reply 18 of type net.minecraftforge.fml.network.FMLHandshakeMessages$C2SAcknowledge
[13Jun2025 00:44:27.843] [Netty Epoll Server IO #2/DEBUG] [net.minecraftforge.fml.network.FMLHandshakeHandler/FMLHANDSHAKE]: Received acknowledgement from client
[13Jun2025 00:44:27.844] [Netty Epoll Server IO #2/DEBUG] [net.minecraftforge.fml.network.FMLLoginWrapper/FMLHANDSHAKE]: Recieved login wrapper packet event for channel fml:handshake with index 19
[13Jun2025 00:44:27.844] [Netty Epoll Server IO #2/DEBUG] [net.minecraftforge.fml.network.FMLHandshakeHandler/FMLHANDSHAKE]: Received client indexed reply 19 of type net.minecraftforge.fml.network.FMLHandshakeMessages$C2SAcknowledge
[13Jun2025 00:44:27.844] [Netty Epoll Server IO #2/DEBUG] [net.minecraftforge.fml.network.FMLHandshakeHandler/FMLHANDSHAKE]: Received acknowledgement from client
[13Jun2025 00:44:27.847] [Netty Epoll Server IO #2/DEBUG] [net.minecraftforge.fml.network.FMLLoginWrapper/FMLHANDSHAKE]: Recieved login wrapper packet event for channel fml:handshake with index 20
[13Jun2025 00:44:27.847] [Netty Epoll Server IO #2/DEBUG] [net.minecraftforge.fml.network.FMLHandshakeHandler/FMLHANDSHAKE]: Received client indexed reply 20 of type net.minecraftforge.fml.network.FMLHandshakeMessages$C2SAcknowledge
[13Jun2025 00:44:27.847] [Netty Epoll Server IO #2/DEBUG] [net.minecraftforge.fml.network.FMLHandshakeHandler/FMLHANDSHAKE]: Received acknowledgement from client
[13Jun2025 00:44:27.848] [Netty Epoll Server IO #2/DEBUG] [net.minecraftforge.fml.network.FMLLoginWrapper/FMLHANDSHAKE]: Recieved login wrapper packet event for channel fml:handshake with index 21
[13Jun2025 00:44:27.848] [Netty Epoll Server IO #2/DEBUG] [net.minecraftforge.fml.network.FMLHandshakeHandler/FMLHANDSHAKE]: Received client indexed reply 21 of type net.minecraftforge.fml.network.FMLHandshakeMessages$C2SAcknowledge
[13Jun2025 00:44:27.848] [Netty Epoll Server IO #2/DEBUG] [net.minecraftforge.fml.network.FMLHandshakeHandler/FMLHANDSHAKE]: Received acknowledgement from client
[13Jun2025 00:44:27.853] [Netty Epoll Server IO #2/DEBUG] [net.minecraftforge.fml.network.FMLLoginWrapper/FMLHANDSHAKE]: Recieved login wrapper packet event for channel fml:handshake with index 22
[13Jun2025 00:44:27.853] [Netty Epoll Server IO #2/DEBUG] [net.minecraftforge.fml.network.FMLHandshakeHandler/FMLHANDSHAKE]: Received client indexed reply 22 of type net.minecraftforge.fml.network.FMLHandshakeMessages$C2SAcknowledge
[13Jun2025 00:44:27.853] [Netty Epoll Server IO #2/DEBUG] [net.minecraftforge.fml.network.FMLHandshakeHandler/FMLHANDSHAKE]: Received acknowledgement from client
[13Jun2025 00:44:27.856] [Netty Epoll Server IO #2/DEBUG] [net.minecraftforge.fml.network.FMLLoginWrapper/FMLHANDSHAKE]: Recieved login wrapper packet event for channel fml:handshake with index 23
[13Jun2025 00:44:27.856] [Netty Epoll Server IO #2/DEBUG] [net.minecraftforge.fml.network.FMLHandshakeHandler/FMLHANDSHAKE]: Received client indexed reply 23 of type net.minecraftforge.fml.network.FMLHandshakeMessages$C2SAcknowledge
[13Jun2025 00:44:27.856] [Netty Epoll Server IO #2/DEBUG] [net.minecraftforge.fml.network.FMLHandshakeHandler/FMLHANDSHAKE]: Received acknowledgement from client
[13Jun2025 00:44:27.858] [Netty Epoll Server IO #2/DEBUG] [net.minecraftforge.fml.network.FMLLoginWrapper/FMLHANDSHAKE]: Recieved login wrapper packet event for channel fml:handshake with index 24
[13Jun2025 00:44:27.858] [Netty Epoll Server IO #2/DEBUG] [net.minecraftforge.fml.network.FMLHandshakeHandler/FMLHANDSHAKE]: Received client indexed reply 24 of type net.minecraftforge.fml.network.FMLHandshakeMessages$C2SAcknowledge
[13Jun2025 00:44:27.858] [Netty Epoll Server IO #2/DEBUG] [net.minecraftforge.fml.network.FMLHandshakeHandler/FMLHANDSHAKE]: Received acknowledgement from client
[13Jun2025 00:44:27.858] [Netty Epoll Server IO #2/DEBUG] [net.minecraftforge.fml.network.FMLLoginWrapper/FMLHANDSHAKE]: Recieved login wrapper packet event for channel fml:handshake with index 25
[13Jun2025 00:44:27.858] [Netty Epoll Server IO #2/DEBUG] [net.minecraftforge.fml.network.FMLHandshakeHandler/FMLHANDSHAKE]: Received client indexed reply 25 of type net.minecraftforge.fml.network.FMLHandshakeMessages$C2SAcknowledge
[13Jun2025 00:44:27.859] [Netty Epoll Server IO #2/DEBUG] [net.minecraftforge.fml.network.FMLHandshakeHandler/FMLHANDSHAKE]: Received acknowledgement from client
[13Jun2025 00:44:27.859] [Netty Epoll Server IO #2/DEBUG] [net.minecraftforge.fml.network.FMLLoginWrapper/FMLHANDSHAKE]: Recieved login wrapper packet event for channel fml:handshake with index 26
[13Jun2025 00:44:27.859] [Netty Epoll Server IO #2/DEBUG] [net.minecraftforge.fml.network.FMLHandshakeHandler/FMLHANDSHAKE]: Received client indexed reply 26 of type net.minecraftforge.fml.network.FMLHandshakeMessages$C2SAcknowledge
[13Jun2025 00:44:27.859] [Netty Epoll Server IO #2/DEBUG] [net.minecraftforge.fml.network.FMLHandshakeHandler/FMLHANDSHAKE]: Received acknowledgement from client
[13Jun2025 00:44:27.861] [Netty Epoll Server IO #2/DEBUG] [net.minecraftforge.fml.network.FMLLoginWrapper/FMLHANDSHAKE]: Recieved login wrapper packet event for channel fml:handshake with index 27
[13Jun2025 00:44:27.861] [Netty Epoll Server IO #2/DEBUG] [net.minecraftforge.fml.network.FMLHandshakeHandler/FMLHANDSHAKE]: Received client indexed reply 27 of type net.minecraftforge.fml.network.FMLHandshakeMessages$C2SAcknowledge
[13Jun2025 00:44:27.861] [Netty Epoll Server IO #2/DEBUG] [net.minecraftforge.fml.network.FMLHandshakeHandler/FMLHANDSHAKE]: Received acknowledgement from client
[13Jun2025 00:44:27.862] [Netty Epoll Server IO #2/DEBUG] [net.minecraftforge.fml.network.FMLLoginWrapper/FMLHANDSHAKE]: Recieved login wrapper packet event for channel fml:handshake with index 28
[13Jun2025 00:44:27.862] [Netty Epoll Server IO #2/DEBUG] [net.minecraftforge.fml.network.FMLHandshakeHandler/FMLHANDSHAKE]: Received client indexed reply 28 of type net.minecraftforge.fml.network.FMLHandshakeMessages$C2SAcknowledge
[13Jun2025 00:44:27.862] [Netty Epoll Server IO #2/DEBUG] [net.minecraftforge.fml.network.FMLHandshakeHandler/FMLHANDSHAKE]: Received acknowledgement from client
[13Jun2025 00:44:27.862] [Netty Epoll Server IO #2/DEBUG] [net.minecraftforge.fml.network.FMLLoginWrapper/FMLHANDSHAKE]: Recieved login wrapper packet event for channel fml:handshake with index 29
[13Jun2025 00:44:27.862] [Netty Epoll Server IO #2/DEBUG] [net.minecraftforge.fml.network.FMLHandshakeHandler/FMLHANDSHAKE]: Received client indexed reply 29 of type net.minecraftforge.fml.network.FMLHandshakeMessages$C2SAcknowledge
[13Jun2025 00:44:27.862] [Netty Epoll Server IO #2/DEBUG] [net.minecraftforge.fml.network.FMLHandshakeHandler/FMLHANDSHAKE]: Received acknowledgement from client
[13Jun2025 00:44:27.888] [Server thread/DEBUG] [net.minecraftforge.fml.network.FMLHandshakeHandler/FMLHANDSHAKE]: Handshake complete!
[13Jun2025 00:44:28.027] [Server thread/INFO] [net.minecraftforge.common.AdvancementLoadFix/]: Using new advancement loading for net.minecraft.advancements.PlayerAdvancements@46517dea
[13Jun2025 00:44:28.065] [Server thread/INFO] [net.minecraft.server.management.PlayerList/]: chocolinpy[/100.115.122.8:51335] logged in with entity id 472 at (1856.0925124520102, 75.0, -680.1337773189275)
[13Jun2025 00:44:28.076] [Server thread/DEBUG] [net.minecraftforge.network.NetworkFilters/]: Injected net.minecraftforge.network.ForgeConnectionNetworkFilter@59bdd965 into net.minecraft.network.NetworkManager@600a026a
[13Jun2025 00:44:28.094] [Server thread/INFO] [net.minecraft.server.dedicated.DedicatedServer/]: chocolinpy joined the game
[13Jun2025 00:44:28.206] [Server thread/INFO] [Waila/]: Syncing config to chocolinpy (034783f3-fbfc-3708-91b0-59525927d190)
[13Jun2025 00:44:28.222] [Server thread/INFO] [antiqueatlas/]: Sent markers data #-1 to player chocolinpy
[13Jun2025 00:44:28.224] [Server thread/INFO] [antiqueatlas/]: Sent custom biome data to player chocolinpy
[13Jun2025 00:44:28.224] [Server thread/INFO] [antiqueatlas/]: Sent custom biome data to player chocolinpy
[13Jun2025 00:44:28.224] [Server thread/INFO] [antiqueatlas/]: Sent custom biome data to player chocolinpy
[13Jun2025 00:44:28.225] [Server thread/INFO] [antiqueatlas/]: Sent custom biome data to player chocolinpy
[13Jun2025 00:44:28.273] [Server thread/INFO] [antiqueatlas/]: Sending dimension #ResourceKey[minecraft:dimension / minecraft:overworld]
[13Jun2025 00:44:28.279] [Server thread/INFO] [antiqueatlas/]: Sent dimension #ResourceKey[minecraft:dimension / minecraft:overworld] (76 tiles)
[13Jun2025 00:44:28.280] [Server thread/INFO] [antiqueatlas/]: Sent Atlas #4 data to player chocolinpy
[13Jun2025 00:44:28.281] [Server thread/INFO] [antiqueatlas/]: Sent markers data #4 to player chocolinpy
[13Jun2025 00:44:28.313] [Server thread/DEBUG] [mixin/]: Mixing world.TemplateAccessor from the_bumblezone.mixins.json into net.minecraft.world.gen.feature.template.Template
[13Jun2025 00:44:28.603] [Server thread/DEBUG] [mixin/]: Mixing MixinBlockEntityExtension from architectury.mixins.json into me.shedaniel.architectury.extensions.BlockEntityExtension
[13Jun2025 00:48:28.602] [Server thread/INFO] [antiqueatlas/]: Saving local markers data to NBT
[13Jun2025 00:48:28.878] [Server thread/ERROR] [net.minecraft.world.storage.ServerWorldInfo/]: WorldGenSettings: Value -1 outside of range [0:4096]
[13Jun2025 00:48:28.878] [Server thread/DEBUG] [net.minecraftforge.fml.FMLWorldPersistenceHook/WP]: Gathering id map for writing to world save world
[13Jun2025 00:48:28.884] [Server thread/DEBUG] [net.minecraftforge.fml.FMLWorldPersistenceHook/WP]: ID Map collection complete world
[13Jun2025 00:49:56.126] [Server thread/DEBUG] [Spartan Weaponry/]: Intercepted PlayerEntity.getHeldItem() method!
[13Jun2025 00:51:11.202] [Netty Epoll Server IO #6/DEBUG] [net.minecraftforge.fml.network.FMLHandshakeHandler/FMLHANDSHAKE]: Starting new modded network connection. Found 30 messages to dispatch.
[13Jun2025 00:51:11.211] [Server thread/DEBUG] [net.minecraftforge.fml.network.FMLHandshakeHandler/FMLHANDSHAKE]: Sending ticking packet info 'net.minecraftforge.fml.network.FMLHandshakeMessages$S2CModList' to 'fml:handshake' sequence 0
[13Jun2025 00:51:11.255] [Server thread/DEBUG] [net.minecraftforge.fml.network.FMLHandshakeHandler/FMLHANDSHAKE]: Sending ticking packet info 'Registry minecraft:recipe_serializer' to 'fml:handshake' sequence 1
[13Jun2025 00:51:11.303] [Server thread/DEBUG] [net.minecraftforge.fml.network.FMLHandshakeHandler/FMLHANDSHAKE]: Sending ticking packet info 'Registry minecraft:sound_event' to 'fml:handshake' sequence 2
[13Jun2025 00:51:11.352] [Server thread/DEBUG] [net.minecraftforge.fml.network.FMLHandshakeHandler/FMLHANDSHAKE]: Sending ticking packet info 'Registry minecraft:particle_type' to 'fml:handshake' sequence 3
[13Jun2025 00:51:11.415] [Netty Epoll Server IO #6/DEBUG] [net.minecraftforge.fml.network.FMLLoginWrapper/FMLHANDSHAKE]: Recieved login wrapper packet event for channel fml:handshake with index 0
[13Jun2025 00:51:11.416] [Netty Epoll Server IO #6/DEBUG] [net.minecraftforge.fml.network.FMLHandshakeHandler/FMLHANDSHAKE]: Received client indexed reply 0 of type net.minecraftforge.fml.network.FMLHandshakeMessages$C2SModListReply
[13Jun2025 00:51:11.416] [Netty Epoll Server IO #6/DEBUG] [net.minecraftforge.fml.network.FMLHandshakeHandler/FMLHANDSHAKE]: Received client connection with modlist [minecraft, usefulbackpacks, mowziesmobs, jade, waila, endrem, jei, simplefarming, goblintraders, cataclysm, curios, waystones, citadel, storagedrawers, artifacts, configured, elevatorid, tombstone, dungeoncrawl, sophisticatedbackpacks, uteamcore, spartanweaponry, relics, architectury, catalogue, walljump, cloth-config, footwork, enhancedcelestials, carryon, the_bumblezone, coldsgrappler, paraglider, forge, cofh_core, archers_paradox, aquaculture, expandability, tlskincape, geckolib3, ironchest, antiqueatlas, dungeons_arise, anointeditems]
[13Jun2025 00:51:11.416] [Netty Epoll Server IO #6/DEBUG] [net.minecraftforge.fml.network.NetworkRegistry/NETREGISTRY]: Channel 'architectury:network' : Version test of '1' from client : ACCEPTED
[13Jun2025 00:51:11.416] [Server thread/DEBUG] [net.minecraftforge.fml.network.FMLHandshakeHandler/FMLHANDSHAKE]: Sending ticking packet info 'Registry minecraft:villager_profession' to 'fml:handshake' sequence 4
[13Jun2025 00:51:11.416] [Netty Epoll Server IO #6/DEBUG] [net.minecraftforge.fml.network.NetworkRegistry/NETREGISTRY]: Channel 'anointeditems:anointedpacket' : Version test of '1.0' from client : ACCEPTED
[13Jun2025 00:51:11.417] [Netty Epoll Server IO #6/DEBUG] [net.minecraftforge.fml.network.NetworkRegistry/NETREGISTRY]: Channel 'jei:channel' : Version test of '1.0.0' from client : ACCEPTED
[13Jun2025 00:51:11.417] [Netty Epoll Server IO #6/DEBUG] [net.minecraftforge.fml.network.NetworkRegistry/NETREGISTRY]: Channel 'carryon:carryonpackets' : Version test of '1.15.6.24' from client : ACCEPTED
[13Jun2025 00:51:11.417] [Netty Epoll Server IO #6/DEBUG] [net.minecraftforge.fml.network.NetworkRegistry/NETREGISTRY]: Channel 'minecraft:unregister' : Version test of 'FML2' from client : ACCEPTED
[13Jun2025 00:51:11.417] [Netty Epoll Server IO #6/DEBUG] [net.minecraftforge.fml.network.NetworkRegistry/NETREGISTRY]: Channel 'sophisticatedbackpacks:channel' : Version test of '1' from client : ACCEPTED
[13Jun2025 00:51:11.417] [Netty Epoll Server IO #6/DEBUG] [net.minecraftforge.fml.network.NetworkRegistry/NETREGISTRY]: Channel 'citadel:main_channel' : Version test of '1' from client : ACCEPTED
[13Jun2025 00:51:11.417] [Netty Epoll Server IO #6/DEBUG] [net.minecraftforge.fml.network.NetworkRegistry/NETREGISTRY]: Channel 'storagedrawers:main_channel' : Version test of '1' from client : ACCEPTED
[13Jun2025 00:51:11.417] [Netty Epoll Server IO #6/DEBUG] [net.minecraftforge.fml.network.NetworkRegistry/NETREGISTRY]: Channel 'walljump:network' : Version test of '1' from client : ACCEPTED
[13Jun2025 00:51:11.417] [Netty Epoll Server IO #6/DEBUG] [net.minecraftforge.fml.network.NetworkRegistry/NETREGISTRY]: Channel 'forge:split_11' : Version test of '1.1' from client : ACCEPTED
[13Jun2025 00:51:11.417] [Netty Epoll Server IO #6/DEBUG] [net.minecraftforge.fml.network.NetworkRegistry/NETREGISTRY]: Channel 'curios:main' : Version test of '1' from client : ACCEPTED
[13Jun2025 00:51:11.417] [Netty Epoll Server IO #6/DEBUG] [net.minecraftforge.fml.network.NetworkRegistry/NETREGISTRY]: Channel 'cofh_core:general' : Version test of '1' from client : ACCEPTED
[13Jun2025 00:51:11.417] [Netty Epoll Server IO #6/DEBUG] [net.minecraftforge.fml.network.NetworkRegistry/NETREGISTRY]: Channel 'enhancedcelestials:network' : Version test of '1' from client : ACCEPTED
[13Jun2025 00:51:11.417] [Netty Epoll Server IO #6/DEBUG] [net.minecraftforge.fml.network.NetworkRegistry/NETREGISTRY]: Channel 'cataclysm:main_channel' : Version test of '1' from client : ACCEPTED
[13Jun2025 00:51:11.417] [Netty Epoll Server IO #6/DEBUG] [net.minecraftforge.fml.network.NetworkRegistry/NETREGISTRY]: Channel 'usefulbackpacks:curios' : Version test of '1.16.3-1' from client : ACCEPTED
[13Jun2025 00:51:11.417] [Netty Epoll Server IO #6/DEBUG] [net.minecraftforge.fml.network.NetworkRegistry/NETREGISTRY]: Channel 'fml:loginwrapper' : Version test of 'FML2' from client : ACCEPTED
[13Jun2025 00:51:11.417] [Netty Epoll Server IO #6/DEBUG] [net.minecraftforge.fml.network.NetworkRegistry/NETREGISTRY]: Channel 'tombstone:tombstone_channel' : Version test of 'tombstone-6.9.6' from client : ACCEPTED
[13Jun2025 00:51:11.417] [Netty Epoll Server IO #6/DEBUG] [net.minecraftforge.fml.network.NetworkRegistry/NETREGISTRY]: Channel 'mowziesmobs:net' : Version test of '1' from client : ACCEPTED
[13Jun2025 00:51:11.417] [Netty Epoll Server IO #6/DEBUG] [net.minecraftforge.fml.network.NetworkRegistry/NETREGISTRY]: Channel 'relics:network' : Version test of '1.0' from client : ACCEPTED
[13Jun2025 00:51:11.417] [Netty Epoll Server IO #6/DEBUG] [net.minecraftforge.fml.network.NetworkRegistry/NETREGISTRY]: Channel 'fml:play' : Version test of 'FML2' from client : ACCEPTED
[13Jun2025 00:51:11.418] [Netty Epoll Server IO #6/DEBUG] [net.minecraftforge.fml.network.NetworkRegistry/NETREGISTRY]: Channel 'paraglider:master' : Version test of '1.0' from client : ACCEPTED
[13Jun2025 00:51:11.418] [Netty Epoll Server IO #6/DEBUG] [net.minecraftforge.fml.network.NetworkRegistry/NETREGISTRY]: Channel 'uteamcore:network' : Version test of '1.16.5-1' from client : ACCEPTED
[13Jun2025 00:51:11.418] [Netty Epoll Server IO #6/DEBUG] [net.minecraftforge.fml.network.NetworkRegistry/NETREGISTRY]: Channel 'artifacts:main' : Version test of '1' from client : ACCEPTED
[13Jun2025 00:51:11.418] [Netty Epoll Server IO #6/DEBUG] [net.minecraftforge.fml.network.NetworkRegistry/NETREGISTRY]: Channel 'fml:handshake' : Version test of 'FML2' from client : ACCEPTED
[13Jun2025 00:51:11.418] [Netty Epoll Server IO #6/DEBUG] [net.minecraftforge.fml.network.NetworkRegistry/NETREGISTRY]: Channel 'ironchest:network' : Version test of '1' from client : ACCEPTED
[13Jun2025 00:51:11.418] [Netty Epoll Server IO #6/DEBUG] [net.minecraftforge.fml.network.NetworkRegistry/NETREGISTRY]: Channel 'waila:networking' : Version test of '1.0.0' from client : ACCEPTED
[13Jun2025 00:51:11.418] [Netty Epoll Server IO #6/DEBUG] [net.minecraftforge.fml.network.NetworkRegistry/NETREGISTRY]: Channel 'spartanweaponry:network' : Version test of '1' from client : ACCEPTED
[13Jun2025 00:51:11.418] [Netty Epoll Server IO #6/DEBUG] [net.minecraftforge.fml.network.NetworkRegistry/NETREGISTRY]: Channel 'geckolib3:main' : Version test of '0' from client : ACCEPTED
[13Jun2025 00:51:11.418] [Netty Epoll Server IO #6/DEBUG] [net.minecraftforge.fml.network.NetworkRegistry/NETREGISTRY]: Channel 'elevatorid:main_channel' : Version test of '1' from client : ACCEPTED
[13Jun2025 00:51:11.418] [Netty Epoll Server IO #6/DEBUG] [net.minecraftforge.fml.network.NetworkRegistry/NETREGISTRY]: Channel 'minecraft:register' : Version test of 'FML2' from client : ACCEPTED
[13Jun2025 00:51:11.418] [Netty Epoll Server IO #6/DEBUG] [net.minecraftforge.fml.network.NetworkRegistry/NETREGISTRY]: Channel 'forge:split' : Version test of '1.0' from client : ACCEPTED
[13Jun2025 00:51:11.418] [Netty Epoll Server IO #6/DEBUG] [net.minecraftforge.fml.network.NetworkRegistry/NETREGISTRY]: Channel 'waystones:network' : Version test of '1.0' from client : ACCEPTED
[13Jun2025 00:51:11.418] [Netty Epoll Server IO #6/DEBUG] [net.minecraftforge.fml.network.NetworkRegistry/NETREGISTRY]: Accepting channel list from client
[13Jun2025 00:51:11.418] [Netty Epoll Server IO #6/DEBUG] [net.minecraftforge.fml.network.FMLHandshakeHandler/FMLHANDSHAKE]: Accepted client connection mod list
[13Jun2025 00:51:11.452] [Netty Epoll Server IO #6/DEBUG] [net.minecraftforge.fml.network.FMLLoginWrapper/FMLHANDSHAKE]: Recieved login wrapper packet event for channel fml:handshake with index 1
[13Jun2025 00:51:11.453] [Netty Epoll Server IO #6/DEBUG] [net.minecraftforge.fml.network.FMLHandshakeHandler/FMLHANDSHAKE]: Received client indexed reply 1 of type net.minecraftforge.fml.network.FMLHandshakeMessages$C2SAcknowledge
[13Jun2025 00:51:11.453] [Netty Epoll Server IO #6/DEBUG] [net.minecraftforge.fml.network.FMLHandshakeHandler/FMLHANDSHAKE]: Received acknowledgement from client
[13Jun2025 00:51:11.457] [Server thread/DEBUG] [net.minecraftforge.fml.network.FMLHandshakeHandler/FMLHANDSHAKE]: Sending ticking packet info 'Registry minecraft:item' to 'fml:handshake' sequence 5
[13Jun2025 00:51:11.504] [Server thread/DEBUG] [net.minecraftforge.fml.network.FMLHandshakeHandler/FMLHANDSHAKE]: Sending ticking packet info 'Registry minecraft:potion' to 'fml:handshake' sequence 6
[13Jun2025 00:51:11.553] [Server thread/DEBUG] [net.minecraftforge.fml.network.FMLHandshakeHandler/FMLHANDSHAKE]: Sending ticking packet info 'Registry minecraft:block_entity_type' to 'fml:handshake' sequence 7
[13Jun2025 00:51:11.603] [Server thread/DEBUG] [net.minecraftforge.fml.network.FMLHandshakeHandler/FMLHANDSHAKE]: Sending ticking packet info 'Registry minecraft:block' to 'fml:handshake' sequence 8
[13Jun2025 00:51:11.655] [Server thread/DEBUG] [net.minecraftforge.fml.network.FMLHandshakeHandler/FMLHANDSHAKE]: Sending ticking packet info 'Registry minecraft:data_serializers' to 'fml:handshake' sequence 9
[13Jun2025 00:51:11.704] [Server thread/DEBUG] [net.minecraftforge.fml.network.FMLHandshakeHandler/FMLHANDSHAKE]: Sending ticking packet info 'Registry minecraft:mob_effect' to 'fml:handshake' sequence 10
[13Jun2025 00:51:11.754] [Server thread/DEBUG] [net.minecraftforge.fml.network.FMLHandshakeHandler/FMLHANDSHAKE]: Sending ticking packet info 'Registry minecraft:stat_type' to 'fml:handshake' sequence 11
[13Jun2025 00:51:11.809] [Server thread/DEBUG] [net.minecraftforge.fml.network.FMLHandshakeHandler/FMLHANDSHAKE]: Sending ticking packet info 'Registry tombstone:perks' to 'fml:handshake' sequence 12
[13Jun2025 00:51:11.844] [Netty Epoll Server IO #6/DEBUG] [net.minecraftforge.fml.network.FMLLoginWrapper/FMLHANDSHAKE]: Recieved login wrapper packet event for channel fml:handshake with index 2
[13Jun2025 00:51:11.844] [Netty Epoll Server IO #6/DEBUG] [net.minecraftforge.fml.network.FMLHandshakeHandler/FMLHANDSHAKE]: Received client indexed reply 2 of type net.minecraftforge.fml.network.FMLHandshakeMessages$C2SAcknowledge
[13Jun2025 00:51:11.844] [Netty Epoll Server IO #6/DEBUG] [net.minecraftforge.fml.network.FMLHandshakeHandler/FMLHANDSHAKE]: Received acknowledgement from client
[13Jun2025 00:51:11.844] [Netty Epoll Server IO #6/DEBUG] [net.minecraftforge.fml.network.FMLLoginWrapper/FMLHANDSHAKE]: Recieved login wrapper packet event for channel fml:handshake with index 3
[13Jun2025 00:51:11.844] [Netty Epoll Server IO #6/DEBUG] [net.minecraftforge.fml.network.FMLHandshakeHandler/FMLHANDSHAKE]: Received client indexed reply 3 of type net.minecraftforge.fml.network.FMLHandshakeMessages$C2SAcknowledge
[13Jun2025 00:51:11.844] [Netty Epoll Server IO #6/DEBUG] [net.minecraftforge.fml.network.FMLHandshakeHandler/FMLHANDSHAKE]: Received acknowledgement from client
[13Jun2025 00:51:11.844] [Netty Epoll Server IO #6/DEBUG] [net.minecraftforge.fml.network.FMLLoginWrapper/FMLHANDSHAKE]: Recieved login wrapper packet event for channel fml:handshake with index 4
[13Jun2025 00:51:11.844] [Netty Epoll Server IO #6/DEBUG] [net.minecraftforge.fml.network.FMLHandshakeHandler/FMLHANDSHAKE]: Received client indexed reply 4 of type net.minecraftforge.fml.network.FMLHandshakeMessages$C2SAcknowledge
[13Jun2025 00:51:11.845] [Netty Epoll Server IO #6/DEBUG] [net.minecraftforge.fml.network.FMLHandshakeHandler/FMLHANDSHAKE]: Received acknowledgement from client
[13Jun2025 00:51:11.853] [Server thread/DEBUG] [net.minecraftforge.fml.network.FMLHandshakeHandler/FMLHANDSHAKE]: Sending ticking packet info 'Registry minecraft:menu' to 'fml:handshake' sequence 13
[13Jun2025 00:51:11.903] [Server thread/DEBUG] [net.minecraftforge.fml.network.FMLHandshakeHandler/FMLHANDSHAKE]: Sending ticking packet info 'Registry minecraft:enchantment' to 'fml:handshake' sequence 14
[13Jun2025 00:51:11.951] [Server thread/DEBUG] [net.minecraftforge.fml.network.FMLHandshakeHandler/FMLHANDSHAKE]: Sending ticking packet info 'Registry minecraft:motive' to 'fml:handshake' sequence 15
[13Jun2025 00:51:12.020] [Server thread/DEBUG] [net.minecraftforge.fml.network.FMLHandshakeHandler/FMLHANDSHAKE]: Sending ticking packet info 'Registry minecraft:fluid' to 'fml:handshake' sequence 16
[13Jun2025 00:51:12.037] [Netty Epoll Server IO #6/DEBUG] [net.minecraftforge.fml.network.FMLLoginWrapper/FMLHANDSHAKE]: Recieved login wrapper packet event for channel fml:handshake with index 5
[13Jun2025 00:51:12.037] [Netty Epoll Server IO #6/DEBUG] [net.minecraftforge.fml.network.FMLHandshakeHandler/FMLHANDSHAKE]: Received client indexed reply 5 of type net.minecraftforge.fml.network.FMLHandshakeMessages$C2SAcknowledge
[13Jun2025 00:51:12.037] [Netty Epoll Server IO #6/DEBUG] [net.minecraftforge.fml.network.FMLHandshakeHandler/FMLHANDSHAKE]: Received acknowledgement from client
[13Jun2025 00:51:12.037] [Netty Epoll Server IO #6/DEBUG] [net.minecraftforge.fml.network.FMLLoginWrapper/FMLHANDSHAKE]: Recieved login wrapper packet event for channel fml:handshake with index 6
[13Jun2025 00:51:12.037] [Netty Epoll Server IO #6/DEBUG] [net.minecraftforge.fml.network.FMLHandshakeHandler/FMLHANDSHAKE]: Received client indexed reply 6 of type net.minecraftforge.fml.network.FMLHandshakeMessages$C2SAcknowledge
[13Jun2025 00:51:12.037] [Netty Epoll Server IO #6/DEBUG] [net.minecraftforge.fml.network.FMLHandshakeHandler/FMLHANDSHAKE]: Received acknowledgement from client
[13Jun2025 00:51:12.055] [Server thread/DEBUG] [net.minecraftforge.fml.network.FMLHandshakeHandler/FMLHANDSHAKE]: Sending ticking packet info 'Registry minecraft:entity_type' to 'fml:handshake' sequence 17
[13Jun2025 00:51:12.084] [Netty Epoll Server IO #6/DEBUG] [net.minecraftforge.fml.network.FMLLoginWrapper/FMLHANDSHAKE]: Recieved login wrapper packet event for channel fml:handshake with index 7
[13Jun2025 00:51:12.084] [Netty Epoll Server IO #6/DEBUG] [net.minecraftforge.fml.network.FMLHandshakeHandler/FMLHANDSHAKE]: Received client indexed reply 7 of type net.minecraftforge.fml.network.FMLHandshakeMessages$C2SAcknowledge
[13Jun2025 00:51:12.084] [Netty Epoll Server IO #6/DEBUG] [net.minecraftforge.fml.network.FMLHandshakeHandler/FMLHANDSHAKE]: Received acknowledgement from client
[13Jun2025 00:51:12.085] [Netty Epoll Server IO #6/DEBUG] [net.minecraftforge.fml.network.FMLLoginWrapper/FMLHANDSHAKE]: Recieved login wrapper packet event for channel fml:handshake with index 8
[13Jun2025 00:51:12.085] [Netty Epoll Server IO #6/DEBUG] [net.minecraftforge.fml.network.FMLHandshakeHandler/FMLHANDSHAKE]: Received client indexed reply 8 of type net.minecraftforge.fml.network.FMLHandshakeMessages$C2SAcknowledge
[13Jun2025 00:51:12.085] [Netty Epoll Server IO #6/DEBUG] [net.minecraftforge.fml.network.FMLHandshakeHandler/FMLHANDSHAKE]: Received acknowledgement from client
[13Jun2025 00:51:12.085] [Netty Epoll Server IO #6/DEBUG] [net.minecraftforge.fml.network.FMLLoginWrapper/FMLHANDSHAKE]: Recieved login wrapper packet event for channel fml:handshake with index 9
[13Jun2025 00:51:12.085] [Netty Epoll Server IO #6/DEBUG] [net.minecraftforge.fml.network.FMLHandshakeHandler/FMLHANDSHAKE]: Received client indexed reply 9 of type net.minecraftforge.fml.network.FMLHandshakeMessages$C2SAcknowledge
[13Jun2025 00:51:12.085] [Netty Epoll Server IO #6/DEBUG] [net.minecraftforge.fml.network.FMLHandshakeHandler/FMLHANDSHAKE]: Received acknowledgement from client
[13Jun2025 00:51:12.085] [Netty Epoll Server IO #6/DEBUG] [net.minecraftforge.fml.network.FMLLoginWrapper/FMLHANDSHAKE]: Recieved login wrapper packet event for channel fml:handshake with index 10
[13Jun2025 00:51:12.086] [Netty Epoll Server IO #6/DEBUG] [net.minecraftforge.fml.network.FMLHandshakeHandler/FMLHANDSHAKE]: Received client indexed reply 10 of type net.minecraftforge.fml.network.FMLHandshakeMessages$C2SAcknowledge
[13Jun2025 00:51:12.086] [Netty Epoll Server IO #6/DEBUG] [net.minecraftforge.fml.network.FMLHandshakeHandler/FMLHANDSHAKE]: Received acknowledgement from client
[13Jun2025 00:51:12.086] [Netty Epoll Server IO #6/DEBUG] [net.minecraftforge.fml.network.FMLLoginWrapper/FMLHANDSHAKE]: Recieved login wrapper packet event for channel fml:handshake with index 11
[13Jun2025 00:51:12.086] [Netty Epoll Server IO #6/DEBUG] [net.minecraftforge.fml.network.FMLHandshakeHandler/FMLHANDSHAKE]: Received client indexed reply 11 of type net.minecraftforge.fml.network.FMLHandshakeMessages$C2SAcknowledge
[13Jun2025 00:51:12.086] [Netty Epoll Server IO #6/DEBUG] [net.minecraftforge.fml.network.FMLHandshakeHandler/FMLHANDSHAKE]: Received acknowledgement from client
[13Jun2025 00:51:12.086] [Netty Epoll Server IO #6/DEBUG] [net.minecraftforge.fml.network.FMLLoginWrapper/FMLHANDSHAKE]: Recieved login wrapper packet event for channel fml:handshake with index 12
[13Jun2025 00:51:12.086] [Netty Epoll Server IO #6/DEBUG] [net.minecraftforge.fml.network.FMLHandshakeHandler/FMLHANDSHAKE]: Received client indexed reply 12 of type net.minecraftforge.fml.network.FMLHandshakeMessages$C2SAcknowledge
[13Jun2025 00:51:12.086] [Netty Epoll Server IO #6/DEBUG] [net.minecraftforge.fml.network.FMLHandshakeHandler/FMLHANDSHAKE]: Received acknowledgement from client
[13Jun2025 00:51:12.086] [Netty Epoll Server IO #6/DEBUG] [net.minecraftforge.fml.network.FMLLoginWrapper/FMLHANDSHAKE]: Recieved login wrapper packet event for channel fml:handshake with index 13
[13Jun2025 00:51:12.086] [Netty Epoll Server IO #6/DEBUG] [net.minecraftforge.fml.network.FMLHandshakeHandler/FMLHANDSHAKE]: Received client indexed reply 13 of type net.minecraftforge.fml.network.FMLHandshakeMessages$C2SAcknowledge
[13Jun2025 00:51:12.086] [Netty Epoll Server IO #6/DEBUG] [net.minecraftforge.fml.network.FMLHandshakeHandler/FMLHANDSHAKE]: Received acknowledgement from client
[13Jun2025 00:51:12.097] [Netty Epoll Server IO #6/DEBUG] [net.minecraftforge.fml.network.FMLLoginWrapper/FMLHANDSHAKE]: Recieved login wrapper packet event for channel fml:handshake with index 14
[13Jun2025 00:51:12.097] [Netty Epoll Server IO #6/DEBUG] [net.minecraftforge.fml.network.FMLHandshakeHandler/FMLHANDSHAKE]: Received client indexed reply 14 of type net.minecraftforge.fml.network.FMLHandshakeMessages$C2SAcknowledge
[13Jun2025 00:51:12.097] [Netty Epoll Server IO #6/DEBUG] [net.minecraftforge.fml.network.FMLHandshakeHandler/FMLHANDSHAKE]: Received acknowledgement from client
[13Jun2025 00:51:12.103] [Server thread/DEBUG] [net.minecraftforge.fml.network.FMLHandshakeHandler/FMLHANDSHAKE]: Sending ticking packet info 'Config /workspaces/franco-es-de-cerro-xd/servidor_minecraft/config/waystones-server.toml' to 'fml:handshake' sequence 18
[13Jun2025 00:51:12.146] [Netty Epoll Server IO #6/DEBUG] [net.minecraftforge.fml.network.FMLLoginWrapper/FMLHANDSHAKE]: Recieved login wrapper packet event for channel fml:handshake with index 15
[13Jun2025 00:51:12.146] [Netty Epoll Server IO #6/DEBUG] [net.minecraftforge.fml.network.FMLHandshakeHandler/FMLHANDSHAKE]: Received client indexed reply 15 of type net.minecraftforge.fml.network.FMLHandshakeMessages$C2SAcknowledge
[13Jun2025 00:51:12.146] [Netty Epoll Server IO #6/DEBUG] [net.minecraftforge.fml.network.FMLHandshakeHandler/FMLHANDSHAKE]: Received acknowledgement from client
[13Jun2025 00:51:12.155] [Server thread/DEBUG] [net.minecraftforge.fml.network.FMLHandshakeHandler/FMLHANDSHAKE]: Sending ticking packet info 'Config curios-server.toml' to 'fml:handshake' sequence 19
[13Jun2025 00:51:12.205] [Server thread/DEBUG] [net.minecraftforge.fml.network.FMLHandshakeHandler/FMLHANDSHAKE]: Sending ticking packet info 'Config carryon-server.toml' to 'fml:handshake' sequence 20
[13Jun2025 00:51:12.216] [Netty Epoll Server IO #6/DEBUG] [net.minecraftforge.fml.network.FMLLoginWrapper/FMLHANDSHAKE]: Recieved login wrapper packet event for channel fml:handshake with index 16
[13Jun2025 00:51:12.216] [Netty Epoll Server IO #6/DEBUG] [net.minecraftforge.fml.network.FMLHandshakeHandler/FMLHANDSHAKE]: Received client indexed reply 16 of type net.minecraftforge.fml.network.FMLHandshakeMessages$C2SAcknowledge
[13Jun2025 00:51:12.216] [Netty Epoll Server IO #6/DEBUG] [net.minecraftforge.fml.network.FMLHandshakeHandler/FMLHANDSHAKE]: Received acknowledgement from client
[13Jun2025 00:51:12.252] [Server thread/DEBUG] [net.minecraftforge.fml.network.FMLHandshakeHandler/FMLHANDSHAKE]: Sending ticking packet info 'Config paraglider-server.toml' to 'fml:handshake' sequence 21
[13Jun2025 00:51:12.305] [Server thread/DEBUG] [net.minecraftforge.fml.network.FMLHandshakeHandler/FMLHANDSHAKE]: Sending ticking packet info 'Config artifacts-server.toml' to 'fml:handshake' sequence 22
[13Jun2025 00:51:12.352] [Server thread/DEBUG] [net.minecraftforge.fml.network.FMLHandshakeHandler/FMLHANDSHAKE]: Sending ticking packet info 'Config tombstone-server.toml' to 'fml:handshake' sequence 23
[13Jun2025 00:51:12.403] [Server thread/DEBUG] [net.minecraftforge.fml.network.FMLHandshakeHandler/FMLHANDSHAKE]: Sending ticking packet info 'Config elevatorid-server.toml' to 'fml:handshake' sequence 24
[13Jun2025 00:51:12.452] [Server thread/DEBUG] [net.minecraftforge.fml.network.FMLHandshakeHandler/FMLHANDSHAKE]: Sending ticking packet info 'Config usefulbackpacks-server.toml' to 'fml:handshake' sequence 25
[13Jun2025 00:51:12.516] [Server thread/DEBUG] [net.minecraftforge.fml.network.FMLHandshakeHandler/FMLHANDSHAKE]: Sending ticking packet info 'Config cofh_core-server.toml' to 'fml:handshake' sequence 26
[13Jun2025 00:51:12.562] [Server thread/DEBUG] [net.minecraftforge.fml.network.FMLHandshakeHandler/FMLHANDSHAKE]: Sending ticking packet info 'Config forge-server.toml' to 'fml:handshake' sequence 27
[13Jun2025 00:51:12.590] [Netty Epoll Server IO #6/DEBUG] [net.minecraftforge.fml.network.FMLLoginWrapper/FMLHANDSHAKE]: Recieved login wrapper packet event for channel fml:handshake with index 17
[13Jun2025 00:51:12.590] [Netty Epoll Server IO #6/DEBUG] [net.minecraftforge.fml.network.FMLHandshakeHandler/FMLHANDSHAKE]: Received client indexed reply 17 of type net.minecraftforge.fml.network.FMLHandshakeMessages$C2SAcknowledge
[13Jun2025 00:51:12.590] [Netty Epoll Server IO #6/DEBUG] [net.minecraftforge.fml.network.FMLHandshakeHandler/FMLHANDSHAKE]: Received acknowledgement from client
[13Jun2025 00:51:12.590] [Netty Epoll Server IO #6/DEBUG] [net.minecraftforge.fml.network.FMLLoginWrapper/FMLHANDSHAKE]: Recieved login wrapper packet event for channel fml:handshake with index 18
[13Jun2025 00:51:12.590] [Netty Epoll Server IO #6/DEBUG] [net.minecraftforge.fml.network.FMLHandshakeHandler/FMLHANDSHAKE]: Received client indexed reply 18 of type net.minecraftforge.fml.network.FMLHandshakeMessages$C2SAcknowledge
[13Jun2025 00:51:12.590] [Netty Epoll Server IO #6/DEBUG] [net.minecraftforge.fml.network.FMLHandshakeHandler/FMLHANDSHAKE]: Received acknowledgement from client
[13Jun2025 00:51:12.591] [Netty Epoll Server IO #6/DEBUG] [net.minecraftforge.fml.network.FMLLoginWrapper/FMLHANDSHAKE]: Recieved login wrapper packet event for channel fml:handshake with index 19
[13Jun2025 00:51:12.591] [Netty Epoll Server IO #6/DEBUG] [net.minecraftforge.fml.network.FMLHandshakeHandler/FMLHANDSHAKE]: Received client indexed reply 19 of type net.minecraftforge.fml.network.FMLHandshakeMessages$C2SAcknowledge
[13Jun2025 00:51:12.591] [Netty Epoll Server IO #6/DEBUG] [net.minecraftforge.fml.network.FMLHandshakeHandler/FMLHANDSHAKE]: Received acknowledgement from client
[13Jun2025 00:51:12.594] [Netty Epoll Server IO #6/DEBUG] [net.minecraftforge.fml.network.FMLLoginWrapper/FMLHANDSHAKE]: Recieved login wrapper packet event for channel fml:handshake with index 20
[13Jun2025 00:51:12.594] [Netty Epoll Server IO #6/DEBUG] [net.minecraftforge.fml.network.FMLHandshakeHandler/FMLHANDSHAKE]: Received client indexed reply 20 of type net.minecraftforge.fml.network.FMLHandshakeMessages$C2SAcknowledge
[13Jun2025 00:51:12.595] [Netty Epoll Server IO #6/DEBUG] [net.minecraftforge.fml.network.FMLHandshakeHandler/FMLHANDSHAKE]: Received acknowledgement from client
[13Jun2025 00:51:12.597] [Netty Epoll Server IO #6/DEBUG] [net.minecraftforge.fml.network.FMLLoginWrapper/FMLHANDSHAKE]: Recieved login wrapper packet event for channel fml:handshake with index 21
[13Jun2025 00:51:12.597] [Netty Epoll Server IO #6/DEBUG] [net.minecraftforge.fml.network.FMLHandshakeHandler/FMLHANDSHAKE]: Received client indexed reply 21 of type net.minecraftforge.fml.network.FMLHandshakeMessages$C2SAcknowledge
[13Jun2025 00:51:12.597] [Netty Epoll Server IO #6/DEBUG] [net.minecraftforge.fml.network.FMLHandshakeHandler/FMLHANDSHAKE]: Received acknowledgement from client
[13Jun2025 00:51:12.600] [Netty Epoll Server IO #6/DEBUG] [net.minecraftforge.fml.network.FMLLoginWrapper/FMLHANDSHAKE]: Recieved login wrapper packet event for channel fml:handshake with index 22
[13Jun2025 00:51:12.600] [Netty Epoll Server IO #6/DEBUG] [net.minecraftforge.fml.network.FMLHandshakeHandler/FMLHANDSHAKE]: Received client indexed reply 22 of type net.minecraftforge.fml.network.FMLHandshakeMessages$C2SAcknowledge
[13Jun2025 00:51:12.600] [Netty Epoll Server IO #6/DEBUG] [net.minecraftforge.fml.network.FMLHandshakeHandler/FMLHANDSHAKE]: Received acknowledgement from client
[13Jun2025 00:51:12.601] [Netty Epoll Server IO #6/DEBUG] [net.minecraftforge.fml.network.FMLLoginWrapper/FMLHANDSHAKE]: Recieved login wrapper packet event for channel fml:handshake with index 23
[13Jun2025 00:51:12.601] [Netty Epoll Server IO #6/DEBUG] [net.minecraftforge.fml.network.FMLHandshakeHandler/FMLHANDSHAKE]: Received client indexed reply 23 of type net.minecraftforge.fml.network.FMLHandshakeMessages$C2SAcknowledge
[13Jun2025 00:51:12.601] [Netty Epoll Server IO #6/DEBUG] [net.minecraftforge.fml.network.FMLHandshakeHandler/FMLHANDSHAKE]: Received acknowledgement from client
[13Jun2025 00:51:12.601] [Netty Epoll Server IO #6/DEBUG] [net.minecraftforge.fml.network.FMLLoginWrapper/FMLHANDSHAKE]: Recieved login wrapper packet event for channel fml:handshake with index 24
[13Jun2025 00:51:12.601] [Netty Epoll Server IO #6/DEBUG] [net.minecraftforge.fml.network.FMLHandshakeHandler/FMLHANDSHAKE]: Received client indexed reply 24 of type net.minecraftforge.fml.network.FMLHandshakeMessages$C2SAcknowledge
[13Jun2025 00:51:12.602] [Netty Epoll Server IO #6/DEBUG] [net.minecraftforge.fml.network.FMLHandshakeHandler/FMLHANDSHAKE]: Received acknowledgement from client
[13Jun2025 00:51:12.606] [Server thread/DEBUG] [net.minecraftforge.fml.network.FMLHandshakeHandler/FMLHANDSHAKE]: Sending ticking packet info 'Config archers_paradox-server.toml' to 'fml:handshake' sequence 28
[13Jun2025 00:51:12.648] [Netty Epoll Server IO #6/DEBUG] [net.minecraftforge.fml.network.FMLLoginWrapper/FMLHANDSHAKE]: Recieved login wrapper packet event for channel fml:handshake with index 25
[13Jun2025 00:51:12.648] [Netty Epoll Server IO #6/DEBUG] [net.minecraftforge.fml.network.FMLHandshakeHandler/FMLHANDSHAKE]: Received client indexed reply 25 of type net.minecraftforge.fml.network.FMLHandshakeMessages$C2SAcknowledge
[13Jun2025 00:51:12.648] [Netty Epoll Server IO #6/DEBUG] [net.minecraftforge.fml.network.FMLHandshakeHandler/FMLHANDSHAKE]: Received acknowledgement from client
[13Jun2025 00:51:12.653] [Server thread/DEBUG] [net.minecraftforge.fml.network.FMLHandshakeHandler/FMLHANDSHAKE]: Sending ticking packet info 'Config jei-server.toml' to 'fml:handshake' sequence 29
[13Jun2025 00:51:12.712] [Netty Epoll Server IO #6/DEBUG] [net.minecraftforge.fml.network.FMLLoginWrapper/FMLHANDSHAKE]: Recieved login wrapper packet event for channel fml:handshake with index 26
[13Jun2025 00:51:12.712] [Netty Epoll Server IO #6/DEBUG] [net.minecraftforge.fml.network.FMLHandshakeHandler/FMLHANDSHAKE]: Received client indexed reply 26 of type net.minecraftforge.fml.network.FMLHandshakeMessages$C2SAcknowledge
[13Jun2025 00:51:12.712] [Netty Epoll Server IO #6/DEBUG] [net.minecraftforge.fml.network.FMLHandshakeHandler/FMLHANDSHAKE]: Received acknowledgement from client
[13Jun2025 00:51:12.758] [Netty Epoll Server IO #6/DEBUG] [net.minecraftforge.fml.network.FMLLoginWrapper/FMLHANDSHAKE]: Recieved login wrapper packet event for channel fml:handshake with index 27
[13Jun2025 00:51:12.758] [Netty Epoll Server IO #6/DEBUG] [net.minecraftforge.fml.network.FMLHandshakeHandler/FMLHANDSHAKE]: Received client indexed reply 27 of type net.minecraftforge.fml.network.FMLHandshakeMessages$C2SAcknowledge
[13Jun2025 00:51:12.758] [Netty Epoll Server IO #6/DEBUG] [net.minecraftforge.fml.network.FMLHandshakeHandler/FMLHANDSHAKE]: Received acknowledgement from client
[13Jun2025 00:51:12.802] [Netty Epoll Server IO #6/DEBUG] [net.minecraftforge.fml.network.FMLLoginWrapper/FMLHANDSHAKE]: Recieved login wrapper packet event for channel fml:handshake with index 28
[13Jun2025 00:51:12.802] [Netty Epoll Server IO #6/DEBUG] [net.minecraftforge.fml.network.FMLHandshakeHandler/FMLHANDSHAKE]: Received client indexed reply 28 of type net.minecraftforge.fml.network.FMLHandshakeMessages$C2SAcknowledge
[13Jun2025 00:51:12.802] [Netty Epoll Server IO #6/DEBUG] [net.minecraftforge.fml.network.FMLHandshakeHandler/FMLHANDSHAKE]: Received acknowledgement from client
[13Jun2025 00:51:12.849] [Netty Epoll Server IO #6/DEBUG] [net.minecraftforge.fml.network.FMLLoginWrapper/FMLHANDSHAKE]: Recieved login wrapper packet event for channel fml:handshake with index 29
[13Jun2025 00:51:12.849] [Netty Epoll Server IO #6/DEBUG] [net.minecraftforge.fml.network.FMLHandshakeHandler/FMLHANDSHAKE]: Received client indexed reply 29 of type net.minecraftforge.fml.network.FMLHandshakeMessages$C2SAcknowledge
[13Jun2025 00:51:12.849] [Netty Epoll Server IO #6/DEBUG] [net.minecraftforge.fml.network.FMLHandshakeHandler/FMLHANDSHAKE]: Received acknowledgement from client
[13Jun2025 00:51:12.858] [Server thread/DEBUG] [net.minecraftforge.fml.network.FMLHandshakeHandler/FMLHANDSHAKE]: Handshake complete!
[13Jun2025 00:51:12.934] [Server thread/INFO] [net.minecraftforge.common.AdvancementLoadFix/]: Using new advancement loading for net.minecraft.advancements.PlayerAdvancements@df4fc63
[13Jun2025 00:51:12.949] [Server thread/INFO] [net.minecraft.server.management.PlayerList/]: Fabrioreos[/100.106.168.72:57257] logged in with entity id 1731 at (1055.68612700497, 64.0, -2020.5068679220592)
[13Jun2025 00:51:12.950] [Server thread/DEBUG] [net.minecraftforge.network.NetworkFilters/]: Injected net.minecraftforge.network.ForgeConnectionNetworkFilter@6f95a161 into net.minecraft.network.NetworkManager@db56eec
[13Jun2025 00:51:12.952] [Server thread/INFO] [net.minecraft.server.dedicated.DedicatedServer/]: Fabrioreos joined the game
[13Jun2025 00:51:12.989] [Server thread/INFO] [Waila/]: Syncing config to Fabrioreos (7d4ac431-ff3f-3f0b-8be5-35cee69540cb)
[13Jun2025 00:51:12.991] [Server thread/INFO] [antiqueatlas/]: Sent markers data #-1 to player Fabrioreos
[13Jun2025 00:51:12.991] [Server thread/INFO] [antiqueatlas/]: Sent custom biome data to player Fabrioreos
[13Jun2025 00:51:12.991] [Server thread/INFO] [antiqueatlas/]: Sent custom biome data to player Fabrioreos
[13Jun2025 00:51:12.992] [Server thread/INFO] [antiqueatlas/]: Sent custom biome data to player Fabrioreos
[13Jun2025 00:51:12.993] [Server thread/INFO] [antiqueatlas/]: Sent custom biome data to player Fabrioreos
[13Jun2025 00:51:13.009] [Server thread/INFO] [antiqueatlas/]: Sending dimension #ResourceKey[minecraft:dimension / minecraft:overworld]
[13Jun2025 00:51:13.016] [Server thread/INFO] [antiqueatlas/]: Sent dimension #ResourceKey[minecraft:dimension / minecraft:overworld] (199 tiles)
[13Jun2025 00:51:13.016] [Server thread/INFO] [antiqueatlas/]: Sent Atlas #2 data to player Fabrioreos
[13Jun2025 00:51:13.019] [Server thread/INFO] [antiqueatlas/]: Sent markers data #2 to player Fabrioreos
[13Jun2025 00:51:20.620] [Server thread/DEBUG] [Spartan Weaponry/]: Intercepted PlayerEntity.getHeldItem() method!
[13Jun2025 00:51:20.621] [Server thread/DEBUG] [Spartan Weaponry/]: Intercepted EnchantmentHelper.getSweepingDamageRatio() method!
[13Jun2025 00:51:21.415] [Server thread/DEBUG] [Spartan Weaponry/]: Intercepted PlayerEntity.getHeldItem() method!
[13Jun2025 00:51:21.415] [Server thread/DEBUG] [Spartan Weaponry/]: Intercepted EnchantmentHelper.getSweepingDamageRatio() method!
[13Jun2025 00:51:22.213] [Server thread/DEBUG] [Spartan Weaponry/]: Intercepted PlayerEntity.getHeldItem() method!
[13Jun2025 00:51:22.213] [Server thread/DEBUG] [Spartan Weaponry/]: Intercepted EnchantmentHelper.getSweepingDamageRatio() method!
[13Jun2025 00:51:23.272] [Server thread/DEBUG] [Spartan Weaponry/]: Intercepted PlayerEntity.getHeldItem() method!
[13Jun2025 00:51:23.276] [Server thread/DEBUG] [Spartan Weaponry/]: Intercepted EnchantmentHelper.getSweepingDamageRatio() method!
[13Jun2025 00:51:24.269] [Server thread/DEBUG] [Spartan Weaponry/]: Intercepted PlayerEntity.getHeldItem() method!
[13Jun2025 00:51:24.270] [Server thread/DEBUG] [Spartan Weaponry/]: Intercepted EnchantmentHelper.getSweepingDamageRatio() method!
[13Jun2025 00:51:25.061] [Server thread/DEBUG] [Spartan Weaponry/]: Intercepted PlayerEntity.getHeldItem() method!
[13Jun2025 00:51:25.063] [Server thread/DEBUG] [Spartan Weaponry/]: Intercepted EnchantmentHelper.getSweepingDamageRatio() method!
[13Jun2025 00:51:25.767] [Server thread/DEBUG] [Spartan Weaponry/]: Intercepted PlayerEntity.getHeldItem() method!
[13Jun2025 00:51:25.767] [Server thread/DEBUG] [Spartan Weaponry/]: Intercepted EnchantmentHelper.getSweepingDamageRatio() method!
[13Jun2025 00:51:26.665] [Server thread/DEBUG] [Spartan Weaponry/]: Intercepted PlayerEntity.getHeldItem() method!
[13Jun2025 00:51:26.666] [Server thread/DEBUG] [Spartan Weaponry/]: Intercepted EnchantmentHelper.getSweepingDamageRatio() method!
[13Jun2025 00:51:27.452] [Server thread/DEBUG] [Spartan Weaponry/]: Intercepted PlayerEntity.getHeldItem() method!
[13Jun2025 00:51:27.453] [Server thread/DEBUG] [Spartan Weaponry/]: Intercepted EnchantmentHelper.getSweepingDamageRatio() method!
[13Jun2025 00:51:28.162] [Server thread/DEBUG] [Spartan Weaponry/]: Intercepted PlayerEntity.getHeldItem() method!
[13Jun2025 00:51:28.163] [Server thread/DEBUG] [Spartan Weaponry/]: Intercepted EnchantmentHelper.getSweepingDamageRatio() method!
[13Jun2025 00:51:48.385] [Server thread/DEBUG] [Spartan Weaponry/]: Intercepted PlayerEntity.getHeldItem() method!
[13Jun2025 00:51:48.385] [Server thread/DEBUG] [Spartan Weaponry/]: Intercepted EnchantmentHelper.getSweepingDamageRatio() method!
[13Jun2025 00:51:48.956] [Server thread/DEBUG] [Spartan Weaponry/]: Intercepted PlayerEntity.getHeldItem() method!
[13Jun2025 00:51:48.957] [Server thread/DEBUG] [Spartan Weaponry/]: Intercepted EnchantmentHelper.getSweepingDamageRatio() method!
[13Jun2025 00:51:50.460] [Server thread/DEBUG] [Spartan Weaponry/]: Intercepted PlayerEntity.getHeldItem() method!
[13Jun2025 00:51:50.462] [Server thread/DEBUG] [Spartan Weaponry/]: Intercepted EnchantmentHelper.getSweepingDamageRatio() method!
[13Jun2025 00:51:56.312] [Server thread/DEBUG] [Spartan Weaponry/]: Intercepted PlayerEntity.getHeldItem() method!
[13Jun2025 00:51:56.312] [Server thread/DEBUG] [Spartan Weaponry/]: Intercepted EnchantmentHelper.getSweepingDamageRatio() method!
[13Jun2025 00:51:56.858] [Server thread/DEBUG] [Spartan Weaponry/]: Intercepted PlayerEntity.getHeldItem() method!
[13Jun2025 00:51:56.859] [Server thread/DEBUG] [Spartan Weaponry/]: Intercepted EnchantmentHelper.getSweepingDamageRatio() method!
[13Jun2025 00:51:58.406] [Server thread/DEBUG] [Spartan Weaponry/]: Intercepted PlayerEntity.getHeldItem() method!
[13Jun2025 00:51:58.407] [Server thread/DEBUG] [Spartan Weaponry/]: Intercepted EnchantmentHelper.getSweepingDamageRatio() method!
[13Jun2025 00:52:56.826] [Server thread/WARN] [net.minecraft.network.play.ServerPlayNetHandler/]: chocolinpy moved wrongly!
[13Jun2025 00:53:28.612] [Server thread/INFO] [antiqueatlas/]: Saving local markers data to NBT
[13Jun2025 00:53:29.270] [Server thread/ERROR] [net.minecraft.world.storage.ServerWorldInfo/]: WorldGenSettings: Value -1 outside of range [0:4096]
[13Jun2025 00:53:29.273] [Server thread/DEBUG] [net.minecraftforge.fml.FMLWorldPersistenceHook/WP]: Gathering id map for writing to world save world
[13Jun2025 00:53:29.282] [Server thread/DEBUG] [net.minecraftforge.fml.FMLWorldPersistenceHook/WP]: ID Map collection complete world
[13Jun2025 00:56:09.783] [Server thread/DEBUG] [Spartan Weaponry/]: Intercepted PlayerEntity.getHeldItem() method!
[13Jun2025 00:56:09.784] [Server thread/DEBUG] [Spartan Weaponry/]: Intercepted EnchantmentHelper.getSweepingDamageRatio() method!
[13Jun2025 00:56:11.729] [Server thread/DEBUG] [Spartan Weaponry/]: Intercepted PlayerEntity.getHeldItem() method!
[13Jun2025 00:56:11.730] [Server thread/DEBUG] [Spartan Weaponry/]: Intercepted EnchantmentHelper.getSweepingDamageRatio() method!
[13Jun2025 00:56:13.332] [Server thread/DEBUG] [Spartan Weaponry/]: Intercepted PlayerEntity.getHeldItem() method!
[13Jun2025 00:56:13.332] [Server thread/DEBUG] [Spartan Weaponry/]: Intercepted EnchantmentHelper.getSweepingDamageRatio() method!
[13Jun2025 00:56:13.357] [Server thread/DEBUG] [Spartan Weaponry/]: Player collision with arrow entity intercepted!
[13Jun2025 00:56:13.409] [Server thread/DEBUG] [Spartan Weaponry/]: Player collision with arrow entity intercepted!
[13Jun2025 00:56:13.480] [Server thread/DEBUG] [Spartan Weaponry/]: Player collision with arrow entity intercepted!
[13Jun2025 00:56:13.511] [Server thread/DEBUG] [Spartan Weaponry/]: Player collision with arrow entity intercepted!
[13Jun2025 00:56:13.568] [Server thread/DEBUG] [Spartan Weaponry/]: Player collision with arrow entity intercepted!
[13Jun2025 00:56:13.608] [Server thread/DEBUG] [Spartan Weaponry/]: Player collision with arrow entity intercepted!
[13Jun2025 00:56:13.608] [Server thread/DEBUG] [Spartan Weaponry/]: Player collision with arrow entity intercepted!
[13Jun2025 00:56:13.662] [Server thread/DEBUG] [Spartan Weaponry/]: Player collision with arrow entity intercepted!
[13Jun2025 00:56:13.662] [Server thread/DEBUG] [Spartan Weaponry/]: Player collision with arrow entity intercepted!
[13Jun2025 00:56:13.662] [Server thread/DEBUG] [Spartan Weaponry/]: Player collision with arrow entity intercepted!
[13Jun2025 00:56:13.708] [Server thread/DEBUG] [Spartan Weaponry/]: Player collision with arrow entity intercepted!
[13Jun2025 00:56:13.708] [Server thread/DEBUG] [Spartan Weaponry/]: Player collision with arrow entity intercepted!
[13Jun2025 00:56:13.708] [Server thread/DEBUG] [Spartan Weaponry/]: Player collision with arrow entity intercepted!
[13Jun2025 00:56:13.760] [Server thread/DEBUG] [Spartan Weaponry/]: Player collision with arrow entity intercepted!
[13Jun2025 00:56:13.760] [Server thread/DEBUG] [Spartan Weaponry/]: Player collision with arrow entity intercepted!
[13Jun2025 00:56:13.760] [Server thread/DEBUG] [Spartan Weaponry/]: Player collision with arrow entity intercepted!
[13Jun2025 00:56:13.809] [Server thread/DEBUG] [Spartan Weaponry/]: Player collision with arrow entity intercepted!
[13Jun2025 00:56:13.809] [Server thread/DEBUG] [Spartan Weaponry/]: Player collision with arrow entity intercepted!
[13Jun2025 00:56:13.809] [Server thread/DEBUG] [Spartan Weaponry/]: Player collision with arrow entity intercepted!
[13Jun2025 00:56:13.860] [Server thread/DEBUG] [Spartan Weaponry/]: Player collision with arrow entity intercepted!
[13Jun2025 00:56:13.860] [Server thread/DEBUG] [Spartan Weaponry/]: Player collision with arrow entity intercepted!
[13Jun2025 00:56:13.860] [Server thread/DEBUG] [Spartan Weaponry/]: Player collision with arrow entity intercepted!
[13Jun2025 00:56:13.911] [Server thread/DEBUG] [Spartan Weaponry/]: Player collision with arrow entity intercepted!
[13Jun2025 00:56:13.911] [Server thread/DEBUG] [Spartan Weaponry/]: Player collision with arrow entity intercepted!
[13Jun2025 00:56:13.911] [Server thread/DEBUG] [Spartan Weaponry/]: Player collision with arrow entity intercepted!
[13Jun2025 00:56:13.961] [Server thread/DEBUG] [Spartan Weaponry/]: Player collision with arrow entity intercepted!
[13Jun2025 00:56:13.961] [Server thread/DEBUG] [Spartan Weaponry/]: Player collision with arrow entity intercepted!
[13Jun2025 00:56:13.961] [Server thread/DEBUG] [Spartan Weaponry/]: Player collision with arrow entity intercepted!
[13Jun2025 00:56:14.013] [Server thread/DEBUG] [Spartan Weaponry/]: Player collision with arrow entity intercepted!
[13Jun2025 00:56:14.013] [Server thread/DEBUG] [Spartan Weaponry/]: Player collision with arrow entity intercepted!
[13Jun2025 00:56:14.013] [Server thread/DEBUG] [Spartan Weaponry/]: Player collision with arrow entity intercepted!
[13Jun2025 00:56:14.059] [Server thread/DEBUG] [Spartan Weaponry/]: Player collision with arrow entity intercepted!
[13Jun2025 00:56:14.059] [Server thread/DEBUG] [Spartan Weaponry/]: Player collision with arrow entity intercepted!
[13Jun2025 00:56:14.059] [Server thread/DEBUG] [Spartan Weaponry/]: Player collision with arrow entity intercepted!
[13Jun2025 00:56:14.110] [Server thread/DEBUG] [Spartan Weaponry/]: Player collision with arrow entity intercepted!
[13Jun2025 00:56:14.110] [Server thread/DEBUG] [Spartan Weaponry/]: Player collision with arrow entity intercepted!
[13Jun2025 00:56:14.110] [Server thread/DEBUG] [Spartan Weaponry/]: Player collision with arrow entity intercepted!
[13Jun2025 00:56:14.157] [Server thread/DEBUG] [Spartan Weaponry/]: Player collision with arrow entity intercepted!
[13Jun2025 00:56:14.158] [Server thread/DEBUG] [Spartan Weaponry/]: Player collision with arrow entity intercepted!
[13Jun2025 00:56:14.158] [Server thread/DEBUG] [Spartan Weaponry/]: Player collision with arrow entity intercepted!
[13Jun2025 00:56:14.207] [Server thread/DEBUG] [Spartan Weaponry/]: Player collision with arrow entity intercepted!
[13Jun2025 00:56:14.208] [Server thread/DEBUG] [Spartan Weaponry/]: Player collision with arrow entity intercepted!
[13Jun2025 00:56:14.208] [Server thread/DEBUG] [Spartan Weaponry/]: Player collision with arrow entity intercepted!
[13Jun2025 00:56:14.260] [Server thread/DEBUG] [Spartan Weaponry/]: Player collision with arrow entity intercepted!
[13Jun2025 00:56:14.260] [Server thread/DEBUG] [Spartan Weaponry/]: Player collision with arrow entity intercepted!
[13Jun2025 00:56:14.260] [Server thread/DEBUG] [Spartan Weaponry/]: Player collision with arrow entity intercepted!
[13Jun2025 00:56:14.311] [Server thread/DEBUG] [Spartan Weaponry/]: Player collision with arrow entity intercepted!
[13Jun2025 00:56:14.312] [Server thread/DEBUG] [Spartan Weaponry/]: Player collision with arrow entity intercepted!
[13Jun2025 00:56:14.312] [Server thread/DEBUG] [Spartan Weaponry/]: Player collision with arrow entity intercepted!
[13Jun2025 00:56:14.363] [Server thread/DEBUG] [Spartan Weaponry/]: Player collision with arrow entity intercepted!
[13Jun2025 00:56:14.363] [Server thread/DEBUG] [Spartan Weaponry/]: Player collision with arrow entity intercepted!
[13Jun2025 00:56:14.363] [Server thread/DEBUG] [Spartan Weaponry/]: Player collision with arrow entity intercepted!
[13Jun2025 00:56:14.415] [Server thread/DEBUG] [Spartan Weaponry/]: Player collision with arrow entity intercepted!
[13Jun2025 00:56:14.416] [Server thread/DEBUG] [Spartan Weaponry/]: Player collision with arrow entity intercepted!
[13Jun2025 00:56:14.429] [Server thread/DEBUG] [Spartan Weaponry/]: Intercepted PlayerEntity.getHeldItem() method!
[13Jun2025 00:56:14.430] [Server thread/DEBUG] [Spartan Weaponry/]: Intercepted EnchantmentHelper.getSweepingDamageRatio() method!
[13Jun2025 00:56:14.461] [Server thread/DEBUG] [Spartan Weaponry/]: Player collision with arrow entity intercepted!
[13Jun2025 00:56:14.461] [Server thread/DEBUG] [Spartan Weaponry/]: Player collision with arrow entity intercepted!
[13Jun2025 00:56:14.516] [Server thread/DEBUG] [Spartan Weaponry/]: Player collision with arrow entity intercepted!
[13Jun2025 00:56:14.563] [Server thread/DEBUG] [Spartan Weaponry/]: Player collision with arrow entity intercepted!
[13Jun2025 00:56:14.613] [Server thread/DEBUG] [Spartan Weaponry/]: Player collision with arrow entity intercepted!
[13Jun2025 00:56:14.659] [Server thread/DEBUG] [Spartan Weaponry/]: Player collision with arrow entity intercepted!
[13Jun2025 00:56:14.714] [Server thread/DEBUG] [Spartan Weaponry/]: Player collision with arrow entity intercepted!
[13Jun2025 00:56:14.759] [Server thread/DEBUG] [Spartan Weaponry/]: Player collision with arrow entity intercepted!
[13Jun2025 00:56:14.810] [Server thread/DEBUG] [Spartan Weaponry/]: Player collision with arrow entity intercepted!
[13Jun2025 00:56:14.858] [Server thread/DEBUG] [Spartan Weaponry/]: Player collision with arrow entity intercepted!
[13Jun2025 00:56:14.911] [Server thread/DEBUG] [Spartan Weaponry/]: Player collision with arrow entity intercepted!
[13Jun2025 00:56:14.962] [Server thread/DEBUG] [Spartan Weaponry/]: Player collision with arrow entity intercepted!
[13Jun2025 00:56:14.982] [Server thread/DEBUG] [Spartan Weaponry/]: Intercepted PlayerEntity.getHeldItem() method!
[13Jun2025 00:56:14.983] [Server thread/DEBUG] [Spartan Weaponry/]: Intercepted EnchantmentHelper.getSweepingDamageRatio() method!
[13Jun2025 00:56:15.010] [Server thread/DEBUG] [Spartan Weaponry/]: Player collision with arrow entity intercepted!
[13Jun2025 00:56:15.059] [Server thread/DEBUG] [Spartan Weaponry/]: Player collision with arrow entity intercepted!
[13Jun2025 00:56:15.114] [Server thread/DEBUG] [Spartan Weaponry/]: Player collision with arrow entity intercepted!
[13Jun2025 00:56:15.163] [Server thread/DEBUG] [Spartan Weaponry/]: Player collision with arrow entity intercepted!
[13Jun2025 00:56:15.216] [Server thread/DEBUG] [Spartan Weaponry/]: Player collision with arrow entity intercepted!
[13Jun2025 00:56:15.261] [Server thread/DEBUG] [Spartan Weaponry/]: Player collision with arrow entity intercepted!
[13Jun2025 00:56:15.312] [Server thread/DEBUG] [Spartan Weaponry/]: Player collision with arrow entity intercepted!
[13Jun2025 00:56:15.361] [Server thread/DEBUG] [Spartan Weaponry/]: Player collision with arrow entity intercepted!
[13Jun2025 00:56:15.418] [Server thread/DEBUG] [Spartan Weaponry/]: Player collision with arrow entity intercepted!
[13Jun2025 00:56:15.462] [Server thread/DEBUG] [Spartan Weaponry/]: Player collision with arrow entity intercepted!
[13Jun2025 00:56:15.511] [Server thread/DEBUG] [Spartan Weaponry/]: Player collision with arrow entity intercepted!
[13Jun2025 00:56:15.561] [Server thread/DEBUG] [Spartan Weaponry/]: Player collision with arrow entity intercepted!
[13Jun2025 00:56:15.608] [Server thread/DEBUG] [Spartan Weaponry/]: Player collision with arrow entity intercepted!
[13Jun2025 00:56:15.662] [Server thread/DEBUG] [Spartan Weaponry/]: Player collision with arrow entity intercepted!
[13Jun2025 00:56:15.708] [Server thread/DEBUG] [Spartan Weaponry/]: Player collision with arrow entity intercepted!
[13Jun2025 00:56:15.759] [Server thread/DEBUG] [Spartan Weaponry/]: Player collision with arrow entity intercepted!
[13Jun2025 00:56:15.808] [Server thread/DEBUG] [Spartan Weaponry/]: Player collision with arrow entity intercepted!
[13Jun2025 00:56:15.856] [Server thread/DEBUG] [Spartan Weaponry/]: Player collision with arrow entity intercepted!
[13Jun2025 00:56:15.908] [Server thread/DEBUG] [Spartan Weaponry/]: Player collision with arrow entity intercepted!
[13Jun2025 00:56:15.959] [Server thread/DEBUG] [Spartan Weaponry/]: Player collision with arrow entity intercepted!
[13Jun2025 00:56:16.007] [Server thread/DEBUG] [Spartan Weaponry/]: Player collision with arrow entity intercepted!
[13Jun2025 00:56:16.056] [Server thread/DEBUG] [Spartan Weaponry/]: Player collision with arrow entity intercepted!
[13Jun2025 00:56:16.110] [Server thread/DEBUG] [Spartan Weaponry/]: Player collision with arrow entity intercepted!
[13Jun2025 00:56:16.159] [Server thread/DEBUG] [Spartan Weaponry/]: Player collision with arrow entity intercepted!
[13Jun2025 00:56:16.211] [Server thread/DEBUG] [Spartan Weaponry/]: Player collision with arrow entity intercepted!
[13Jun2025 00:56:16.256] [Server thread/DEBUG] [Spartan Weaponry/]: Player collision with arrow entity intercepted!
[13Jun2025 00:56:16.308] [Server thread/DEBUG] [Spartan Weaponry/]: Player collision with arrow entity intercepted!
[13Jun2025 00:56:16.360] [Server thread/DEBUG] [Spartan Weaponry/]: Player collision with arrow entity intercepted!
[13Jun2025 00:56:16.412] [Server thread/DEBUG] [Spartan Weaponry/]: Player collision with arrow entity intercepted!
[13Jun2025 00:56:16.467] [Server thread/DEBUG] [Spartan Weaponry/]: Player collision with arrow entity intercepted!
[13Jun2025 00:56:16.517] [Server thread/DEBUG] [Spartan Weaponry/]: Player collision with arrow entity intercepted!
[13Jun2025 00:56:16.517] [Server thread/DEBUG] [Spartan Weaponry/]: Player collision with arrow entity intercepted!
[13Jun2025 00:56:16.566] [Server thread/DEBUG] [Spartan Weaponry/]: Player collision with arrow entity intercepted!
[13Jun2025 00:56:16.566] [Server thread/DEBUG] [Spartan Weaponry/]: Player collision with arrow entity intercepted!
[13Jun2025 00:56:16.566] [Server thread/DEBUG] [Spartan Weaponry/]: Player collision with arrow entity intercepted!
[13Jun2025 00:56:16.610] [Server thread/DEBUG] [Spartan Weaponry/]: Player collision with arrow entity intercepted!
[13Jun2025 00:56:16.610] [Server thread/DEBUG] [Spartan Weaponry/]: Player collision with arrow entity intercepted!
[13Jun2025 00:56:16.660] [Server thread/DEBUG] [Spartan Weaponry/]: Player collision with arrow entity intercepted!
[13Jun2025 00:56:16.661] [Server thread/DEBUG] [Spartan Weaponry/]: Player collision with arrow entity intercepted!
[13Jun2025 00:56:16.710] [Server thread/DEBUG] [Spartan Weaponry/]: Player collision with arrow entity intercepted!
[13Jun2025 00:56:16.710] [Server thread/DEBUG] [Spartan Weaponry/]: Player collision with arrow entity intercepted!
[13Jun2025 00:56:16.764] [Server thread/DEBUG] [Spartan Weaponry/]: Player collision with arrow entity intercepted!
[13Jun2025 00:56:16.815] [Server thread/DEBUG] [Spartan Weaponry/]: Player collision with arrow entity intercepted!
[13Jun2025 00:56:18.908] [Server thread/DEBUG] [Spartan Weaponry/]: Player collision with arrow entity intercepted!
[13Jun2025 00:56:18.960] [Server thread/DEBUG] [Spartan Weaponry/]: Player collision with arrow entity intercepted!
[13Jun2025 00:56:18.960] [Server thread/DEBUG] [Spartan Weaponry/]: Player collision with arrow entity intercepted!
[13Jun2025 00:56:19.008] [Server thread/DEBUG] [Spartan Weaponry/]: Player collision with arrow entity intercepted!
[13Jun2025 00:56:19.060] [Server thread/DEBUG] [Spartan Weaponry/]: Player collision with arrow entity intercepted!
[13Jun2025 00:56:19.108] [Server thread/DEBUG] [Spartan Weaponry/]: Player collision with arrow entity intercepted!
[13Jun2025 00:56:19.158] [Server thread/DEBUG] [Spartan Weaponry/]: Player collision with arrow entity intercepted!
[13Jun2025 00:56:19.210] [Server thread/DEBUG] [Spartan Weaponry/]: Player collision with arrow entity intercepted!
[13Jun2025 00:56:19.258] [Server thread/DEBUG] [Spartan Weaponry/]: Player collision with arrow entity intercepted!
[13Jun2025 00:56:44.878] [Server thread/DEBUG] [Spartan Weaponry/]: Intercepted PlayerEntity.getHeldItem() method!
[13Jun2025 00:56:44.879] [Server thread/DEBUG] [Spartan Weaponry/]: Intercepted EnchantmentHelper.getSweepingDamageRatio() method!
[13Jun2025 00:56:48.757] [Server thread/DEBUG] [Spartan Weaponry/]: Player collision with arrow entity intercepted!
[13Jun2025 00:56:52.383] [Server thread/DEBUG] [Spartan Weaponry/]: Intercepted PlayerEntity.getHeldItem() method!
[13Jun2025 00:56:52.384] [Server thread/DEBUG] [Spartan Weaponry/]: Intercepted EnchantmentHelper.getSweepingDamageRatio() method!
[13Jun2025 00:56:53.480] [Server thread/DEBUG] [Spartan Weaponry/]: Intercepted PlayerEntity.getHeldItem() method!
[13Jun2025 00:56:53.481] [Server thread/DEBUG] [Spartan Weaponry/]: Intercepted EnchantmentHelper.getSweepingDamageRatio() method!
[13Jun2025 00:57:22.563] [Server thread/DEBUG] [Spartan Weaponry/]: Player collision with arrow entity intercepted!
[13Jun2025 00:57:22.608] [Server thread/DEBUG] [Spartan Weaponry/]: Player collision with arrow entity intercepted!
[13Jun2025 00:57:22.660] [Server thread/DEBUG] [Spartan Weaponry/]: Player collision with arrow entity intercepted!
[13Jun2025 00:57:22.709] [Server thread/DEBUG] [Spartan Weaponry/]: Player collision with arrow entity intercepted!
[13Jun2025 00:57:22.763] [Server thread/DEBUG] [Spartan Weaponry/]: Player collision with arrow entity intercepted!
[13Jun2025 00:57:22.810] [Server thread/DEBUG] [Spartan Weaponry/]: Player collision with arrow entity intercepted!
[13Jun2025 00:57:22.859] [Server thread/DEBUG] [Spartan Weaponry/]: Player collision with arrow entity intercepted!
[13Jun2025 00:57:22.909] [Server thread/DEBUG] [Spartan Weaponry/]: Player collision with arrow entity intercepted!
[13Jun2025 00:57:22.962] [Server thread/DEBUG] [Spartan Weaponry/]: Player collision with arrow entity intercepted!
[13Jun2025 00:57:23.266] [Server thread/DEBUG] [Spartan Weaponry/]: Player collision with arrow entity intercepted!
[13Jun2025 00:57:23.316] [Server thread/DEBUG] [Spartan Weaponry/]: Player collision with arrow entity intercepted!
[13Jun2025 00:57:23.360] [Server thread/DEBUG] [Spartan Weaponry/]: Player collision with arrow entity intercepted!
[13Jun2025 00:57:23.417] [Server thread/DEBUG] [Spartan Weaponry/]: Player collision with arrow entity intercepted!
[13Jun2025 00:57:23.458] [Server thread/DEBUG] [Spartan Weaponry/]: Player collision with arrow entity intercepted!
[13Jun2025 00:57:23.507] [Server thread/DEBUG] [Spartan Weaponry/]: Player collision with arrow entity intercepted!
[13Jun2025 00:57:23.558] [Server thread/DEBUG] [Spartan Weaponry/]: Player collision with arrow entity intercepted!
[13Jun2025 00:57:23.608] [Server thread/DEBUG] [Spartan Weaponry/]: Player collision with arrow entity intercepted!
[13Jun2025 00:57:23.660] [Server thread/DEBUG] [Spartan Weaponry/]: Player collision with arrow entity intercepted!
[13Jun2025 00:57:23.709] [Server thread/DEBUG] [Spartan Weaponry/]: Player collision with arrow entity intercepted!
[13Jun2025 00:57:23.759] [Server thread/DEBUG] [Spartan Weaponry/]: Player collision with arrow entity intercepted!
[13Jun2025 00:57:23.811] [Server thread/DEBUG] [Spartan Weaponry/]: Player collision with arrow entity intercepted!
[13Jun2025 00:57:23.858] [Server thread/DEBUG] [Spartan Weaponry/]: Player collision with arrow entity intercepted!
[13Jun2025 00:57:23.906] [Server thread/DEBUG] [Spartan Weaponry/]: Player collision with arrow entity intercepted!
[13Jun2025 00:57:23.957] [Server thread/DEBUG] [Spartan Weaponry/]: Player collision with arrow entity intercepted!
[13Jun2025 00:57:24.011] [Server thread/DEBUG] [Spartan Weaponry/]: Player collision with arrow entity intercepted!
[13Jun2025 00:57:24.061] [Server thread/DEBUG] [Spartan Weaponry/]: Player collision with arrow entity intercepted!
[13Jun2025 00:57:24.119] [Server thread/DEBUG] [Spartan Weaponry/]: Player collision with arrow entity intercepted!
[13Jun2025 00:57:24.158] [Server thread/DEBUG] [Spartan Weaponry/]: Player collision with arrow entity intercepted!
[13Jun2025 00:57:24.211] [Server thread/DEBUG] [Spartan Weaponry/]: Player collision with arrow entity intercepted!
[13Jun2025 00:57:24.258] [Server thread/DEBUG] [Spartan Weaponry/]: Player collision with arrow entity intercepted!
[13Jun2025 00:57:24.307] [Server thread/DEBUG] [Spartan Weaponry/]: Player collision with arrow entity intercepted!
[13Jun2025 00:57:24.357] [Server thread/DEBUG] [Spartan Weaponry/]: Player collision with arrow entity intercepted!
[13Jun2025 00:57:24.413] [Server thread/DEBUG] [Spartan Weaponry/]: Player collision with arrow entity intercepted!
[13Jun2025 00:57:24.470] [Server thread/DEBUG] [Spartan Weaponry/]: Player collision with arrow entity intercepted!
[13Jun2025 00:57:24.511] [Server thread/DEBUG] [Spartan Weaponry/]: Player collision with arrow entity intercepted!
[13Jun2025 00:57:24.558] [Server thread/DEBUG] [Spartan Weaponry/]: Player collision with arrow entity intercepted!
[13Jun2025 00:57:24.607] [Server thread/DEBUG] [Spartan Weaponry/]: Player collision with arrow entity intercepted!
[13Jun2025 00:57:24.660] [Server thread/DEBUG] [Spartan Weaponry/]: Player collision with arrow entity intercepted!
[13Jun2025 00:57:24.707] [Server thread/DEBUG] [Spartan Weaponry/]: Player collision with arrow entity intercepted!
[13Jun2025 00:57:24.757] [Server thread/DEBUG] [Spartan Weaponry/]: Player collision with arrow entity intercepted!
[13Jun2025 00:57:24.809] [Server thread/DEBUG] [Spartan Weaponry/]: Player collision with arrow entity intercepted!
[13Jun2025 00:57:24.862] [Server thread/DEBUG] [Spartan Weaponry/]: Player collision with arrow entity intercepted!
[13Jun2025 00:57:24.910] [Server thread/DEBUG] [Spartan Weaponry/]: Player collision with arrow entity intercepted!
[13Jun2025 00:57:24.960] [Server thread/DEBUG] [Spartan Weaponry/]: Player collision with arrow entity intercepted!
[13Jun2025 00:57:25.009] [Server thread/DEBUG] [Spartan Weaponry/]: Player collision with arrow entity intercepted!
[13Jun2025 00:57:25.058] [Server thread/DEBUG] [Spartan Weaponry/]: Player collision with arrow entity intercepted!
[13Jun2025 00:57:25.108] [Server thread/DEBUG] [Spartan Weaponry/]: Player collision with arrow entity intercepted!
[13Jun2025 00:57:25.158] [Server thread/DEBUG] [Spartan Weaponry/]: Player collision with arrow entity intercepted!
[13Jun2025 00:57:25.206] [Server thread/DEBUG] [Spartan Weaponry/]: Player collision with arrow entity intercepted!
[13Jun2025 00:57:25.258] [Server thread/DEBUG] [Spartan Weaponry/]: Player collision with arrow entity intercepted!
[13Jun2025 00:57:25.309] [Server thread/DEBUG] [Spartan Weaponry/]: Player collision with arrow entity intercepted!
[13Jun2025 00:57:25.356] [Server thread/DEBUG] [Spartan Weaponry/]: Player collision with arrow entity intercepted!
[13Jun2025 00:57:25.407] [Server thread/DEBUG] [Spartan Weaponry/]: Player collision with arrow entity intercepted!
[13Jun2025 00:57:25.461] [Server thread/DEBUG] [Spartan Weaponry/]: Player collision with arrow entity intercepted!
[13Jun2025 00:57:25.508] [Server thread/DEBUG] [Spartan Weaponry/]: Player collision with arrow entity intercepted!
[13Jun2025 00:57:25.556] [Server thread/DEBUG] [Spartan Weaponry/]: Player collision with arrow entity intercepted!
[13Jun2025 00:57:25.606] [Server thread/DEBUG] [Spartan Weaponry/]: Player collision with arrow entity intercepted!
[13Jun2025 00:57:25.656] [Server thread/DEBUG] [Spartan Weaponry/]: Player collision with arrow entity intercepted!
[13Jun2025 00:57:25.706] [Server thread/DEBUG] [Spartan Weaponry/]: Player collision with arrow entity intercepted!
[13Jun2025 00:57:25.757] [Server thread/DEBUG] [Spartan Weaponry/]: Player collision with arrow entity intercepted!
[13Jun2025 00:57:25.808] [Server thread/DEBUG] [Spartan Weaponry/]: Player collision with arrow entity intercepted!
[13Jun2025 00:57:25.856] [Server thread/DEBUG] [Spartan Weaponry/]: Player collision with arrow entity intercepted!
[13Jun2025 00:57:25.909] [Server thread/DEBUG] [Spartan Weaponry/]: Player collision with arrow entity intercepted!
[13Jun2025 00:57:26.160] [Server thread/DEBUG] [Spartan Weaponry/]: Player collision with arrow entity intercepted!
[13Jun2025 00:57:26.209] [Server thread/DEBUG] [Spartan Weaponry/]: Player collision with arrow entity intercepted!
[13Jun2025 00:57:26.259] [Server thread/DEBUG] [Spartan Weaponry/]: Player collision with arrow entity intercepted!
[13Jun2025 00:57:26.312] [Server thread/DEBUG] [Spartan Weaponry/]: Player collision with arrow entity intercepted!
[13Jun2025 00:57:26.361] [Server thread/DEBUG] [Spartan Weaponry/]: Player collision with arrow entity intercepted!
[13Jun2025 00:57:26.413] [Server thread/DEBUG] [Spartan Weaponry/]: Player collision with arrow entity intercepted!
[13Jun2025 00:57:26.464] [Server thread/DEBUG] [Spartan Weaponry/]: Player collision with arrow entity intercepted!
[13Jun2025 00:57:26.511] [Server thread/DEBUG] [Spartan Weaponry/]: Player collision with arrow entity intercepted!
[13Jun2025 00:57:26.563] [Server thread/DEBUG] [Spartan Weaponry/]: Player collision with arrow entity intercepted!
[13Jun2025 00:57:26.607] [Server thread/DEBUG] [Spartan Weaponry/]: Player collision with arrow entity intercepted!
[13Jun2025 00:57:26.656] [Server thread/DEBUG] [Spartan Weaponry/]: Player collision with arrow entity intercepted!
[13Jun2025 00:57:26.712] [Server thread/DEBUG] [Spartan Weaponry/]: Player collision with arrow entity intercepted!
[13Jun2025 00:57:26.761] [Server thread/DEBUG] [Spartan Weaponry/]: Player collision with arrow entity intercepted!
[13Jun2025 00:57:26.808] [Server thread/DEBUG] [Spartan Weaponry/]: Player collision with arrow entity intercepted!
[13Jun2025 00:57:26.857] [Server thread/DEBUG] [Spartan Weaponry/]: Player collision with arrow entity intercepted!
[13Jun2025 00:57:26.906] [Server thread/DEBUG] [Spartan Weaponry/]: Player collision with arrow entity intercepted!
[13Jun2025 00:57:26.956] [Server thread/DEBUG] [Spartan Weaponry/]: Player collision with arrow entity intercepted!
[13Jun2025 00:57:27.009] [Server thread/DEBUG] [Spartan Weaponry/]: Player collision with arrow entity intercepted!
[13Jun2025 00:57:27.057] [Server thread/DEBUG] [Spartan Weaponry/]: Player collision with arrow entity intercepted!
[13Jun2025 00:57:27.109] [Server thread/DEBUG] [Spartan Weaponry/]: Player collision with arrow entity intercepted!
[13Jun2025 00:57:27.159] [Server thread/DEBUG] [Spartan Weaponry/]: Player collision with arrow entity intercepted!
[13Jun2025 00:57:27.208] [Server thread/DEBUG] [Spartan Weaponry/]: Player collision with arrow entity intercepted!
[13Jun2025 00:57:27.257] [Server thread/DEBUG] [Spartan Weaponry/]: Player collision with arrow entity intercepted!
[13Jun2025 00:57:27.307] [Server thread/DEBUG] [Spartan Weaponry/]: Player collision with arrow entity intercepted!
[13Jun2025 00:57:27.359] [Server thread/DEBUG] [Spartan Weaponry/]: Player collision with arrow entity intercepted!
[13Jun2025 00:57:27.419] [Server thread/DEBUG] [Spartan Weaponry/]: Player collision with arrow entity intercepted!
[13Jun2025 00:57:27.459] [Server thread/DEBUG] [Spartan Weaponry/]: Player collision with arrow entity intercepted!
[13Jun2025 00:57:27.505] [Server thread/DEBUG] [Spartan Weaponry/]: Player collision with arrow entity intercepted!
[13Jun2025 00:57:27.560] [Server thread/DEBUG] [Spartan Weaponry/]: Player collision with arrow entity intercepted!
[13Jun2025 00:57:27.606] [Server thread/DEBUG] [Spartan Weaponry/]: Player collision with arrow entity intercepted!
[13Jun2025 00:57:27.659] [Server thread/DEBUG] [Spartan Weaponry/]: Player collision with arrow entity intercepted!
[13Jun2025 00:57:27.707] [Server thread/DEBUG] [Spartan Weaponry/]: Player collision with arrow entity intercepted!
[13Jun2025 00:57:27.756] [Server thread/DEBUG] [Spartan Weaponry/]: Player collision with arrow entity intercepted!
[13Jun2025 00:57:27.812] [Server thread/DEBUG] [Spartan Weaponry/]: Player collision with arrow entity intercepted!
[13Jun2025 00:57:27.856] [Server thread/DEBUG] [Spartan Weaponry/]: Player collision with arrow entity intercepted!
[13Jun2025 00:57:27.911] [Server thread/DEBUG] [Spartan Weaponry/]: Player collision with arrow entity intercepted!
[13Jun2025 00:57:27.959] [Server thread/DEBUG] [Spartan Weaponry/]: Player collision with arrow entity intercepted!
[13Jun2025 00:57:28.007] [Server thread/DEBUG] [Spartan Weaponry/]: Player collision with arrow entity intercepted!
[13Jun2025 00:57:28.059] [Server thread/DEBUG] [Spartan Weaponry/]: Player collision with arrow entity intercepted!
[13Jun2025 00:57:28.108] [Server thread/DEBUG] [Spartan Weaponry/]: Player collision with arrow entity intercepted!
[13Jun2025 00:57:28.161] [Server thread/DEBUG] [Spartan Weaponry/]: Player collision with arrow entity intercepted!
[13Jun2025 00:57:28.211] [Server thread/DEBUG] [Spartan Weaponry/]: Player collision with arrow entity intercepted!
[13Jun2025 00:57:28.259] [Server thread/DEBUG] [Spartan Weaponry/]: Player collision with arrow entity intercepted!
[13Jun2025 00:57:28.307] [Server thread/DEBUG] [Spartan Weaponry/]: Player collision with arrow entity intercepted!
[13Jun2025 00:57:28.361] [Server thread/DEBUG] [Spartan Weaponry/]: Player collision with arrow entity intercepted!
[13Jun2025 00:57:28.422] [Server thread/DEBUG] [Spartan Weaponry/]: Player collision with arrow entity intercepted!
[13Jun2025 00:57:28.458] [Server thread/DEBUG] [Spartan Weaponry/]: Player collision with arrow entity intercepted!
[13Jun2025 00:57:28.507] [Server thread/DEBUG] [Spartan Weaponry/]: Player collision with arrow entity intercepted!
[13Jun2025 00:57:28.557] [Server thread/DEBUG] [Spartan Weaponry/]: Player collision with arrow entity intercepted!
[13Jun2025 00:57:28.614] [Server thread/DEBUG] [Spartan Weaponry/]: Player collision with arrow entity intercepted!
[13Jun2025 00:57:28.662] [Server thread/DEBUG] [Spartan Weaponry/]: Player collision with arrow entity intercepted!
[13Jun2025 00:57:28.715] [Server thread/DEBUG] [Spartan Weaponry/]: Player collision with arrow entity intercepted!
[13Jun2025 00:57:28.757] [Server thread/DEBUG] [Spartan Weaponry/]: Player collision with arrow entity intercepted!
[13Jun2025 00:57:28.809] [Server thread/DEBUG] [Spartan Weaponry/]: Player collision with arrow entity intercepted!
[13Jun2025 00:57:28.859] [Server thread/DEBUG] [Spartan Weaponry/]: Player collision with arrow entity intercepted!
[13Jun2025 00:57:28.910] [Server thread/DEBUG] [Spartan Weaponry/]: Player collision with arrow entity intercepted!
[13Jun2025 00:57:28.957] [Server thread/DEBUG] [Spartan Weaponry/]: Player collision with arrow entity intercepted!
[13Jun2025 00:57:29.016] [Server thread/DEBUG] [Spartan Weaponry/]: Player collision with arrow entity intercepted!
[13Jun2025 00:57:29.057] [Server thread/DEBUG] [Spartan Weaponry/]: Player collision with arrow entity intercepted!
[13Jun2025 00:57:29.111] [Server thread/DEBUG] [Spartan Weaponry/]: Player collision with arrow entity intercepted!
[13Jun2025 00:57:29.158] [Server thread/DEBUG] [Spartan Weaponry/]: Player collision with arrow entity intercepted!
[13Jun2025 00:57:29.206] [Server thread/DEBUG] [Spartan Weaponry/]: Player collision with arrow entity intercepted!
[13Jun2025 00:57:29.259] [Server thread/DEBUG] [Spartan Weaponry/]: Player collision with arrow entity intercepted!
[13Jun2025 00:57:29.306] [Server thread/DEBUG] [Spartan Weaponry/]: Player collision with arrow entity intercepted!
[13Jun2025 00:57:29.360] [Server thread/DEBUG] [Spartan Weaponry/]: Player collision with arrow entity intercepted!
[13Jun2025 00:57:29.409] [Server thread/DEBUG] [Spartan Weaponry/]: Player collision with arrow entity intercepted!
[13Jun2025 00:57:29.461] [Server thread/DEBUG] [Spartan Weaponry/]: Player collision with arrow entity intercepted!
[13Jun2025 00:57:29.508] [Server thread/DEBUG] [Spartan Weaponry/]: Player collision with arrow entity intercepted!
[13Jun2025 00:57:29.556] [Server thread/DEBUG] [Spartan Weaponry/]: Player collision with arrow entity intercepted!
[13Jun2025 00:57:29.606] [Server thread/DEBUG] [Spartan Weaponry/]: Player collision with arrow entity intercepted!
[13Jun2025 00:57:29.657] [Server thread/DEBUG] [Spartan Weaponry/]: Player collision with arrow entity intercepted!
[13Jun2025 00:57:29.708] [Server thread/DEBUG] [Spartan Weaponry/]: Player collision with arrow entity intercepted!
[13Jun2025 00:57:29.756] [Server thread/DEBUG] [Spartan Weaponry/]: Player collision with arrow entity intercepted!
[13Jun2025 00:57:29.809] [Server thread/DEBUG] [Spartan Weaponry/]: Player collision with arrow entity intercepted!
[13Jun2025 00:57:29.858] [Server thread/DEBUG] [Spartan Weaponry/]: Player collision with arrow entity intercepted!
[13Jun2025 00:57:29.906] [Server thread/DEBUG] [Spartan Weaponry/]: Player collision with arrow entity intercepted!
[13Jun2025 00:57:29.956] [Server thread/DEBUG] [Spartan Weaponry/]: Player collision with arrow entity intercepted!
[13Jun2025 00:57:30.009] [Server thread/DEBUG] [Spartan Weaponry/]: Player collision with arrow entity intercepted!
[13Jun2025 00:57:30.062] [Server thread/DEBUG] [Spartan Weaponry/]: Player collision with arrow entity intercepted!
[13Jun2025 00:57:30.111] [Server thread/DEBUG] [Spartan Weaponry/]: Player collision with arrow entity intercepted!
[13Jun2025 00:57:30.157] [Server thread/DEBUG] [Spartan Weaponry/]: Player collision with arrow entity intercepted!
[13Jun2025 00:57:30.212] [Server thread/DEBUG] [Spartan Weaponry/]: Player collision with arrow entity intercepted!
[13Jun2025 00:57:30.266] [Server thread/DEBUG] [Spartan Weaponry/]: Player collision with arrow entity intercepted!
[13Jun2025 00:57:30.307] [Server thread/DEBUG] [Spartan Weaponry/]: Player collision with arrow entity intercepted!
[13Jun2025 00:57:30.360] [Server thread/DEBUG] [Spartan Weaponry/]: Player collision with arrow entity intercepted!
[13Jun2025 00:57:30.410] [Server thread/DEBUG] [Spartan Weaponry/]: Player collision with arrow entity intercepted!
[13Jun2025 00:57:30.461] [Server thread/DEBUG] [Spartan Weaponry/]: Player collision with arrow entity intercepted!
[13Jun2025 00:57:30.510] [Server thread/DEBUG] [Spartan Weaponry/]: Player collision with arrow entity intercepted!
[13Jun2025 00:57:30.562] [Server thread/DEBUG] [Spartan Weaponry/]: Player collision with arrow entity intercepted!
[13Jun2025 00:57:30.611] [Server thread/DEBUG] [Spartan Weaponry/]: Player collision with arrow entity intercepted!
[13Jun2025 00:57:30.657] [Server thread/DEBUG] [Spartan Weaponry/]: Player collision with arrow entity intercepted!
[13Jun2025 00:57:30.708] [Server thread/DEBUG] [Spartan Weaponry/]: Player collision with arrow entity intercepted!
[13Jun2025 00:57:30.758] [Server thread/DEBUG] [Spartan Weaponry/]: Player collision with arrow entity intercepted!
[13Jun2025 00:57:30.806] [Server thread/DEBUG] [Spartan Weaponry/]: Player collision with arrow entity intercepted!
[13Jun2025 00:57:30.857] [Server thread/DEBUG] [Spartan Weaponry/]: Player collision with arrow entity intercepted!
[13Jun2025 00:57:30.908] [Server thread/DEBUG] [Spartan Weaponry/]: Player collision with arrow entity intercepted!
[13Jun2025 00:57:30.964] [Server thread/DEBUG] [Spartan Weaponry/]: Player collision with arrow entity intercepted!
[13Jun2025 00:57:31.011] [Server thread/DEBUG] [Spartan Weaponry/]: Player collision with arrow entity intercepted!
[13Jun2025 00:57:31.059] [Server thread/DEBUG] [Spartan Weaponry/]: Player collision with arrow entity intercepted!
[13Jun2025 00:57:31.107] [Server thread/DEBUG] [Spartan Weaponry/]: Player collision with arrow entity intercepted!
[13Jun2025 00:57:31.158] [Server thread/DEBUG] [Spartan Weaponry/]: Player collision with arrow entity intercepted!
[13Jun2025 00:57:31.208] [Server thread/DEBUG] [Spartan Weaponry/]: Player collision with arrow entity intercepted!
[13Jun2025 00:57:31.257] [Server thread/DEBUG] [Spartan Weaponry/]: Player collision with arrow entity intercepted!
[13Jun2025 00:57:31.307] [Server thread/DEBUG] [Spartan Weaponry/]: Player collision with arrow entity intercepted!
[13Jun2025 00:57:31.358] [Server thread/DEBUG] [Spartan Weaponry/]: Player collision with arrow entity intercepted!
[13Jun2025 00:57:31.415] [Server thread/DEBUG] [Spartan Weaponry/]: Player collision with arrow entity intercepted!
[13Jun2025 00:57:33.857] [Server thread/DEBUG] [Spartan Weaponry/]: Player collision with arrow entity intercepted!
[13Jun2025 00:57:33.908] [Server thread/DEBUG] [Spartan Weaponry/]: Player collision with arrow entity intercepted!
[13Jun2025 00:57:33.961] [Server thread/DEBUG] [Spartan Weaponry/]: Player collision with arrow entity intercepted!
[13Jun2025 00:57:34.007] [Server thread/DEBUG] [Spartan Weaponry/]: Player collision with arrow entity intercepted!
[13Jun2025 00:58:28.851] [Server thread/ERROR] [net.minecraft.world.storage.ServerWorldInfo/]: WorldGenSettings: Value -1 outside of range [0:4096]
[13Jun2025 00:58:28.852] [Server thread/DEBUG] [net.minecraftforge.fml.FMLWorldPersistenceHook/WP]: Gathering id map for writing to world save world
[13Jun2025 00:58:28.857] [Server thread/DEBUG] [net.minecraftforge.fml.FMLWorldPersistenceHook/WP]: ID Map collection complete world
[13Jun2025 01:00:58.422] [Server thread/DEBUG] [Spartan Weaponry/]: Intercepted PlayerEntity.getHeldItem() method!
[13Jun2025 01:00:58.422] [Server thread/DEBUG] [Spartan Weaponry/]: Intercepted EnchantmentHelper.getSweepingDamageRatio() method!
[13Jun2025 01:00:59.472] [Server thread/DEBUG] [Spartan Weaponry/]: Intercepted PlayerEntity.getHeldItem() method!
[13Jun2025 01:00:59.473] [Server thread/DEBUG] [Spartan Weaponry/]: Intercepted EnchantmentHelper.getSweepingDamageRatio() method!
[13Jun2025 01:01:00.522] [Server thread/DEBUG] [Spartan Weaponry/]: Intercepted PlayerEntity.getHeldItem() method!
[13Jun2025 01:01:00.523] [Server thread/DEBUG] [Spartan Weaponry/]: Intercepted EnchantmentHelper.getSweepingDamageRatio() method!
[13Jun2025 01:01:01.175] [Server thread/DEBUG] [Spartan Weaponry/]: Intercepted PlayerEntity.getHeldItem() method!
[13Jun2025 01:01:01.176] [Server thread/DEBUG] [Spartan Weaponry/]: Intercepted EnchantmentHelper.getSweepingDamageRatio() method!
[13Jun2025 01:01:02.422] [Server thread/DEBUG] [Spartan Weaponry/]: Intercepted PlayerEntity.getHeldItem() method!
[13Jun2025 01:01:02.423] [Server thread/DEBUG] [Spartan Weaponry/]: Intercepted EnchantmentHelper.getSweepingDamageRatio() method!
[13Jun2025 01:01:03.526] [Server thread/DEBUG] [Spartan Weaponry/]: Intercepted PlayerEntity.getHeldItem() method!
[13Jun2025 01:01:03.526] [Server thread/DEBUG] [Spartan Weaponry/]: Intercepted EnchantmentHelper.getSweepingDamageRatio() method!
[13Jun2025 01:01:04.527] [Server thread/DEBUG] [Spartan Weaponry/]: Intercepted PlayerEntity.getHeldItem() method!
[13Jun2025 01:01:04.528] [Server thread/DEBUG] [Spartan Weaponry/]: Intercepted EnchantmentHelper.getSweepingDamageRatio() method!
[13Jun2025 01:01:06.025] [Server thread/DEBUG] [Spartan Weaponry/]: Intercepted PlayerEntity.getHeldItem() method!
[13Jun2025 01:01:06.026] [Server thread/DEBUG] [Spartan Weaponry/]: Intercepted EnchantmentHelper.getSweepingDamageRatio() method!
[13Jun2025 01:01:22.279] [Server thread/DEBUG] [Spartan Weaponry/]: Intercepted PlayerEntity.getHeldItem() method!
[13Jun2025 01:01:28.022] [Server thread/DEBUG] [Spartan Weaponry/]: Intercepted PlayerEntity.getHeldItem() method!
[13Jun2025 01:01:28.022] [Server thread/DEBUG] [Spartan Weaponry/]: Intercepted EnchantmentHelper.getSweepingDamageRatio() method!
[13Jun2025 01:02:56.958] [Server thread/DEBUG] [Spartan Weaponry/]: Intercepted PlayerEntity.getHeldItem() method!
[13Jun2025 01:02:56.958] [Server thread/DEBUG] [Spartan Weaponry/]: Intercepted EnchantmentHelper.getSweepingDamageRatio() method!
[13Jun2025 01:02:57.510] [Server thread/DEBUG] [Spartan Weaponry/]: Intercepted PlayerEntity.getHeldItem() method!
[13Jun2025 01:02:57.510] [Server thread/DEBUG] [Spartan Weaponry/]: Intercepted EnchantmentHelper.getSweepingDamageRatio() method!
[13Jun2025 01:02:59.060] [Server thread/DEBUG] [Spartan Weaponry/]: Intercepted PlayerEntity.getHeldItem() method!
[13Jun2025 01:02:59.060] [Server thread/DEBUG] [Spartan Weaponry/]: Intercepted EnchantmentHelper.getSweepingDamageRatio() method!
[13Jun2025 01:03:01.776] [Server thread/DEBUG] [Spartan Weaponry/]: Intercepted PlayerEntity.getHeldItem() method!
[13Jun2025 01:03:01.776] [Server thread/DEBUG] [Spartan Weaponry/]: Intercepted EnchantmentHelper.getSweepingDamageRatio() method!
[13Jun2025 01:03:02.417] [Server thread/DEBUG] [Spartan Weaponry/]: Intercepted PlayerEntity.getHeldItem() method!
[13Jun2025 01:03:02.418] [Server thread/DEBUG] [Spartan Weaponry/]: Intercepted EnchantmentHelper.getSweepingDamageRatio() method!
[13Jun2025 01:03:03.021] [Server thread/DEBUG] [Spartan Weaponry/]: Intercepted PlayerEntity.getHeldItem() method!
[13Jun2025 01:03:04.518] [Server thread/DEBUG] [Spartan Weaponry/]: Intercepted PlayerEntity.getHeldItem() method!
[13Jun2025 01:03:05.121] [Server thread/DEBUG] [Spartan Weaponry/]: Intercepted PlayerEntity.getHeldItem() method!
[13Jun2025 01:03:05.122] [Server thread/DEBUG] [Spartan Weaponry/]: Intercepted EnchantmentHelper.getSweepingDamageRatio() method!
[13Jun2025 01:03:22.280] [Server thread/DEBUG] [Spartan Weaponry/]: Intercepted PlayerEntity.getHeldItem() method!
[13Jun2025 01:03:26.576] [Server thread/DEBUG] [Spartan Weaponry/]: Intercepted PlayerEntity.getHeldItem() method!
[13Jun2025 01:03:28.988] [Server thread/ERROR] [net.minecraft.world.storage.ServerWorldInfo/]: WorldGenSettings: Value -1 outside of range [0:4096]
[13Jun2025 01:03:28.988] [Server thread/DEBUG] [net.minecraftforge.fml.FMLWorldPersistenceHook/WP]: Gathering id map for writing to world save world
[13Jun2025 01:03:28.994] [Server thread/DEBUG] [net.minecraftforge.fml.FMLWorldPersistenceHook/WP]: ID Map collection complete world
[13Jun2025 01:03:30.667] [Server thread/DEBUG] [Spartan Weaponry/]: Intercepted PlayerEntity.getHeldItem() method!
[13Jun2025 01:03:46.971] [Server thread/DEBUG] [Spartan Weaponry/]: Intercepted PlayerEntity.getHeldItem() method!
[13Jun2025 01:03:50.822] [Server thread/DEBUG] [Spartan Weaponry/]: Intercepted PlayerEntity.getHeldItem() method!
[13Jun2025 01:03:53.079] [Server thread/DEBUG] [Spartan Weaponry/]: Intercepted PlayerEntity.getHeldItem() method!
[13Jun2025 01:03:57.706] [Server thread/DEBUG] [Spartan Weaponry/]: Player collision with arrow entity intercepted!
[13Jun2025 01:03:57.758] [Server thread/DEBUG] [Spartan Weaponry/]: Player collision with arrow entity intercepted!
[13Jun2025 01:03:57.812] [Server thread/DEBUG] [Spartan Weaponry/]: Player collision with arrow entity intercepted!
[13Jun2025 01:03:57.870] [Server thread/DEBUG] [Spartan Weaponry/]: Player collision with arrow entity intercepted!
[13Jun2025 01:03:57.908] [Server thread/DEBUG] [Spartan Weaponry/]: Player collision with arrow entity intercepted!
[13Jun2025 01:03:57.958] [Server thread/DEBUG] [Spartan Weaponry/]: Player collision with arrow entity intercepted!
[13Jun2025 01:04:01.408] [Server thread/INFO] [net.minecraft.network.play.ServerPlayNetHandler/]: Fabrioreos lost connection: Disconnected
[13Jun2025 01:04:01.409] [Server thread/INFO] [net.minecraft.server.dedicated.DedicatedServer/]: Fabrioreos left the game
[13Jun2025 01:04:05.228] [Netty Epoll Server IO #1/DEBUG] [net.minecraftforge.fml.network.FMLHandshakeHandler/FMLHANDSHAKE]: Starting new modded network connection. Found 30 messages to dispatch.
[13Jun2025 01:04:05.257] [Server thread/DEBUG] [net.minecraftforge.fml.network.FMLHandshakeHandler/FMLHANDSHAKE]: Sending ticking packet info 'net.minecraftforge.fml.network.FMLHandshakeMessages$S2CModList' to 'fml:handshake' sequence 0
[13Jun2025 01:04:05.304] [Server thread/DEBUG] [net.minecraftforge.fml.network.FMLHandshakeHandler/FMLHANDSHAKE]: Sending ticking packet info 'Registry minecraft:recipe_serializer' to 'fml:handshake' sequence 1
[13Jun2025 01:04:05.355] [Server thread/DEBUG] [net.minecraftforge.fml.network.FMLHandshakeHandler/FMLHANDSHAKE]: Sending ticking packet info 'Registry minecraft:sound_event' to 'fml:handshake' sequence 2
[13Jun2025 01:04:05.407] [Server thread/DEBUG] [net.minecraftforge.fml.network.FMLHandshakeHandler/FMLHANDSHAKE]: Sending ticking packet info 'Registry minecraft:particle_type' to 'fml:handshake' sequence 3
[13Jun2025 01:04:05.455] [Netty Epoll Server IO #1/DEBUG] [net.minecraftforge.fml.network.FMLLoginWrapper/FMLHANDSHAKE]: Recieved login wrapper packet event for channel fml:handshake with index 0
[13Jun2025 01:04:05.455] [Netty Epoll Server IO #1/DEBUG] [net.minecraftforge.fml.network.FMLHandshakeHandler/FMLHANDSHAKE]: Received client indexed reply 0 of type net.minecraftforge.fml.network.FMLHandshakeMessages$C2SModListReply
[13Jun2025 01:04:05.455] [Netty Epoll Server IO #1/DEBUG] [net.minecraftforge.fml.network.FMLHandshakeHandler/FMLHANDSHAKE]: Received client connection with modlist [minecraft, usefulbackpacks, mowziesmobs, jade, waila, endrem, jei, simplefarming, goblintraders, cataclysm, curios, waystones, citadel, storagedrawers, artifacts, configured, elevatorid, tombstone, dungeoncrawl, sophisticatedbackpacks, uteamcore, spartanweaponry, relics, architectury, catalogue, walljump, cloth-config, footwork, enhancedcelestials, carryon, the_bumblezone, coldsgrappler, paraglider, forge, cofh_core, archers_paradox, aquaculture, expandability, tlskincape, geckolib3, ironchest, antiqueatlas, dungeons_arise, anointeditems]
[13Jun2025 01:04:05.455] [Netty Epoll Server IO #1/DEBUG] [net.minecraftforge.fml.network.NetworkRegistry/NETREGISTRY]: Channel 'architectury:network' : Version test of '1' from client : ACCEPTED
[13Jun2025 01:04:05.455] [Netty Epoll Server IO #1/DEBUG] [net.minecraftforge.fml.network.NetworkRegistry/NETREGISTRY]: Channel 'anointeditems:anointedpacket' : Version test of '1.0' from client : ACCEPTED
[13Jun2025 01:04:05.455] [Netty Epoll Server IO #1/DEBUG] [net.minecraftforge.fml.network.NetworkRegistry/NETREGISTRY]: Channel 'jei:channel' : Version test of '1.0.0' from client : ACCEPTED
[13Jun2025 01:04:05.455] [Netty Epoll Server IO #1/DEBUG] [net.minecraftforge.fml.network.NetworkRegistry/NETREGISTRY]: Channel 'carryon:carryonpackets' : Version test of '1.15.6.24' from client : ACCEPTED
[13Jun2025 01:04:05.455] [Netty Epoll Server IO #1/DEBUG] [net.minecraftforge.fml.network.NetworkRegistry/NETREGISTRY]: Channel 'minecraft:unregister' : Version test of 'FML2' from client : ACCEPTED
[13Jun2025 01:04:05.455] [Netty Epoll Server IO #1/DEBUG] [net.minecraftforge.fml.network.NetworkRegistry/NETREGISTRY]: Channel 'sophisticatedbackpacks:channel' : Version test of '1' from client : ACCEPTED
[13Jun2025 01:04:05.455] [Netty Epoll Server IO #1/DEBUG] [net.minecraftforge.fml.network.NetworkRegistry/NETREGISTRY]: Channel 'citadel:main_channel' : Version test of '1' from client : ACCEPTED
[13Jun2025 01:04:05.455] [Netty Epoll Server IO #1/DEBUG] [net.minecraftforge.fml.network.NetworkRegistry/NETREGISTRY]: Channel 'storagedrawers:main_channel' : Version test of '1' from client : ACCEPTED
[13Jun2025 01:04:05.455] [Netty Epoll Server IO #1/DEBUG] [net.minecraftforge.fml.network.NetworkRegistry/NETREGISTRY]: Channel 'walljump:network' : Version test of '1' from client : ACCEPTED
[13Jun2025 01:04:05.456] [Netty Epoll Server IO #1/DEBUG] [net.minecraftforge.fml.network.NetworkRegistry/NETREGISTRY]: Channel 'forge:split_11' : Version test of '1.1' from client : ACCEPTED
[13Jun2025 01:04:05.456] [Netty Epoll Server IO #1/DEBUG] [net.minecraftforge.fml.network.NetworkRegistry/NETREGISTRY]: Channel 'curios:main' : Version test of '1' from client : ACCEPTED
[13Jun2025 01:04:05.456] [Netty Epoll Server IO #1/DEBUG] [net.minecraftforge.fml.network.NetworkRegistry/NETREGISTRY]: Channel 'cofh_core:general' : Version test of '1' from client : ACCEPTED
[13Jun2025 01:04:05.456] [Netty Epoll Server IO #1/DEBUG] [net.minecraftforge.fml.network.NetworkRegistry/NETREGISTRY]: Channel 'enhancedcelestials:network' : Version test of '1' from client : ACCEPTED
[13Jun2025 01:04:05.456] [Netty Epoll Server IO #1/DEBUG] [net.minecraftforge.fml.network.NetworkRegistry/NETREGISTRY]: Channel 'cataclysm:main_channel' : Version test of '1' from client : ACCEPTED
[13Jun2025 01:04:05.456] [Netty Epoll Server IO #1/DEBUG] [net.minecraftforge.fml.network.NetworkRegistry/NETREGISTRY]: Channel 'usefulbackpacks:curios' : Version test of '1.16.3-1' from client : ACCEPTED
[13Jun2025 01:04:05.456] [Netty Epoll Server IO #1/DEBUG] [net.minecraftforge.fml.network.NetworkRegistry/NETREGISTRY]: Channel 'fml:loginwrapper' : Version test of 'FML2' from client : ACCEPTED
[13Jun2025 01:04:05.456] [Netty Epoll Server IO #1/DEBUG] [net.minecraftforge.fml.network.NetworkRegistry/NETREGISTRY]: Channel 'tombstone:tombstone_channel' : Version test of 'tombstone-6.9.6' from client : ACCEPTED
[13Jun2025 01:04:05.456] [Netty Epoll Server IO #1/DEBUG] [net.minecraftforge.fml.network.NetworkRegistry/NETREGISTRY]: Channel 'mowziesmobs:net' : Version test of '1' from client : ACCEPTED
[13Jun2025 01:04:05.456] [Netty Epoll Server IO #1/DEBUG] [net.minecraftforge.fml.network.NetworkRegistry/NETREGISTRY]: Channel 'relics:network' : Version test of '1.0' from client : ACCEPTED
[13Jun2025 01:04:05.456] [Netty Epoll Server IO #1/DEBUG] [net.minecraftforge.fml.network.NetworkRegistry/NETREGISTRY]: Channel 'fml:play' : Version test of 'FML2' from client : ACCEPTED
[13Jun2025 01:04:05.456] [Netty Epoll Server IO #1/DEBUG] [net.minecraftforge.fml.network.NetworkRegistry/NETREGISTRY]: Channel 'paraglider:master' : Version test of '1.0' from client : ACCEPTED
[13Jun2025 01:04:05.456] [Netty Epoll Server IO #1/DEBUG] [net.minecraftforge.fml.network.NetworkRegistry/NETREGISTRY]: Channel 'uteamcore:network' : Version test of '1.16.5-1' from client : ACCEPTED
[13Jun2025 01:04:05.456] [Netty Epoll Server IO #1/DEBUG] [net.minecraftforge.fml.network.NetworkRegistry/NETREGISTRY]: Channel 'artifacts:main' : Version test of '1' from client : ACCEPTED
[13Jun2025 01:04:05.456] [Netty Epoll Server IO #1/DEBUG] [net.minecraftforge.fml.network.NetworkRegistry/NETREGISTRY]: Channel 'fml:handshake' : Version test of 'FML2' from client : ACCEPTED
[13Jun2025 01:04:05.456] [Netty Epoll Server IO #1/DEBUG] [net.minecraftforge.fml.network.NetworkRegistry/NETREGISTRY]: Channel 'ironchest:network' : Version test of '1' from client : ACCEPTED
[13Jun2025 01:04:05.456] [Netty Epoll Server IO #1/DEBUG] [net.minecraftforge.fml.network.NetworkRegistry/NETREGISTRY]: Channel 'waila:networking' : Version test of '1.0.0' from client : ACCEPTED
[13Jun2025 01:04:05.456] [Netty Epoll Server IO #1/DEBUG] [net.minecraftforge.fml.network.NetworkRegistry/NETREGISTRY]: Channel 'spartanweaponry:network' : Version test of '1' from client : ACCEPTED
[13Jun2025 01:04:05.456] [Netty Epoll Server IO #1/DEBUG] [net.minecraftforge.fml.network.NetworkRegistry/NETREGISTRY]: Channel 'geckolib3:main' : Version test of '0' from client : ACCEPTED
[13Jun2025 01:04:05.456] [Netty Epoll Server IO #1/DEBUG] [net.minecraftforge.fml.network.NetworkRegistry/NETREGISTRY]: Channel 'elevatorid:main_channel' : Version test of '1' from client : ACCEPTED
[13Jun2025 01:04:05.456] [Netty Epoll Server IO #1/DEBUG] [net.minecraftforge.fml.network.NetworkRegistry/NETREGISTRY]: Channel 'minecraft:register' : Version test of 'FML2' from client : ACCEPTED
[13Jun2025 01:04:05.456] [Netty Epoll Server IO #1/DEBUG] [net.minecraftforge.fml.network.NetworkRegistry/NETREGISTRY]: Channel 'forge:split' : Version test of '1.0' from client : ACCEPTED
[13Jun2025 01:04:05.456] [Netty Epoll Server IO #1/DEBUG] [net.minecraftforge.fml.network.NetworkRegistry/NETREGISTRY]: Channel 'waystones:network' : Version test of '1.0' from client : ACCEPTED
[13Jun2025 01:04:05.456] [Netty Epoll Server IO #1/DEBUG] [net.minecraftforge.fml.network.NetworkRegistry/NETREGISTRY]: Accepting channel list from client
[13Jun2025 01:04:05.456] [Netty Epoll Server IO #1/DEBUG] [net.minecraftforge.fml.network.FMLHandshakeHandler/FMLHANDSHAKE]: Accepted client connection mod list
[13Jun2025 01:04:05.460] [Server thread/DEBUG] [net.minecraftforge.fml.network.FMLHandshakeHandler/FMLHANDSHAKE]: Sending ticking packet info 'Registry minecraft:villager_profession' to 'fml:handshake' sequence 4
[13Jun2025 01:04:05.500] [Netty Epoll Server IO #1/DEBUG] [net.minecraftforge.fml.network.FMLLoginWrapper/FMLHANDSHAKE]: Recieved login wrapper packet event for channel fml:handshake with index 1
[13Jun2025 01:04:05.500] [Netty Epoll Server IO #1/DEBUG] [net.minecraftforge.fml.network.FMLHandshakeHandler/FMLHANDSHAKE]: Received client indexed reply 1 of type net.minecraftforge.fml.network.FMLHandshakeMessages$C2SAcknowledge
[13Jun2025 01:04:05.501] [Netty Epoll Server IO #1/DEBUG] [net.minecraftforge.fml.network.FMLHandshakeHandler/FMLHANDSHAKE]: Received acknowledgement from client
[13Jun2025 01:04:05.510] [Server thread/DEBUG] [net.minecraftforge.fml.network.FMLHandshakeHandler/FMLHANDSHAKE]: Sending ticking packet info 'Registry minecraft:item' to 'fml:handshake' sequence 5
[13Jun2025 01:04:05.564] [Server thread/DEBUG] [net.minecraftforge.fml.network.FMLHandshakeHandler/FMLHANDSHAKE]: Sending ticking packet info 'Registry minecraft:potion' to 'fml:handshake' sequence 6
[13Jun2025 01:04:05.611] [Server thread/DEBUG] [net.minecraftforge.fml.network.FMLHandshakeHandler/FMLHANDSHAKE]: Sending ticking packet info 'Registry minecraft:block_entity_type' to 'fml:handshake' sequence 7
[13Jun2025 01:04:05.662] [Server thread/DEBUG] [net.minecraftforge.fml.network.FMLHandshakeHandler/FMLHANDSHAKE]: Sending ticking packet info 'Registry minecraft:block' to 'fml:handshake' sequence 8
[13Jun2025 01:04:05.705] [Server thread/DEBUG] [net.minecraftforge.fml.network.FMLHandshakeHandler/FMLHANDSHAKE]: Sending ticking packet info 'Registry minecraft:data_serializers' to 'fml:handshake' sequence 9
[13Jun2025 01:04:05.755] [Server thread/DEBUG] [net.minecraftforge.fml.network.FMLHandshakeHandler/FMLHANDSHAKE]: Sending ticking packet info 'Registry minecraft:mob_effect' to 'fml:handshake' sequence 10
[13Jun2025 01:04:05.802] [Server thread/DEBUG] [net.minecraftforge.fml.network.FMLHandshakeHandler/FMLHANDSHAKE]: Sending ticking packet info 'Registry minecraft:stat_type' to 'fml:handshake' sequence 11
[13Jun2025 01:04:05.855] [Server thread/DEBUG] [net.minecraftforge.fml.network.FMLHandshakeHandler/FMLHANDSHAKE]: Sending ticking packet info 'Registry tombstone:perks' to 'fml:handshake' sequence 12
[13Jun2025 01:04:05.891] [Netty Epoll Server IO #1/DEBUG] [net.minecraftforge.fml.network.FMLLoginWrapper/FMLHANDSHAKE]: Recieved login wrapper packet event for channel fml:handshake with index 2
[13Jun2025 01:04:05.892] [Netty Epoll Server IO #1/DEBUG] [net.minecraftforge.fml.network.FMLHandshakeHandler/FMLHANDSHAKE]: Received client indexed reply 2 of type net.minecraftforge.fml.network.FMLHandshakeMessages$C2SAcknowledge
[13Jun2025 01:04:05.892] [Netty Epoll Server IO #1/DEBUG] [net.minecraftforge.fml.network.FMLHandshakeHandler/FMLHANDSHAKE]: Received acknowledgement from client
[13Jun2025 01:04:05.892] [Netty Epoll Server IO #1/DEBUG] [net.minecraftforge.fml.network.FMLLoginWrapper/FMLHANDSHAKE]: Recieved login wrapper packet event for channel fml:handshake with index 3
[13Jun2025 01:04:05.892] [Netty Epoll Server IO #1/DEBUG] [net.minecraftforge.fml.network.FMLHandshakeHandler/FMLHANDSHAKE]: Received client indexed reply 3 of type net.minecraftforge.fml.network.FMLHandshakeMessages$C2SAcknowledge
[13Jun2025 01:04:05.892] [Netty Epoll Server IO #1/DEBUG] [net.minecraftforge.fml.network.FMLHandshakeHandler/FMLHANDSHAKE]: Received acknowledgement from client
[13Jun2025 01:04:05.892] [Netty Epoll Server IO #1/DEBUG] [net.minecraftforge.fml.network.FMLLoginWrapper/FMLHANDSHAKE]: Recieved login wrapper packet event for channel fml:handshake with index 4
[13Jun2025 01:04:05.892] [Netty Epoll Server IO #1/DEBUG] [net.minecraftforge.fml.network.FMLHandshakeHandler/FMLHANDSHAKE]: Received client indexed reply 4 of type net.minecraftforge.fml.network.FMLHandshakeMessages$C2SAcknowledge
[13Jun2025 01:04:05.892] [Netty Epoll Server IO #1/DEBUG] [net.minecraftforge.fml.network.FMLHandshakeHandler/FMLHANDSHAKE]: Received acknowledgement from client
[13Jun2025 01:04:05.903] [Server thread/DEBUG] [net.minecraftforge.fml.network.FMLHandshakeHandler/FMLHANDSHAKE]: Sending ticking packet info 'Registry minecraft:menu' to 'fml:handshake' sequence 13
[13Jun2025 01:04:05.955] [Server thread/DEBUG] [net.minecraftforge.fml.network.FMLHandshakeHandler/FMLHANDSHAKE]: Sending ticking packet info 'Registry minecraft:enchantment' to 'fml:handshake' sequence 14
[13Jun2025 01:04:06.001] [Server thread/DEBUG] [net.minecraftforge.fml.network.FMLHandshakeHandler/FMLHANDSHAKE]: Sending ticking packet info 'Registry minecraft:motive' to 'fml:handshake' sequence 15
[13Jun2025 01:04:06.053] [Server thread/DEBUG] [net.minecraftforge.fml.network.FMLHandshakeHandler/FMLHANDSHAKE]: Sending ticking packet info 'Registry minecraft:fluid' to 'fml:handshake' sequence 16
[13Jun2025 01:04:06.088] [Netty Epoll Server IO #1/DEBUG] [net.minecraftforge.fml.network.FMLLoginWrapper/FMLHANDSHAKE]: Recieved login wrapper packet event for channel fml:handshake with index 5
[13Jun2025 01:04:06.089] [Netty Epoll Server IO #1/DEBUG] [net.minecraftforge.fml.network.FMLHandshakeHandler/FMLHANDSHAKE]: Received client indexed reply 5 of type net.minecraftforge.fml.network.FMLHandshakeMessages$C2SAcknowledge
[13Jun2025 01:04:06.089] [Netty Epoll Server IO #1/DEBUG] [net.minecraftforge.fml.network.FMLHandshakeHandler/FMLHANDSHAKE]: Received acknowledgement from client
[13Jun2025 01:04:06.089] [Netty Epoll Server IO #1/DEBUG] [net.minecraftforge.fml.network.FMLLoginWrapper/FMLHANDSHAKE]: Recieved login wrapper packet event for channel fml:handshake with index 6
[13Jun2025 01:04:06.089] [Netty Epoll Server IO #1/DEBUG] [net.minecraftforge.fml.network.FMLHandshakeHandler/FMLHANDSHAKE]: Received client indexed reply 6 of type net.minecraftforge.fml.network.FMLHandshakeMessages$C2SAcknowledge
[13Jun2025 01:04:06.089] [Netty Epoll Server IO #1/DEBUG] [net.minecraftforge.fml.network.FMLHandshakeHandler/FMLHANDSHAKE]: Received acknowledgement from client
[13Jun2025 01:04:06.107] [Server thread/DEBUG] [net.minecraftforge.fml.network.FMLHandshakeHandler/FMLHANDSHAKE]: Sending ticking packet info 'Registry minecraft:entity_type' to 'fml:handshake' sequence 17
[13Jun2025 01:04:06.135] [Netty Epoll Server IO #1/DEBUG] [net.minecraftforge.fml.network.FMLLoginWrapper/FMLHANDSHAKE]: Recieved login wrapper packet event for channel fml:handshake with index 7
[13Jun2025 01:04:06.136] [Netty Epoll Server IO #1/DEBUG] [net.minecraftforge.fml.network.FMLHandshakeHandler/FMLHANDSHAKE]: Received client indexed reply 7 of type net.minecraftforge.fml.network.FMLHandshakeMessages$C2SAcknowledge
[13Jun2025 01:04:06.136] [Netty Epoll Server IO #1/DEBUG] [net.minecraftforge.fml.network.FMLHandshakeHandler/FMLHANDSHAKE]: Received acknowledgement from client
[13Jun2025 01:04:06.138] [Netty Epoll Server IO #1/DEBUG] [net.minecraftforge.fml.network.FMLLoginWrapper/FMLHANDSHAKE]: Recieved login wrapper packet event for channel fml:handshake with index 8
[13Jun2025 01:04:06.138] [Netty Epoll Server IO #1/DEBUG] [net.minecraftforge.fml.network.FMLHandshakeHandler/FMLHANDSHAKE]: Received client indexed reply 8 of type net.minecraftforge.fml.network.FMLHandshakeMessages$C2SAcknowledge
[13Jun2025 01:04:06.138] [Netty Epoll Server IO #1/DEBUG] [net.minecraftforge.fml.network.FMLHandshakeHandler/FMLHANDSHAKE]: Received acknowledgement from client
[13Jun2025 01:04:06.138] [Netty Epoll Server IO #1/DEBUG] [net.minecraftforge.fml.network.FMLLoginWrapper/FMLHANDSHAKE]: Recieved login wrapper packet event for channel fml:handshake with index 9
[13Jun2025 01:04:06.138] [Netty Epoll Server IO #1/DEBUG] [net.minecraftforge.fml.network.FMLHandshakeHandler/FMLHANDSHAKE]: Received client indexed reply 9 of type net.minecraftforge.fml.network.FMLHandshakeMessages$C2SAcknowledge
[13Jun2025 01:04:06.138] [Netty Epoll Server IO #1/DEBUG] [net.minecraftforge.fml.network.FMLHandshakeHandler/FMLHANDSHAKE]: Received acknowledgement from client
[13Jun2025 01:04:06.138] [Netty Epoll Server IO #1/DEBUG] [net.minecraftforge.fml.network.FMLLoginWrapper/FMLHANDSHAKE]: Recieved login wrapper packet event for channel fml:handshake with index 10
[13Jun2025 01:04:06.138] [Netty Epoll Server IO #1/DEBUG] [net.minecraftforge.fml.network.FMLHandshakeHandler/FMLHANDSHAKE]: Received client indexed reply 10 of type net.minecraftforge.fml.network.FMLHandshakeMessages$C2SAcknowledge
[13Jun2025 01:04:06.138] [Netty Epoll Server IO #1/DEBUG] [net.minecraftforge.fml.network.FMLHandshakeHandler/FMLHANDSHAKE]: Received acknowledgement from client
[13Jun2025 01:04:06.138] [Netty Epoll Server IO #1/DEBUG] [net.minecraftforge.fml.network.FMLLoginWrapper/FMLHANDSHAKE]: Recieved login wrapper packet event for channel fml:handshake with index 11
[13Jun2025 01:04:06.138] [Netty Epoll Server IO #1/DEBUG] [net.minecraftforge.fml.network.FMLHandshakeHandler/FMLHANDSHAKE]: Received client indexed reply 11 of type net.minecraftforge.fml.network.FMLHandshakeMessages$C2SAcknowledge
[13Jun2025 01:04:06.138] [Netty Epoll Server IO #1/DEBUG] [net.minecraftforge.fml.network.FMLHandshakeHandler/FMLHANDSHAKE]: Received acknowledgement from client
[13Jun2025 01:04:06.138] [Netty Epoll Server IO #1/DEBUG] [net.minecraftforge.fml.network.FMLLoginWrapper/FMLHANDSHAKE]: Recieved login wrapper packet event for channel fml:handshake with index 12
[13Jun2025 01:04:06.138] [Netty Epoll Server IO #1/DEBUG] [net.minecraftforge.fml.network.FMLHandshakeHandler/FMLHANDSHAKE]: Received client indexed reply 12 of type net.minecraftforge.fml.network.FMLHandshakeMessages$C2SAcknowledge
[13Jun2025 01:04:06.138] [Netty Epoll Server IO #1/DEBUG] [net.minecraftforge.fml.network.FMLHandshakeHandler/FMLHANDSHAKE]: Received acknowledgement from client
[13Jun2025 01:04:06.138] [Netty Epoll Server IO #1/DEBUG] [net.minecraftforge.fml.network.FMLLoginWrapper/FMLHANDSHAKE]: Recieved login wrapper packet event for channel fml:handshake with index 13
[13Jun2025 01:04:06.139] [Netty Epoll Server IO #1/DEBUG] [net.minecraftforge.fml.network.FMLHandshakeHandler/FMLHANDSHAKE]: Received client indexed reply 13 of type net.minecraftforge.fml.network.FMLHandshakeMessages$C2SAcknowledge
[13Jun2025 01:04:06.139] [Netty Epoll Server IO #1/DEBUG] [net.minecraftforge.fml.network.FMLHandshakeHandler/FMLHANDSHAKE]: Received acknowledgement from client
[13Jun2025 01:04:06.151] [Netty Epoll Server IO #1/DEBUG] [net.minecraftforge.fml.network.FMLLoginWrapper/FMLHANDSHAKE]: Recieved login wrapper packet event for channel fml:handshake with index 14
[13Jun2025 01:04:06.151] [Netty Epoll Server IO #1/DEBUG] [net.minecraftforge.fml.network.FMLHandshakeHandler/FMLHANDSHAKE]: Received client indexed reply 14 of type net.minecraftforge.fml.network.FMLHandshakeMessages$C2SAcknowledge
[13Jun2025 01:04:06.151] [Netty Epoll Server IO #1/DEBUG] [net.minecraftforge.fml.network.FMLHandshakeHandler/FMLHANDSHAKE]: Received acknowledgement from client
[13Jun2025 01:04:06.154] [Server thread/DEBUG] [net.minecraftforge.fml.network.FMLHandshakeHandler/FMLHANDSHAKE]: Sending ticking packet info 'Config /workspaces/franco-es-de-cerro-xd/servidor_minecraft/config/waystones-server.toml' to 'fml:handshake' sequence 18
[13Jun2025 01:04:06.198] [Netty Epoll Server IO #1/DEBUG] [net.minecraftforge.fml.network.FMLLoginWrapper/FMLHANDSHAKE]: Recieved login wrapper packet event for channel fml:handshake with index 15
[13Jun2025 01:04:06.198] [Netty Epoll Server IO #1/DEBUG] [net.minecraftforge.fml.network.FMLHandshakeHandler/FMLHANDSHAKE]: Received client indexed reply 15 of type net.minecraftforge.fml.network.FMLHandshakeMessages$C2SAcknowledge
[13Jun2025 01:04:06.198] [Netty Epoll Server IO #1/DEBUG] [net.minecraftforge.fml.network.FMLHandshakeHandler/FMLHANDSHAKE]: Received acknowledgement from client
[13Jun2025 01:04:06.204] [Server thread/DEBUG] [net.minecraftforge.fml.network.FMLHandshakeHandler/FMLHANDSHAKE]: Sending ticking packet info 'Config curios-server.toml' to 'fml:handshake' sequence 19
[13Jun2025 01:04:06.250] [Netty Epoll Server IO #1/DEBUG] [net.minecraftforge.fml.network.FMLLoginWrapper/FMLHANDSHAKE]: Recieved login wrapper packet event for channel fml:handshake with index 16
[13Jun2025 01:04:06.250] [Netty Epoll Server IO #1/DEBUG] [net.minecraftforge.fml.network.FMLHandshakeHandler/FMLHANDSHAKE]: Received client indexed reply 16 of type net.minecraftforge.fml.network.FMLHandshakeMessages$C2SAcknowledge
[13Jun2025 01:04:06.250] [Netty Epoll Server IO #1/DEBUG] [net.minecraftforge.fml.network.FMLHandshakeHandler/FMLHANDSHAKE]: Received acknowledgement from client
[13Jun2025 01:04:06.253] [Server thread/DEBUG] [net.minecraftforge.fml.network.FMLHandshakeHandler/FMLHANDSHAKE]: Sending ticking packet info 'Config carryon-server.toml' to 'fml:handshake' sequence 20
[13Jun2025 01:04:06.306] [Server thread/DEBUG] [net.minecraftforge.fml.network.FMLHandshakeHandler/FMLHANDSHAKE]: Sending ticking packet info 'Config paraglider-server.toml' to 'fml:handshake' sequence 21
[13Jun2025 01:04:06.354] [Server thread/DEBUG] [net.minecraftforge.fml.network.FMLHandshakeHandler/FMLHANDSHAKE]: Sending ticking packet info 'Config artifacts-server.toml' to 'fml:handshake' sequence 22
[13Jun2025 01:04:06.404] [Server thread/DEBUG] [net.minecraftforge.fml.network.FMLHandshakeHandler/FMLHANDSHAKE]: Sending ticking packet info 'Config tombstone-server.toml' to 'fml:handshake' sequence 23
[13Jun2025 01:04:06.456] [Server thread/DEBUG] [net.minecraftforge.fml.network.FMLHandshakeHandler/FMLHANDSHAKE]: Sending ticking packet info 'Config elevatorid-server.toml' to 'fml:handshake' sequence 24
[13Jun2025 01:04:06.505] [Server thread/DEBUG] [net.minecraftforge.fml.network.FMLHandshakeHandler/FMLHANDSHAKE]: Sending ticking packet info 'Config usefulbackpacks-server.toml' to 'fml:handshake' sequence 25
[13Jun2025 01:04:06.553] [Server thread/DEBUG] [net.minecraftforge.fml.network.FMLHandshakeHandler/FMLHANDSHAKE]: Sending ticking packet info 'Config cofh_core-server.toml' to 'fml:handshake' sequence 26
[13Jun2025 01:04:06.603] [Server thread/DEBUG] [net.minecraftforge.fml.network.FMLHandshakeHandler/FMLHANDSHAKE]: Sending ticking packet info 'Config forge-server.toml' to 'fml:handshake' sequence 27
[13Jun2025 01:04:06.607] [Netty Epoll Server IO #1/DEBUG] [net.minecraftforge.fml.network.FMLLoginWrapper/FMLHANDSHAKE]: Recieved login wrapper packet event for channel fml:handshake with index 17
[13Jun2025 01:04:06.607] [Netty Epoll Server IO #1/DEBUG] [net.minecraftforge.fml.network.FMLHandshakeHandler/FMLHANDSHAKE]: Received client indexed reply 17 of type net.minecraftforge.fml.network.FMLHandshakeMessages$C2SAcknowledge
[13Jun2025 01:04:06.608] [Netty Epoll Server IO #1/DEBUG] [net.minecraftforge.fml.network.FMLHandshakeHandler/FMLHANDSHAKE]: Received acknowledgement from client
[13Jun2025 01:04:06.608] [Netty Epoll Server IO #1/DEBUG] [net.minecraftforge.fml.network.FMLLoginWrapper/FMLHANDSHAKE]: Recieved login wrapper packet event for channel fml:handshake with index 18
[13Jun2025 01:04:06.608] [Netty Epoll Server IO #1/DEBUG] [net.minecraftforge.fml.network.FMLHandshakeHandler/FMLHANDSHAKE]: Received client indexed reply 18 of type net.minecraftforge.fml.network.FMLHandshakeMessages$C2SAcknowledge
[13Jun2025 01:04:06.608] [Netty Epoll Server IO #1/DEBUG] [net.minecraftforge.fml.network.FMLHandshakeHandler/FMLHANDSHAKE]: Received acknowledgement from client
[13Jun2025 01:04:06.608] [Netty Epoll Server IO #1/DEBUG] [net.minecraftforge.fml.network.FMLLoginWrapper/FMLHANDSHAKE]: Recieved login wrapper packet event for channel fml:handshake with index 19
[13Jun2025 01:04:06.608] [Netty Epoll Server IO #1/DEBUG] [net.minecraftforge.fml.network.FMLHandshakeHandler/FMLHANDSHAKE]: Received client indexed reply 19 of type net.minecraftforge.fml.network.FMLHandshakeMessages$C2SAcknowledge
[13Jun2025 01:04:06.608] [Netty Epoll Server IO #1/DEBUG] [net.minecraftforge.fml.network.FMLHandshakeHandler/FMLHANDSHAKE]: Received acknowledgement from client
[13Jun2025 01:04:06.609] [Netty Epoll Server IO #1/DEBUG] [net.minecraftforge.fml.network.FMLLoginWrapper/FMLHANDSHAKE]: Recieved login wrapper packet event for channel fml:handshake with index 20
[13Jun2025 01:04:06.609] [Netty Epoll Server IO #1/DEBUG] [net.minecraftforge.fml.network.FMLHandshakeHandler/FMLHANDSHAKE]: Received client indexed reply 20 of type net.minecraftforge.fml.network.FMLHandshakeMessages$C2SAcknowledge
[13Jun2025 01:04:06.609] [Netty Epoll Server IO #1/DEBUG] [net.minecraftforge.fml.network.FMLHandshakeHandler/FMLHANDSHAKE]: Received acknowledgement from client
[13Jun2025 01:04:06.610] [Netty Epoll Server IO #1/DEBUG] [net.minecraftforge.fml.network.FMLLoginWrapper/FMLHANDSHAKE]: Recieved login wrapper packet event for channel fml:handshake with index 21
[13Jun2025 01:04:06.610] [Netty Epoll Server IO #1/DEBUG] [net.minecraftforge.fml.network.FMLHandshakeHandler/FMLHANDSHAKE]: Received client indexed reply 21 of type net.minecraftforge.fml.network.FMLHandshakeMessages$C2SAcknowledge
[13Jun2025 01:04:06.610] [Netty Epoll Server IO #1/DEBUG] [net.minecraftforge.fml.network.FMLHandshakeHandler/FMLHANDSHAKE]: Received acknowledgement from client
[13Jun2025 01:04:06.611] [Netty Epoll Server IO #1/DEBUG] [net.minecraftforge.fml.network.FMLLoginWrapper/FMLHANDSHAKE]: Recieved login wrapper packet event for channel fml:handshake with index 22
[13Jun2025 01:04:06.611] [Netty Epoll Server IO #1/DEBUG] [net.minecraftforge.fml.network.FMLHandshakeHandler/FMLHANDSHAKE]: Received client indexed reply 22 of type net.minecraftforge.fml.network.FMLHandshakeMessages$C2SAcknowledge
[13Jun2025 01:04:06.611] [Netty Epoll Server IO #1/DEBUG] [net.minecraftforge.fml.network.FMLHandshakeHandler/FMLHANDSHAKE]: Received acknowledgement from client
[13Jun2025 01:04:06.611] [Netty Epoll Server IO #1/DEBUG] [net.minecraftforge.fml.network.FMLLoginWrapper/FMLHANDSHAKE]: Recieved login wrapper packet event for channel fml:handshake with index 23
[13Jun2025 01:04:06.611] [Netty Epoll Server IO #1/DEBUG] [net.minecraftforge.fml.network.FMLHandshakeHandler/FMLHANDSHAKE]: Received client indexed reply 23 of type net.minecraftforge.fml.network.FMLHandshakeMessages$C2SAcknowledge
[13Jun2025 01:04:06.611] [Netty Epoll Server IO #1/DEBUG] [net.minecraftforge.fml.network.FMLHandshakeHandler/FMLHANDSHAKE]: Received acknowledgement from client
[13Jun2025 01:04:06.651] [Netty Epoll Server IO #1/DEBUG] [net.minecraftforge.fml.network.FMLLoginWrapper/FMLHANDSHAKE]: Recieved login wrapper packet event for channel fml:handshake with index 24
[13Jun2025 01:04:06.651] [Netty Epoll Server IO #1/DEBUG] [net.minecraftforge.fml.network.FMLHandshakeHandler/FMLHANDSHAKE]: Received client indexed reply 24 of type net.minecraftforge.fml.network.FMLHandshakeMessages$C2SAcknowledge
[13Jun2025 01:04:06.651] [Netty Epoll Server IO #1/DEBUG] [net.minecraftforge.fml.network.FMLHandshakeHandler/FMLHANDSHAKE]: Received acknowledgement from client
[13Jun2025 01:04:06.653] [Server thread/DEBUG] [net.minecraftforge.fml.network.FMLHandshakeHandler/FMLHANDSHAKE]: Sending ticking packet info 'Config archers_paradox-server.toml' to 'fml:handshake' sequence 28
[13Jun2025 01:04:06.701] [Netty Epoll Server IO #1/DEBUG] [net.minecraftforge.fml.network.FMLLoginWrapper/FMLHANDSHAKE]: Recieved login wrapper packet event for channel fml:handshake with index 25
[13Jun2025 01:04:06.701] [Netty Epoll Server IO #1/DEBUG] [net.minecraftforge.fml.network.FMLHandshakeHandler/FMLHANDSHAKE]: Received client indexed reply 25 of type net.minecraftforge.fml.network.FMLHandshakeMessages$C2SAcknowledge
[13Jun2025 01:04:06.701] [Netty Epoll Server IO #1/DEBUG] [net.minecraftforge.fml.network.FMLHandshakeHandler/FMLHANDSHAKE]: Received acknowledgement from client
[13Jun2025 01:04:06.704] [Server thread/DEBUG] [net.minecraftforge.fml.network.FMLHandshakeHandler/FMLHANDSHAKE]: Sending ticking packet info 'Config jei-server.toml' to 'fml:handshake' sequence 29
[13Jun2025 01:04:06.749] [Netty Epoll Server IO #1/DEBUG] [net.minecraftforge.fml.network.FMLLoginWrapper/FMLHANDSHAKE]: Recieved login wrapper packet event for channel fml:handshake with index 26
[13Jun2025 01:04:06.750] [Netty Epoll Server IO #1/DEBUG] [net.minecraftforge.fml.network.FMLHandshakeHandler/FMLHANDSHAKE]: Received client indexed reply 26 of type net.minecraftforge.fml.network.FMLHandshakeMessages$C2SAcknowledge
[13Jun2025 01:04:06.750] [Netty Epoll Server IO #1/DEBUG] [net.minecraftforge.fml.network.FMLHandshakeHandler/FMLHANDSHAKE]: Received acknowledgement from client
[13Jun2025 01:04:06.799] [Netty Epoll Server IO #1/DEBUG] [net.minecraftforge.fml.network.FMLLoginWrapper/FMLHANDSHAKE]: Recieved login wrapper packet event for channel fml:handshake with index 27
[13Jun2025 01:04:06.800] [Netty Epoll Server IO #1/DEBUG] [net.minecraftforge.fml.network.FMLHandshakeHandler/FMLHANDSHAKE]: Received client indexed reply 27 of type net.minecraftforge.fml.network.FMLHandshakeMessages$C2SAcknowledge
[13Jun2025 01:04:06.800] [Netty Epoll Server IO #1/DEBUG] [net.minecraftforge.fml.network.FMLHandshakeHandler/FMLHANDSHAKE]: Received acknowledgement from client
[13Jun2025 01:04:06.850] [Netty Epoll Server IO #1/DEBUG] [net.minecraftforge.fml.network.FMLLoginWrapper/FMLHANDSHAKE]: Recieved login wrapper packet event for channel fml:handshake with index 28
[13Jun2025 01:04:06.850] [Netty Epoll Server IO #1/DEBUG] [net.minecraftforge.fml.network.FMLHandshakeHandler/FMLHANDSHAKE]: Received client indexed reply 28 of type net.minecraftforge.fml.network.FMLHandshakeMessages$C2SAcknowledge
[13Jun2025 01:04:06.850] [Netty Epoll Server IO #1/DEBUG] [net.minecraftforge.fml.network.FMLHandshakeHandler/FMLHANDSHAKE]: Received acknowledgement from client
[13Jun2025 01:04:06.900] [Netty Epoll Server IO #1/DEBUG] [net.minecraftforge.fml.network.FMLLoginWrapper/FMLHANDSHAKE]: Recieved login wrapper packet event for channel fml:handshake with index 29
[13Jun2025 01:04:06.900] [Netty Epoll Server IO #1/DEBUG] [net.minecraftforge.fml.network.FMLHandshakeHandler/FMLHANDSHAKE]: Received client indexed reply 29 of type net.minecraftforge.fml.network.FMLHandshakeMessages$C2SAcknowledge
[13Jun2025 01:04:06.900] [Netty Epoll Server IO #1/DEBUG] [net.minecraftforge.fml.network.FMLHandshakeHandler/FMLHANDSHAKE]: Received acknowledgement from client
[13Jun2025 01:04:06.902] [Server thread/DEBUG] [net.minecraftforge.fml.network.FMLHandshakeHandler/FMLHANDSHAKE]: Handshake complete!
[13Jun2025 01:04:06.965] [Server thread/INFO] [net.minecraftforge.common.AdvancementLoadFix/]: Using new advancement loading for net.minecraft.advancements.PlayerAdvancements@5b4508d5
[13Jun2025 01:04:06.975] [Server thread/INFO] [net.minecraft.server.management.PlayerList/]: Fabrioreos[/100.106.168.72:57350] logged in with entity id 6021 at (1055.300000011921, 60.0, -2020.487669120937)
[13Jun2025 01:04:06.975] [Server thread/DEBUG] [net.minecraftforge.network.NetworkFilters/]: Injected net.minecraftforge.network.ForgeConnectionNetworkFilter@5bb3454a into net.minecraft.network.NetworkManager@7ab09696
[13Jun2025 01:04:06.977] [Server thread/INFO] [net.minecraft.server.dedicated.DedicatedServer/]: Fabrioreos joined the game
[13Jun2025 01:04:06.996] [Server thread/INFO] [Waila/]: Syncing config to Fabrioreos (7d4ac431-ff3f-3f0b-8be5-35cee69540cb)
[13Jun2025 01:04:06.997] [Server thread/INFO] [antiqueatlas/]: Sent markers data #-1 to player Fabrioreos
[13Jun2025 01:04:06.997] [Server thread/INFO] [antiqueatlas/]: Sent custom biome data to player Fabrioreos
[13Jun2025 01:04:06.998] [Server thread/INFO] [antiqueatlas/]: Sent custom biome data to player Fabrioreos
[13Jun2025 01:04:06.998] [Server thread/INFO] [antiqueatlas/]: Sent custom biome data to player Fabrioreos
[13Jun2025 01:04:06.999] [Server thread/INFO] [antiqueatlas/]: Sent custom biome data to player Fabrioreos
[13Jun2025 01:04:14.157] [Server thread/INFO] [net.minecraft.network.play.ServerPlayNetHandler/]: Fabrioreos lost connection: Disconnected
[13Jun2025 01:04:14.158] [Server thread/INFO] [net.minecraft.server.dedicated.DedicatedServer/]: Fabrioreos left the game
[13Jun2025 01:04:17.651] [Netty Epoll Server IO #4/DEBUG] [net.minecraftforge.fml.network.FMLHandshakeHandler/FMLHANDSHAKE]: Starting new modded network connection. Found 30 messages to dispatch.
[13Jun2025 01:04:17.658] [Server thread/DEBUG] [net.minecraftforge.fml.network.FMLHandshakeHandler/FMLHANDSHAKE]: Sending ticking packet info 'net.minecraftforge.fml.network.FMLHandshakeMessages$S2CModList' to 'fml:handshake' sequence 0
[13Jun2025 01:04:17.705] [Server thread/DEBUG] [net.minecraftforge.fml.network.FMLHandshakeHandler/FMLHANDSHAKE]: Sending ticking packet info 'Registry minecraft:recipe_serializer' to 'fml:handshake' sequence 1
[13Jun2025 01:04:17.756] [Server thread/DEBUG] [net.minecraftforge.fml.network.FMLHandshakeHandler/FMLHANDSHAKE]: Sending ticking packet info 'Registry minecraft:sound_event' to 'fml:handshake' sequence 2
[13Jun2025 01:04:17.809] [Server thread/DEBUG] [net.minecraftforge.fml.network.FMLHandshakeHandler/FMLHANDSHAKE]: Sending ticking packet info 'Registry minecraft:particle_type' to 'fml:handshake' sequence 3
[13Jun2025 01:04:17.856] [Netty Epoll Server IO #4/DEBUG] [net.minecraftforge.fml.network.FMLLoginWrapper/FMLHANDSHAKE]: Recieved login wrapper packet event for channel fml:handshake with index 0
[13Jun2025 01:04:17.856] [Netty Epoll Server IO #4/DEBUG] [net.minecraftforge.fml.network.FMLHandshakeHandler/FMLHANDSHAKE]: Received client indexed reply 0 of type net.minecraftforge.fml.network.FMLHandshakeMessages$C2SModListReply
[13Jun2025 01:04:17.856] [Netty Epoll Server IO #4/DEBUG] [net.minecraftforge.fml.network.FMLHandshakeHandler/FMLHANDSHAKE]: Received client connection with modlist [minecraft, usefulbackpacks, mowziesmobs, jade, waila, endrem, jei, simplefarming, goblintraders, cataclysm, curios, waystones, citadel, storagedrawers, artifacts, configured, elevatorid, tombstone, dungeoncrawl, sophisticatedbackpacks, uteamcore, spartanweaponry, relics, architectury, catalogue, walljump, cloth-config, footwork, enhancedcelestials, carryon, the_bumblezone, coldsgrappler, paraglider, forge, cofh_core, archers_paradox, aquaculture, expandability, tlskincape, geckolib3, ironchest, antiqueatlas, dungeons_arise, anointeditems]
[13Jun2025 01:04:17.856] [Netty Epoll Server IO #4/DEBUG] [net.minecraftforge.fml.network.NetworkRegistry/NETREGISTRY]: Channel 'architectury:network' : Version test of '1' from client : ACCEPTED
[13Jun2025 01:04:17.856] [Netty Epoll Server IO #4/DEBUG] [net.minecraftforge.fml.network.NetworkRegistry/NETREGISTRY]: Channel 'anointeditems:anointedpacket' : Version test of '1.0' from client : ACCEPTED
[13Jun2025 01:04:17.856] [Netty Epoll Server IO #4/DEBUG] [net.minecraftforge.fml.network.NetworkRegistry/NETREGISTRY]: Channel 'jei:channel' : Version test of '1.0.0' from client : ACCEPTED
[13Jun2025 01:04:17.856] [Netty Epoll Server IO #4/DEBUG] [net.minecraftforge.fml.network.NetworkRegistry/NETREGISTRY]: Channel 'carryon:carryonpackets' : Version test of '1.15.6.24' from client : ACCEPTED
[13Jun2025 01:04:17.856] [Netty Epoll Server IO #4/DEBUG] [net.minecraftforge.fml.network.NetworkRegistry/NETREGISTRY]: Channel 'minecraft:unregister' : Version test of 'FML2' from client : ACCEPTED
[13Jun2025 01:04:17.856] [Netty Epoll Server IO #4/DEBUG] [net.minecraftforge.fml.network.NetworkRegistry/NETREGISTRY]: Channel 'sophisticatedbackpacks:channel' : Version test of '1' from client : ACCEPTED
[13Jun2025 01:04:17.856] [Netty Epoll Server IO #4/DEBUG] [net.minecraftforge.fml.network.NetworkRegistry/NETREGISTRY]: Channel 'citadel:main_channel' : Version test of '1' from client : ACCEPTED
[13Jun2025 01:04:17.856] [Netty Epoll Server IO #4/DEBUG] [net.minecraftforge.fml.network.NetworkRegistry/NETREGISTRY]: Channel 'storagedrawers:main_channel' : Version test of '1' from client : ACCEPTED
[13Jun2025 01:04:17.856] [Netty Epoll Server IO #4/DEBUG] [net.minecraftforge.fml.network.NetworkRegistry/NETREGISTRY]: Channel 'walljump:network' : Version test of '1' from client : ACCEPTED
[13Jun2025 01:04:17.856] [Netty Epoll Server IO #4/DEBUG] [net.minecraftforge.fml.network.NetworkRegistry/NETREGISTRY]: Channel 'forge:split_11' : Version test of '1.1' from client : ACCEPTED
[13Jun2025 01:04:17.856] [Netty Epoll Server IO #4/DEBUG] [net.minecraftforge.fml.network.NetworkRegistry/NETREGISTRY]: Channel 'curios:main' : Version test of '1' from client : ACCEPTED
[13Jun2025 01:04:17.856] [Netty Epoll Server IO #4/DEBUG] [net.minecraftforge.fml.network.NetworkRegistry/NETREGISTRY]: Channel 'cofh_core:general' : Version test of '1' from client : ACCEPTED
[13Jun2025 01:04:17.857] [Netty Epoll Server IO #4/DEBUG] [net.minecraftforge.fml.network.NetworkRegistry/NETREGISTRY]: Channel 'enhancedcelestials:network' : Version test of '1' from client : ACCEPTED
[13Jun2025 01:04:17.857] [Netty Epoll Server IO #4/DEBUG] [net.minecraftforge.fml.network.NetworkRegistry/NETREGISTRY]: Channel 'cataclysm:main_channel' : Version test of '1' from client : ACCEPTED
[13Jun2025 01:04:17.857] [Netty Epoll Server IO #4/DEBUG] [net.minecraftforge.fml.network.NetworkRegistry/NETREGISTRY]: Channel 'usefulbackpacks:curios' : Version test of '1.16.3-1' from client : ACCEPTED
[13Jun2025 01:04:17.857] [Netty Epoll Server IO #4/DEBUG] [net.minecraftforge.fml.network.NetworkRegistry/NETREGISTRY]: Channel 'fml:loginwrapper' : Version test of 'FML2' from client : ACCEPTED
[13Jun2025 01:04:17.857] [Netty Epoll Server IO #4/DEBUG] [net.minecraftforge.fml.network.NetworkRegistry/NETREGISTRY]: Channel 'tombstone:tombstone_channel' : Version test of 'tombstone-6.9.6' from client : ACCEPTED
[13Jun2025 01:04:17.857] [Netty Epoll Server IO #4/DEBUG] [net.minecraftforge.fml.network.NetworkRegistry/NETREGISTRY]: Channel 'mowziesmobs:net' : Version test of '1' from client : ACCEPTED
[13Jun2025 01:04:17.857] [Netty Epoll Server IO #4/DEBUG] [net.minecraftforge.fml.network.NetworkRegistry/NETREGISTRY]: Channel 'relics:network' : Version test of '1.0' from client : ACCEPTED
[13Jun2025 01:04:17.857] [Netty Epoll Server IO #4/DEBUG] [net.minecraftforge.fml.network.NetworkRegistry/NETREGISTRY]: Channel 'fml:play' : Version test of 'FML2' from client : ACCEPTED
[13Jun2025 01:04:17.857] [Netty Epoll Server IO #4/DEBUG] [net.minecraftforge.fml.network.NetworkRegistry/NETREGISTRY]: Channel 'paraglider:master' : Version test of '1.0' from client : ACCEPTED
[13Jun2025 01:04:17.857] [Netty Epoll Server IO #4/DEBUG] [net.minecraftforge.fml.network.NetworkRegistry/NETREGISTRY]: Channel 'uteamcore:network' : Version test of '1.16.5-1' from client : ACCEPTED
[13Jun2025 01:04:17.857] [Netty Epoll Server IO #4/DEBUG] [net.minecraftforge.fml.network.NetworkRegistry/NETREGISTRY]: Channel 'artifacts:main' : Version test of '1' from client : ACCEPTED
[13Jun2025 01:04:17.857] [Netty Epoll Server IO #4/DEBUG] [net.minecraftforge.fml.network.NetworkRegistry/NETREGISTRY]: Channel 'fml:handshake' : Version test of 'FML2' from client : ACCEPTED
[13Jun2025 01:04:17.857] [Netty Epoll Server IO #4/DEBUG] [net.minecraftforge.fml.network.NetworkRegistry/NETREGISTRY]: Channel 'ironchest:network' : Version test of '1' from client : ACCEPTED
[13Jun2025 01:04:17.857] [Netty Epoll Server IO #4/DEBUG] [net.minecraftforge.fml.network.NetworkRegistry/NETREGISTRY]: Channel 'waila:networking' : Version test of '1.0.0' from client : ACCEPTED
[13Jun2025 01:04:17.857] [Netty Epoll Server IO #4/DEBUG] [net.minecraftforge.fml.network.NetworkRegistry/NETREGISTRY]: Channel 'spartanweaponry:network' : Version test of '1' from client : ACCEPTED
[13Jun2025 01:04:17.857] [Netty Epoll Server IO #4/DEBUG] [net.minecraftforge.fml.network.NetworkRegistry/NETREGISTRY]: Channel 'geckolib3:main' : Version test of '0' from client : ACCEPTED
[13Jun2025 01:04:17.857] [Netty Epoll Server IO #4/DEBUG] [net.minecraftforge.fml.network.NetworkRegistry/NETREGISTRY]: Channel 'elevatorid:main_channel' : Version test of '1' from client : ACCEPTED
[13Jun2025 01:04:17.857] [Netty Epoll Server IO #4/DEBUG] [net.minecraftforge.fml.network.NetworkRegistry/NETREGISTRY]: Channel 'minecraft:register' : Version test of 'FML2' from client : ACCEPTED
[13Jun2025 01:04:17.857] [Netty Epoll Server IO #4/DEBUG] [net.minecraftforge.fml.network.NetworkRegistry/NETREGISTRY]: Channel 'forge:split' : Version test of '1.0' from client : ACCEPTED
[13Jun2025 01:04:17.857] [Netty Epoll Server IO #4/DEBUG] [net.minecraftforge.fml.network.NetworkRegistry/NETREGISTRY]: Channel 'waystones:network' : Version test of '1.0' from client : ACCEPTED
[13Jun2025 01:04:17.857] [Netty Epoll Server IO #4/DEBUG] [net.minecraftforge.fml.network.NetworkRegistry/NETREGISTRY]: Accepting channel list from client
[13Jun2025 01:04:17.857] [Netty Epoll Server IO #4/DEBUG] [net.minecraftforge.fml.network.FMLHandshakeHandler/FMLHANDSHAKE]: Accepted client connection mod list
[13Jun2025 01:04:17.857] [Server thread/DEBUG] [net.minecraftforge.fml.network.FMLHandshakeHandler/FMLHANDSHAKE]: Sending ticking packet info 'Registry minecraft:villager_profession' to 'fml:handshake' sequence 4
[13Jun2025 01:04:17.900] [Netty Epoll Server IO #4/DEBUG] [net.minecraftforge.fml.network.FMLLoginWrapper/FMLHANDSHAKE]: Recieved login wrapper packet event for channel fml:handshake with index 1
[13Jun2025 01:04:17.900] [Netty Epoll Server IO #4/DEBUG] [net.minecraftforge.fml.network.FMLHandshakeHandler/FMLHANDSHAKE]: Received client indexed reply 1 of type net.minecraftforge.fml.network.FMLHandshakeMessages$C2SAcknowledge
[13Jun2025 01:04:17.900] [Netty Epoll Server IO #4/DEBUG] [net.minecraftforge.fml.network.FMLHandshakeHandler/FMLHANDSHAKE]: Received acknowledgement from client
[13Jun2025 01:04:17.906] [Server thread/DEBUG] [net.minecraftforge.fml.network.FMLHandshakeHandler/FMLHANDSHAKE]: Sending ticking packet info 'Registry minecraft:item' to 'fml:handshake' sequence 5
[13Jun2025 01:04:17.956] [Server thread/DEBUG] [net.minecraftforge.fml.network.FMLHandshakeHandler/FMLHANDSHAKE]: Sending ticking packet info 'Registry minecraft:potion' to 'fml:handshake' sequence 6
[13Jun2025 01:04:18.008] [Server thread/DEBUG] [net.minecraftforge.fml.network.FMLHandshakeHandler/FMLHANDSHAKE]: Sending ticking packet info 'Registry minecraft:block_entity_type' to 'fml:handshake' sequence 7
[13Jun2025 01:04:18.060] [Server thread/DEBUG] [net.minecraftforge.fml.network.FMLHandshakeHandler/FMLHANDSHAKE]: Sending ticking packet info 'Registry minecraft:block' to 'fml:handshake' sequence 8
[13Jun2025 01:04:18.105] [Server thread/DEBUG] [net.minecraftforge.fml.network.FMLHandshakeHandler/FMLHANDSHAKE]: Sending ticking packet info 'Registry minecraft:data_serializers' to 'fml:handshake' sequence 9
[13Jun2025 01:04:18.157] [Server thread/DEBUG] [net.minecraftforge.fml.network.FMLHandshakeHandler/FMLHANDSHAKE]: Sending ticking packet info 'Registry minecraft:mob_effect' to 'fml:handshake' sequence 10
[13Jun2025 01:04:18.204] [Server thread/DEBUG] [net.minecraftforge.fml.network.FMLHandshakeHandler/FMLHANDSHAKE]: Sending ticking packet info 'Registry minecraft:stat_type' to 'fml:handshake' sequence 11
[13Jun2025 01:04:18.256] [Server thread/DEBUG] [net.minecraftforge.fml.network.FMLHandshakeHandler/FMLHANDSHAKE]: Sending ticking packet info 'Registry tombstone:perks' to 'fml:handshake' sequence 12
[13Jun2025 01:04:18.292] [Netty Epoll Server IO #4/DEBUG] [net.minecraftforge.fml.network.FMLLoginWrapper/FMLHANDSHAKE]: Recieved login wrapper packet event for channel fml:handshake with index 2
[13Jun2025 01:04:18.292] [Netty Epoll Server IO #4/DEBUG] [net.minecraftforge.fml.network.FMLHandshakeHandler/FMLHANDSHAKE]: Received client indexed reply 2 of type net.minecraftforge.fml.network.FMLHandshakeMessages$C2SAcknowledge
[13Jun2025 01:04:18.292] [Netty Epoll Server IO #4/DEBUG] [net.minecraftforge.fml.network.FMLHandshakeHandler/FMLHANDSHAKE]: Received acknowledgement from client
[13Jun2025 01:04:18.292] [Netty Epoll Server IO #4/DEBUG] [net.minecraftforge.fml.network.FMLLoginWrapper/FMLHANDSHAKE]: Recieved login wrapper packet event for channel fml:handshake with index 3
[13Jun2025 01:04:18.292] [Netty Epoll Server IO #4/DEBUG] [net.minecraftforge.fml.network.FMLHandshakeHandler/FMLHANDSHAKE]: Received client indexed reply 3 of type net.minecraftforge.fml.network.FMLHandshakeMessages$C2SAcknowledge
[13Jun2025 01:04:18.292] [Netty Epoll Server IO #4/DEBUG] [net.minecraftforge.fml.network.FMLHandshakeHandler/FMLHANDSHAKE]: Received acknowledgement from client
[13Jun2025 01:04:18.292] [Netty Epoll Server IO #4/DEBUG] [net.minecraftforge.fml.network.FMLLoginWrapper/FMLHANDSHAKE]: Recieved login wrapper packet event for channel fml:handshake with index 4
[13Jun2025 01:04:18.292] [Netty Epoll Server IO #4/DEBUG] [net.minecraftforge.fml.network.FMLHandshakeHandler/FMLHANDSHAKE]: Received client indexed reply 4 of type net.minecraftforge.fml.network.FMLHandshakeMessages$C2SAcknowledge
[13Jun2025 01:04:18.292] [Netty Epoll Server IO #4/DEBUG] [net.minecraftforge.fml.network.FMLHandshakeHandler/FMLHANDSHAKE]: Received acknowledgement from client
[13Jun2025 01:04:18.305] [Server thread/DEBUG] [net.minecraftforge.fml.network.FMLHandshakeHandler/FMLHANDSHAKE]: Sending ticking packet info 'Registry minecraft:menu' to 'fml:handshake' sequence 13
[13Jun2025 01:04:18.358] [Server thread/DEBUG] [net.minecraftforge.fml.network.FMLHandshakeHandler/FMLHANDSHAKE]: Sending ticking packet info 'Registry minecraft:enchantment' to 'fml:handshake' sequence 14
[13Jun2025 01:04:18.408] [Server thread/DEBUG] [net.minecraftforge.fml.network.FMLHandshakeHandler/FMLHANDSHAKE]: Sending ticking packet info 'Registry minecraft:motive' to 'fml:handshake' sequence 15
[13Jun2025 01:04:18.467] [Server thread/DEBUG] [net.minecraftforge.fml.network.FMLHandshakeHandler/FMLHANDSHAKE]: Sending ticking packet info 'Registry minecraft:fluid' to 'fml:handshake' sequence 16
[13Jun2025 01:04:18.487] [Netty Epoll Server IO #4/DEBUG] [net.minecraftforge.fml.network.FMLLoginWrapper/FMLHANDSHAKE]: Recieved login wrapper packet event for channel fml:handshake with index 5
[13Jun2025 01:04:18.487] [Netty Epoll Server IO #4/DEBUG] [net.minecraftforge.fml.network.FMLHandshakeHandler/FMLHANDSHAKE]: Received client indexed reply 5 of type net.minecraftforge.fml.network.FMLHandshakeMessages$C2SAcknowledge
[13Jun2025 01:04:18.487] [Netty Epoll Server IO #4/DEBUG] [net.minecraftforge.fml.network.FMLHandshakeHandler/FMLHANDSHAKE]: Received acknowledgement from client
[13Jun2025 01:04:18.487] [Netty Epoll Server IO #4/DEBUG] [net.minecraftforge.fml.network.FMLLoginWrapper/FMLHANDSHAKE]: Recieved login wrapper packet event for channel fml:handshake with index 6
[13Jun2025 01:04:18.487] [Netty Epoll Server IO #4/DEBUG] [net.minecraftforge.fml.network.FMLHandshakeHandler/FMLHANDSHAKE]: Received client indexed reply 6 of type net.minecraftforge.fml.network.FMLHandshakeMessages$C2SAcknowledge
[13Jun2025 01:04:18.487] [Netty Epoll Server IO #4/DEBUG] [net.minecraftforge.fml.network.FMLHandshakeHandler/FMLHANDSHAKE]: Received acknowledgement from client
[13Jun2025 01:04:18.507] [Server thread/DEBUG] [net.minecraftforge.fml.network.FMLHandshakeHandler/FMLHANDSHAKE]: Sending ticking packet info 'Registry minecraft:entity_type' to 'fml:handshake' sequence 17
[13Jun2025 01:04:18.558] [Server thread/DEBUG] [net.minecraftforge.fml.network.FMLHandshakeHandler/FMLHANDSHAKE]: Sending ticking packet info 'Config /workspaces/franco-es-de-cerro-xd/servidor_minecraft/config/waystones-server.toml' to 'fml:handshake' sequence 18
[13Jun2025 01:04:18.566] [Netty Epoll Server IO #4/DEBUG] [net.minecraftforge.fml.network.FMLLoginWrapper/FMLHANDSHAKE]: Recieved login wrapper packet event for channel fml:handshake with index 7
[13Jun2025 01:04:18.566] [Netty Epoll Server IO #4/DEBUG] [net.minecraftforge.fml.network.FMLHandshakeHandler/FMLHANDSHAKE]: Received client indexed reply 7 of type net.minecraftforge.fml.network.FMLHandshakeMessages$C2SAcknowledge
[13Jun2025 01:04:18.566] [Netty Epoll Server IO #4/DEBUG] [net.minecraftforge.fml.network.FMLHandshakeHandler/FMLHANDSHAKE]: Received acknowledgement from client
[13Jun2025 01:04:18.566] [Netty Epoll Server IO #4/DEBUG] [net.minecraftforge.fml.network.FMLLoginWrapper/FMLHANDSHAKE]: Recieved login wrapper packet event for channel fml:handshake with index 8
[13Jun2025 01:04:18.566] [Netty Epoll Server IO #4/DEBUG] [net.minecraftforge.fml.network.FMLHandshakeHandler/FMLHANDSHAKE]: Received client indexed reply 8 of type net.minecraftforge.fml.network.FMLHandshakeMessages$C2SAcknowledge
[13Jun2025 01:04:18.566] [Netty Epoll Server IO #4/DEBUG] [net.minecraftforge.fml.network.FMLHandshakeHandler/FMLHANDSHAKE]: Received acknowledgement from client
[13Jun2025 01:04:18.566] [Netty Epoll Server IO #4/DEBUG] [net.minecraftforge.fml.network.FMLLoginWrapper/FMLHANDSHAKE]: Recieved login wrapper packet event for channel fml:handshake with index 9
[13Jun2025 01:04:18.566] [Netty Epoll Server IO #4/DEBUG] [net.minecraftforge.fml.network.FMLHandshakeHandler/FMLHANDSHAKE]: Received client indexed reply 9 of type net.minecraftforge.fml.network.FMLHandshakeMessages$C2SAcknowledge
[13Jun2025 01:04:18.566] [Netty Epoll Server IO #4/DEBUG] [net.minecraftforge.fml.network.FMLHandshakeHandler/FMLHANDSHAKE]: Received acknowledgement from client
[13Jun2025 01:04:18.567] [Netty Epoll Server IO #4/DEBUG] [net.minecraftforge.fml.network.FMLLoginWrapper/FMLHANDSHAKE]: Recieved login wrapper packet event for channel fml:handshake with index 10
[13Jun2025 01:04:18.567] [Netty Epoll Server IO #4/DEBUG] [net.minecraftforge.fml.network.FMLHandshakeHandler/FMLHANDSHAKE]: Received client indexed reply 10 of type net.minecraftforge.fml.network.FMLHandshakeMessages$C2SAcknowledge
[13Jun2025 01:04:18.567] [Netty Epoll Server IO #4/DEBUG] [net.minecraftforge.fml.network.FMLHandshakeHandler/FMLHANDSHAKE]: Received acknowledgement from client
[13Jun2025 01:04:18.567] [Netty Epoll Server IO #4/DEBUG] [net.minecraftforge.fml.network.FMLLoginWrapper/FMLHANDSHAKE]: Recieved login wrapper packet event for channel fml:handshake with index 11
[13Jun2025 01:04:18.567] [Netty Epoll Server IO #4/DEBUG] [net.minecraftforge.fml.network.FMLHandshakeHandler/FMLHANDSHAKE]: Received client indexed reply 11 of type net.minecraftforge.fml.network.FMLHandshakeMessages$C2SAcknowledge
[13Jun2025 01:04:18.567] [Netty Epoll Server IO #4/DEBUG] [net.minecraftforge.fml.network.FMLHandshakeHandler/FMLHANDSHAKE]: Received acknowledgement from client
[13Jun2025 01:04:18.567] [Netty Epoll Server IO #4/DEBUG] [net.minecraftforge.fml.network.FMLLoginWrapper/FMLHANDSHAKE]: Recieved login wrapper packet event for channel fml:handshake with index 12
[13Jun2025 01:04:18.567] [Netty Epoll Server IO #4/DEBUG] [net.minecraftforge.fml.network.FMLHandshakeHandler/FMLHANDSHAKE]: Received client indexed reply 12 of type net.minecraftforge.fml.network.FMLHandshakeMessages$C2SAcknowledge
[13Jun2025 01:04:18.567] [Netty Epoll Server IO #4/DEBUG] [net.minecraftforge.fml.network.FMLHandshakeHandler/FMLHANDSHAKE]: Received acknowledgement from client
[13Jun2025 01:04:18.567] [Netty Epoll Server IO #4/DEBUG] [net.minecraftforge.fml.network.FMLLoginWrapper/FMLHANDSHAKE]: Recieved login wrapper packet event for channel fml:handshake with index 13
[13Jun2025 01:04:18.567] [Netty Epoll Server IO #4/DEBUG] [net.minecraftforge.fml.network.FMLHandshakeHandler/FMLHANDSHAKE]: Received client indexed reply 13 of type net.minecraftforge.fml.network.FMLHandshakeMessages$C2SAcknowledge
[13Jun2025 01:04:18.567] [Netty Epoll Server IO #4/DEBUG] [net.minecraftforge.fml.network.FMLHandshakeHandler/FMLHANDSHAKE]: Received acknowledgement from client
[13Jun2025 01:04:18.567] [Netty Epoll Server IO #4/DEBUG] [net.minecraftforge.fml.network.FMLLoginWrapper/FMLHANDSHAKE]: Recieved login wrapper packet event for channel fml:handshake with index 14
[13Jun2025 01:04:18.567] [Netty Epoll Server IO #4/DEBUG] [net.minecraftforge.fml.network.FMLHandshakeHandler/FMLHANDSHAKE]: Received client indexed reply 14 of type net.minecraftforge.fml.network.FMLHandshakeMessages$C2SAcknowledge
[13Jun2025 01:04:18.567] [Netty Epoll Server IO #4/DEBUG] [net.minecraftforge.fml.network.FMLHandshakeHandler/FMLHANDSHAKE]: Received acknowledgement from client
[13Jun2025 01:04:18.605] [Netty Epoll Server IO #4/DEBUG] [net.minecraftforge.fml.network.FMLLoginWrapper/FMLHANDSHAKE]: Recieved login wrapper packet event for channel fml:handshake with index 15
[13Jun2025 01:04:18.605] [Netty Epoll Server IO #4/DEBUG] [net.minecraftforge.fml.network.FMLHandshakeHandler/FMLHANDSHAKE]: Received client indexed reply 15 of type net.minecraftforge.fml.network.FMLHandshakeMessages$C2SAcknowledge
[13Jun2025 01:04:18.605] [Netty Epoll Server IO #4/DEBUG] [net.minecraftforge.fml.network.FMLHandshakeHandler/FMLHANDSHAKE]: Received acknowledgement from client
[13Jun2025 01:04:18.608] [Server thread/DEBUG] [net.minecraftforge.fml.network.FMLHandshakeHandler/FMLHANDSHAKE]: Sending ticking packet info 'Config curios-server.toml' to 'fml:handshake' sequence 19
[13Jun2025 01:04:18.655] [Server thread/DEBUG] [net.minecraftforge.fml.network.FMLHandshakeHandler/FMLHANDSHAKE]: Sending ticking packet info 'Config carryon-server.toml' to 'fml:handshake' sequence 20
[13Jun2025 01:04:18.661] [Netty Epoll Server IO #4/DEBUG] [net.minecraftforge.fml.network.FMLLoginWrapper/FMLHANDSHAKE]: Recieved login wrapper packet event for channel fml:handshake with index 16
[13Jun2025 01:04:18.661] [Netty Epoll Server IO #4/DEBUG] [net.minecraftforge.fml.network.FMLHandshakeHandler/FMLHANDSHAKE]: Received client indexed reply 16 of type net.minecraftforge.fml.network.FMLHandshakeMessages$C2SAcknowledge
[13Jun2025 01:04:18.661] [Netty Epoll Server IO #4/DEBUG] [net.minecraftforge.fml.network.FMLHandshakeHandler/FMLHANDSHAKE]: Received acknowledgement from client
[13Jun2025 01:04:18.705] [Server thread/DEBUG] [net.minecraftforge.fml.network.FMLHandshakeHandler/FMLHANDSHAKE]: Sending ticking packet info 'Config paraglider-server.toml' to 'fml:handshake' sequence 21
[13Jun2025 01:04:18.755] [Server thread/DEBUG] [net.minecraftforge.fml.network.FMLHandshakeHandler/FMLHANDSHAKE]: Sending ticking packet info 'Config artifacts-server.toml' to 'fml:handshake' sequence 22
[13Jun2025 01:04:18.803] [Server thread/DEBUG] [net.minecraftforge.fml.network.FMLHandshakeHandler/FMLHANDSHAKE]: Sending ticking packet info 'Config tombstone-server.toml' to 'fml:handshake' sequence 23
[13Jun2025 01:04:18.857] [Server thread/DEBUG] [net.minecraftforge.fml.network.FMLHandshakeHandler/FMLHANDSHAKE]: Sending ticking packet info 'Config elevatorid-server.toml' to 'fml:handshake' sequence 24
[13Jun2025 01:04:18.906] [Server thread/DEBUG] [net.minecraftforge.fml.network.FMLHandshakeHandler/FMLHANDSHAKE]: Sending ticking packet info 'Config usefulbackpacks-server.toml' to 'fml:handshake' sequence 25
[13Jun2025 01:04:18.956] [Server thread/DEBUG] [net.minecraftforge.fml.network.FMLHandshakeHandler/FMLHANDSHAKE]: Sending ticking packet info 'Config cofh_core-server.toml' to 'fml:handshake' sequence 26
[13Jun2025 01:04:19.002] [Server thread/DEBUG] [net.minecraftforge.fml.network.FMLHandshakeHandler/FMLHANDSHAKE]: Sending ticking packet info 'Config forge-server.toml' to 'fml:handshake' sequence 27
[13Jun2025 01:04:19.028] [Netty Epoll Server IO #4/DEBUG] [net.minecraftforge.fml.network.FMLLoginWrapper/FMLHANDSHAKE]: Recieved login wrapper packet event for channel fml:handshake with index 17
[13Jun2025 01:04:19.028] [Netty Epoll Server IO #4/DEBUG] [net.minecraftforge.fml.network.FMLHandshakeHandler/FMLHANDSHAKE]: Received client indexed reply 17 of type net.minecraftforge.fml.network.FMLHandshakeMessages$C2SAcknowledge
[13Jun2025 01:04:19.028] [Netty Epoll Server IO #4/DEBUG] [net.minecraftforge.fml.network.FMLHandshakeHandler/FMLHANDSHAKE]: Received acknowledgement from client
[13Jun2025 01:04:19.028] [Netty Epoll Server IO #4/DEBUG] [net.minecraftforge.fml.network.FMLLoginWrapper/FMLHANDSHAKE]: Recieved login wrapper packet event for channel fml:handshake with index 18
[13Jun2025 01:04:19.028] [Netty Epoll Server IO #4/DEBUG] [net.minecraftforge.fml.network.FMLHandshakeHandler/FMLHANDSHAKE]: Received client indexed reply 18 of type net.minecraftforge.fml.network.FMLHandshakeMessages$C2SAcknowledge
[13Jun2025 01:04:19.028] [Netty Epoll Server IO #4/DEBUG] [net.minecraftforge.fml.network.FMLHandshakeHandler/FMLHANDSHAKE]: Received acknowledgement from client
[13Jun2025 01:04:19.028] [Netty Epoll Server IO #4/DEBUG] [net.minecraftforge.fml.network.FMLLoginWrapper/FMLHANDSHAKE]: Recieved login wrapper packet event for channel fml:handshake with index 19
[13Jun2025 01:04:19.028] [Netty Epoll Server IO #4/DEBUG] [net.minecraftforge.fml.network.FMLHandshakeHandler/FMLHANDSHAKE]: Received client indexed reply 19 of type net.minecraftforge.fml.network.FMLHandshakeMessages$C2SAcknowledge
[13Jun2025 01:04:19.028] [Netty Epoll Server IO #4/DEBUG] [net.minecraftforge.fml.network.FMLHandshakeHandler/FMLHANDSHAKE]: Received acknowledgement from client
[13Jun2025 01:04:19.059] [Server thread/DEBUG] [net.minecraftforge.fml.network.FMLHandshakeHandler/FMLHANDSHAKE]: Sending ticking packet info 'Config archers_paradox-server.toml' to 'fml:handshake' sequence 28
[13Jun2025 01:04:19.105] [Server thread/DEBUG] [net.minecraftforge.fml.network.FMLHandshakeHandler/FMLHANDSHAKE]: Sending ticking packet info 'Config jei-server.toml' to 'fml:handshake' sequence 29
[13Jun2025 01:04:20.767] [Netty Epoll Server IO #4/DEBUG] [net.minecraftforge.fml.network.FMLLoginWrapper/FMLHANDSHAKE]: Recieved login wrapper packet event for channel fml:handshake with index 20
[13Jun2025 01:04:20.767] [Netty Epoll Server IO #4/DEBUG] [net.minecraftforge.fml.network.FMLHandshakeHandler/FMLHANDSHAKE]: Received client indexed reply 20 of type net.minecraftforge.fml.network.FMLHandshakeMessages$C2SAcknowledge
[13Jun2025 01:04:20.767] [Netty Epoll Server IO #4/DEBUG] [net.minecraftforge.fml.network.FMLHandshakeHandler/FMLHANDSHAKE]: Received acknowledgement from client
[13Jun2025 01:04:20.767] [Netty Epoll Server IO #4/DEBUG] [net.minecraftforge.fml.network.FMLLoginWrapper/FMLHANDSHAKE]: Recieved login wrapper packet event for channel fml:handshake with index 21
[13Jun2025 01:04:20.768] [Netty Epoll Server IO #4/DEBUG] [net.minecraftforge.fml.network.FMLHandshakeHandler/FMLHANDSHAKE]: Received client indexed reply 21 of type net.minecraftforge.fml.network.FMLHandshakeMessages$C2SAcknowledge
[13Jun2025 01:04:20.768] [Netty Epoll Server IO #4/DEBUG] [net.minecraftforge.fml.network.FMLHandshakeHandler/FMLHANDSHAKE]: Received acknowledgement from client
[13Jun2025 01:04:20.768] [Netty Epoll Server IO #4/DEBUG] [net.minecraftforge.fml.network.FMLLoginWrapper/FMLHANDSHAKE]: Recieved login wrapper packet event for channel fml:handshake with index 22
[13Jun2025 01:04:20.768] [Netty Epoll Server IO #4/DEBUG] [net.minecraftforge.fml.network.FMLHandshakeHandler/FMLHANDSHAKE]: Received client indexed reply 22 of type net.minecraftforge.fml.network.FMLHandshakeMessages$C2SAcknowledge
[13Jun2025 01:04:20.768] [Netty Epoll Server IO #4/DEBUG] [net.minecraftforge.fml.network.FMLHandshakeHandler/FMLHANDSHAKE]: Received acknowledgement from client
[13Jun2025 01:04:20.768] [Netty Epoll Server IO #4/DEBUG] [net.minecraftforge.fml.network.FMLLoginWrapper/FMLHANDSHAKE]: Recieved login wrapper packet event for channel fml:handshake with index 23
[13Jun2025 01:04:20.768] [Netty Epoll Server IO #4/DEBUG] [net.minecraftforge.fml.network.FMLHandshakeHandler/FMLHANDSHAKE]: Received client indexed reply 23 of type net.minecraftforge.fml.network.FMLHandshakeMessages$C2SAcknowledge
[13Jun2025 01:04:20.768] [Netty Epoll Server IO #4/DEBUG] [net.minecraftforge.fml.network.FMLHandshakeHandler/FMLHANDSHAKE]: Received acknowledgement from client
[13Jun2025 01:04:20.768] [Netty Epoll Server IO #4/DEBUG] [net.minecraftforge.fml.network.FMLLoginWrapper/FMLHANDSHAKE]: Recieved login wrapper packet event for channel fml:handshake with index 24
[13Jun2025 01:04:20.768] [Netty Epoll Server IO #4/DEBUG] [net.minecraftforge.fml.network.FMLHandshakeHandler/FMLHANDSHAKE]: Received client indexed reply 24 of type net.minecraftforge.fml.network.FMLHandshakeMessages$C2SAcknowledge
[13Jun2025 01:04:20.768] [Netty Epoll Server IO #4/DEBUG] [net.minecraftforge.fml.network.FMLHandshakeHandler/FMLHANDSHAKE]: Received acknowledgement from client
[13Jun2025 01:04:20.768] [Netty Epoll Server IO #4/DEBUG] [net.minecraftforge.fml.network.FMLLoginWrapper/FMLHANDSHAKE]: Recieved login wrapper packet event for channel fml:handshake with index 25
[13Jun2025 01:04:20.768] [Netty Epoll Server IO #4/DEBUG] [net.minecraftforge.fml.network.FMLHandshakeHandler/FMLHANDSHAKE]: Received client indexed reply 25 of type net.minecraftforge.fml.network.FMLHandshakeMessages$C2SAcknowledge
[13Jun2025 01:04:20.768] [Netty Epoll Server IO #4/DEBUG] [net.minecraftforge.fml.network.FMLHandshakeHandler/FMLHANDSHAKE]: Received acknowledgement from client
[13Jun2025 01:04:20.768] [Netty Epoll Server IO #4/DEBUG] [net.minecraftforge.fml.network.FMLLoginWrapper/FMLHANDSHAKE]: Recieved login wrapper packet event for channel fml:handshake with index 26
[13Jun2025 01:04:20.768] [Netty Epoll Server IO #4/DEBUG] [net.minecraftforge.fml.network.FMLHandshakeHandler/FMLHANDSHAKE]: Received client indexed reply 26 of type net.minecraftforge.fml.network.FMLHandshakeMessages$C2SAcknowledge
[13Jun2025 01:04:20.768] [Netty Epoll Server IO #4/DEBUG] [net.minecraftforge.fml.network.FMLHandshakeHandler/FMLHANDSHAKE]: Received acknowledgement from client
[13Jun2025 01:04:20.768] [Netty Epoll Server IO #4/DEBUG] [net.minecraftforge.fml.network.FMLLoginWrapper/FMLHANDSHAKE]: Recieved login wrapper packet event for channel fml:handshake with index 27
[13Jun2025 01:04:20.768] [Netty Epoll Server IO #4/DEBUG] [net.minecraftforge.fml.network.FMLHandshakeHandler/FMLHANDSHAKE]: Received client indexed reply 27 of type net.minecraftforge.fml.network.FMLHandshakeMessages$C2SAcknowledge
[13Jun2025 01:04:20.769] [Netty Epoll Server IO #4/DEBUG] [net.minecraftforge.fml.network.FMLHandshakeHandler/FMLHANDSHAKE]: Received acknowledgement from client
[13Jun2025 01:04:20.769] [Netty Epoll Server IO #4/DEBUG] [net.minecraftforge.fml.network.FMLLoginWrapper/FMLHANDSHAKE]: Recieved login wrapper packet event for channel fml:handshake with index 28
[13Jun2025 01:04:20.769] [Netty Epoll Server IO #4/DEBUG] [net.minecraftforge.fml.network.FMLHandshakeHandler/FMLHANDSHAKE]: Received client indexed reply 28 of type net.minecraftforge.fml.network.FMLHandshakeMessages$C2SAcknowledge
[13Jun2025 01:04:20.769] [Netty Epoll Server IO #4/DEBUG] [net.minecraftforge.fml.network.FMLHandshakeHandler/FMLHANDSHAKE]: Received acknowledgement from client
[13Jun2025 01:04:20.769] [Netty Epoll Server IO #4/DEBUG] [net.minecraftforge.fml.network.FMLLoginWrapper/FMLHANDSHAKE]: Recieved login wrapper packet event for channel fml:handshake with index 29
[13Jun2025 01:04:20.769] [Netty Epoll Server IO #4/DEBUG] [net.minecraftforge.fml.network.FMLHandshakeHandler/FMLHANDSHAKE]: Received client indexed reply 29 of type net.minecraftforge.fml.network.FMLHandshakeMessages$C2SAcknowledge
[13Jun2025 01:04:20.769] [Netty Epoll Server IO #4/DEBUG] [net.minecraftforge.fml.network.FMLHandshakeHandler/FMLHANDSHAKE]: Received acknowledgement from client
[13Jun2025 01:04:20.805] [Server thread/DEBUG] [net.minecraftforge.fml.network.FMLHandshakeHandler/FMLHANDSHAKE]: Handshake complete!
[13Jun2025 01:04:20.874] [Server thread/INFO] [net.minecraftforge.common.AdvancementLoadFix/]: Using new advancement loading for net.minecraft.advancements.PlayerAdvancements@2cc0b8ea
[13Jun2025 01:04:20.887] [Server thread/INFO] [net.minecraft.server.management.PlayerList/]: Fabrioreos[/100.106.168.72:57355] logged in with entity id 6339 at (1055.4762541060984, 60.0, -2020.300000011921)
[13Jun2025 01:04:20.887] [Server thread/DEBUG] [net.minecraftforge.network.NetworkFilters/]: Injected net.minecraftforge.network.ForgeConnectionNetworkFilter@27c7dfa into net.minecraft.network.NetworkManager@2ebe80d5
[13Jun2025 01:04:20.888] [Server thread/INFO] [net.minecraft.server.dedicated.DedicatedServer/]: Fabrioreos joined the game
[13Jun2025 01:04:20.905] [Server thread/INFO] [Waila/]: Syncing config to Fabrioreos (7d4ac431-ff3f-3f0b-8be5-35cee69540cb)
[13Jun2025 01:04:20.906] [Server thread/INFO] [antiqueatlas/]: Sent markers data #-1 to player Fabrioreos
[13Jun2025 01:04:20.906] [Server thread/INFO] [antiqueatlas/]: Sent custom biome data to player Fabrioreos
[13Jun2025 01:04:20.907] [Server thread/INFO] [antiqueatlas/]: Sent custom biome data to player Fabrioreos
[13Jun2025 01:04:20.907] [Server thread/INFO] [antiqueatlas/]: Sent custom biome data to player Fabrioreos
[13Jun2025 01:04:20.907] [Server thread/INFO] [antiqueatlas/]: Sent custom biome data to player Fabrioreos
[13Jun2025 01:04:30.473] [Server thread/DEBUG] [Spartan Weaponry/]: Intercepted PlayerEntity.getHeldItem() method!
[13Jun2025 01:04:55.170] [Server thread/DEBUG] [Spartan Weaponry/]: Intercepted PlayerEntity.getHeldItem() method!
[13Jun2025 01:04:56.221] [Server thread/DEBUG] [Spartan Weaponry/]: Intercepted PlayerEntity.getHeldItem() method!
[13Jun2025 01:05:35.869] [Server thread/DEBUG] [Spartan Weaponry/]: Intercepted PlayerEntity.getHeldItem() method!
[13Jun2025 01:05:35.869] [Server thread/DEBUG] [Spartan Weaponry/]: Intercepted EnchantmentHelper.getSweepingDamageRatio() method!
[13Jun2025 01:05:36.465] [Server thread/DEBUG] [Spartan Weaponry/]: Intercepted PlayerEntity.getHeldItem() method!
[13Jun2025 01:05:36.466] [Server thread/DEBUG] [Spartan Weaponry/]: Intercepted EnchantmentHelper.getSweepingDamageRatio() method!
[13Jun2025 01:05:38.718] [Server thread/DEBUG] [Spartan Weaponry/]: Intercepted PlayerEntity.getHeldItem() method!
[13Jun2025 01:05:38.719] [Server thread/DEBUG] [Spartan Weaponry/]: Intercepted EnchantmentHelper.getSweepingDamageRatio() method!
[13Jun2025 01:05:39.270] [Server thread/DEBUG] [Spartan Weaponry/]: Intercepted PlayerEntity.getHeldItem() method!
[13Jun2025 01:05:39.271] [Server thread/DEBUG] [Spartan Weaponry/]: Intercepted EnchantmentHelper.getSweepingDamageRatio() method!
[13Jun2025 01:05:44.120] [Server thread/DEBUG] [Spartan Weaponry/]: Intercepted PlayerEntity.getHeldItem() method!
[13Jun2025 01:05:44.120] [Server thread/DEBUG] [Spartan Weaponry/]: Intercepted EnchantmentHelper.getSweepingDamageRatio() method!
[13Jun2025 01:05:45.622] [Server thread/DEBUG] [Spartan Weaponry/]: Intercepted PlayerEntity.getHeldItem() method!
[13Jun2025 01:05:45.623] [Server thread/DEBUG] [Spartan Weaponry/]: Intercepted EnchantmentHelper.getSweepingDamageRatio() method!
[13Jun2025 01:05:46.016] [Server thread/DEBUG] [Spartan Weaponry/]: Intercepted PlayerEntity.getHeldItem() method!
[13Jun2025 01:05:46.218] [Server thread/DEBUG] [Spartan Weaponry/]: Intercepted PlayerEntity.getHeldItem() method!
[13Jun2025 01:06:14.872] [Server thread/INFO] [net.minecraft.server.dedicated.DedicatedServer/]: chocolinpy has made the advancement [Strange Encounter]
[13Jun2025 01:07:24.159] [Server thread/DEBUG] [Spartan Weaponry/]: Intercepted PlayerEntity.getHeldItem() method!
[13Jun2025 01:07:24.160] [Server thread/DEBUG] [Spartan Weaponry/]: Intercepted EnchantmentHelper.getSweepingDamageRatio() method!
[13Jun2025 01:07:24.915] [Server thread/DEBUG] [Spartan Weaponry/]: Intercepted PlayerEntity.getHeldItem() method!
[13Jun2025 01:07:24.915] [Server thread/DEBUG] [Spartan Weaponry/]: Intercepted EnchantmentHelper.getSweepingDamageRatio() method!
[13Jun2025 01:07:26.967] [Server thread/DEBUG] [Spartan Weaponry/]: Intercepted PlayerEntity.getHeldItem() method!
[13Jun2025 01:07:26.967] [Server thread/DEBUG] [Spartan Weaponry/]: Intercepted EnchantmentHelper.getSweepingDamageRatio() method!
[13Jun2025 01:07:33.920] [Server thread/DEBUG] [Spartan Weaponry/]: Intercepted PlayerEntity.getHeldItem() method!
[13Jun2025 01:07:43.111] [Server thread/DEBUG] [Spartan Weaponry/]: Intercepted PlayerEntity.getHeldItem() method!
[13Jun2025 01:07:43.111] [Server thread/DEBUG] [Spartan Weaponry/]: Intercepted EnchantmentHelper.getSweepingDamageRatio() method!
[13Jun2025 01:08:03.064] [Server thread/DEBUG] [Spartan Weaponry/]: Intercepted PlayerEntity.getHeldItem() method!
[13Jun2025 01:08:03.064] [Server thread/DEBUG] [Spartan Weaponry/]: Intercepted EnchantmentHelper.getSweepingDamageRatio() method!
[13Jun2025 01:08:03.661] [Server thread/DEBUG] [Spartan Weaponry/]: Intercepted PlayerEntity.getHeldItem() method!
[13Jun2025 01:08:03.662] [Server thread/DEBUG] [Spartan Weaponry/]: Intercepted EnchantmentHelper.getSweepingDamageRatio() method!
[13Jun2025 01:08:05.226] [Server thread/DEBUG] [Spartan Weaponry/]: Intercepted PlayerEntity.getHeldItem() method!
[13Jun2025 01:08:05.227] [Server thread/DEBUG] [Spartan Weaponry/]: Intercepted EnchantmentHelper.getSweepingDamageRatio() method!
[13Jun2025 01:08:05.811] [Server thread/DEBUG] [Spartan Weaponry/]: Intercepted PlayerEntity.getHeldItem() method!
[13Jun2025 01:08:29.181] [Server thread/ERROR] [net.minecraft.world.storage.ServerWorldInfo/]: WorldGenSettings: Value -1 outside of range [0:4096]
[13Jun2025 01:08:29.181] [Server thread/DEBUG] [net.minecraftforge.fml.FMLWorldPersistenceHook/WP]: Gathering id map for writing to world save world
[13Jun2025 01:08:29.186] [Server thread/DEBUG] [net.minecraftforge.fml.FMLWorldPersistenceHook/WP]: ID Map collection complete world
[13Jun2025 01:08:39.383] [Server thread/DEBUG] [Spartan Weaponry/]: Intercepted PlayerEntity.getHeldItem() method!
[13Jun2025 01:08:39.383] [Server thread/DEBUG] [Spartan Weaponry/]: Intercepted EnchantmentHelper.getSweepingDamageRatio() method!
[13Jun2025 01:08:39.910] [Server thread/DEBUG] [Spartan Weaponry/]: Intercepted PlayerEntity.getHeldItem() method!
[13Jun2025 01:08:39.910] [Server thread/DEBUG] [Spartan Weaponry/]: Intercepted EnchantmentHelper.getSweepingDamageRatio() method!
[13Jun2025 01:08:41.933] [Server thread/DEBUG] [Spartan Weaponry/]: Intercepted PlayerEntity.getHeldItem() method!
[13Jun2025 01:09:37.882] [Server thread/DEBUG] [Spartan Weaponry/]: Intercepted PlayerEntity.getHeldItem() method!
[13Jun2025 01:09:37.882] [Server thread/DEBUG] [Spartan Weaponry/]: Intercepted EnchantmentHelper.getSweepingDamageRatio() method!
[13Jun2025 01:09:38.436] [Server thread/DEBUG] [Spartan Weaponry/]: Intercepted PlayerEntity.getHeldItem() method!
[13Jun2025 01:09:38.436] [Server thread/DEBUG] [Spartan Weaponry/]: Intercepted EnchantmentHelper.getSweepingDamageRatio() method!
[13Jun2025 01:09:39.435] [Server thread/DEBUG] [Spartan Weaponry/]: Intercepted PlayerEntity.getHeldItem() method!
[13Jun2025 01:09:39.436] [Server thread/DEBUG] [Spartan Weaponry/]: Intercepted EnchantmentHelper.getSweepingDamageRatio() method!
[13Jun2025 01:09:40.435] [Server thread/DEBUG] [Spartan Weaponry/]: Intercepted PlayerEntity.getHeldItem() method!
[13Jun2025 01:09:40.436] [Server thread/DEBUG] [Spartan Weaponry/]: Intercepted EnchantmentHelper.getSweepingDamageRatio() method!
[13Jun2025 01:09:42.683] [Server thread/DEBUG] [Spartan Weaponry/]: Intercepted PlayerEntity.getHeldItem() method!
[13Jun2025 01:09:42.683] [Server thread/DEBUG] [Spartan Weaponry/]: Intercepted EnchantmentHelper.getSweepingDamageRatio() method!
[13Jun2025 01:09:43.235] [Server thread/DEBUG] [Spartan Weaponry/]: Intercepted PlayerEntity.getHeldItem() method!
[13Jun2025 01:09:43.236] [Server thread/DEBUG] [Spartan Weaponry/]: Intercepted EnchantmentHelper.getSweepingDamageRatio() method!
[13Jun2025 01:09:44.635] [Server thread/DEBUG] [Spartan Weaponry/]: Intercepted PlayerEntity.getHeldItem() method!
[13Jun2025 01:09:44.636] [Server thread/DEBUG] [Spartan Weaponry/]: Intercepted EnchantmentHelper.getSweepingDamageRatio() method!
[13Jun2025 01:10:32.733] [Server thread/DEBUG] [Spartan Weaponry/]: Intercepted PlayerEntity.getHeldItem() method!
[13Jun2025 01:10:32.734] [Server thread/DEBUG] [Spartan Weaponry/]: Intercepted EnchantmentHelper.getSweepingDamageRatio() method!
[13Jun2025 01:10:33.379] [Server thread/DEBUG] [Spartan Weaponry/]: Intercepted PlayerEntity.getHeldItem() method!
[13Jun2025 01:10:33.379] [Server thread/DEBUG] [Spartan Weaponry/]: Intercepted EnchantmentHelper.getSweepingDamageRatio() method!
[13Jun2025 01:10:34.433] [Server thread/DEBUG] [Spartan Weaponry/]: Intercepted PlayerEntity.getHeldItem() method!
[13Jun2025 01:10:34.433] [Server thread/DEBUG] [Spartan Weaponry/]: Intercepted EnchantmentHelper.getSweepingDamageRatio() method!
[13Jun2025 01:10:35.680] [Server thread/DEBUG] [Spartan Weaponry/]: Intercepted PlayerEntity.getHeldItem() method!
[13Jun2025 01:10:35.681] [Server thread/DEBUG] [Spartan Weaponry/]: Intercepted EnchantmentHelper.getSweepingDamageRatio() method!
[13Jun2025 01:10:37.912] [Server thread/DEBUG] [Spartan Weaponry/]: Intercepted PlayerEntity.getHeldItem() method!
[13Jun2025 01:10:37.912] [Server thread/DEBUG] [Spartan Weaponry/]: Intercepted EnchantmentHelper.getSweepingDamageRatio() method!
[13Jun2025 01:10:38.933] [Server thread/DEBUG] [Spartan Weaponry/]: Intercepted PlayerEntity.getHeldItem() method!
[13Jun2025 01:10:38.934] [Server thread/DEBUG] [Spartan Weaponry/]: Intercepted EnchantmentHelper.getSweepingDamageRatio() method!
[13Jun2025 01:10:39.478] [Server thread/DEBUG] [Spartan Weaponry/]: Intercepted PlayerEntity.getHeldItem() method!
[13Jun2025 01:10:40.883] [Server thread/DEBUG] [Spartan Weaponry/]: Intercepted PlayerEntity.getHeldItem() method!
[13Jun2025 01:10:40.884] [Server thread/DEBUG] [Spartan Weaponry/]: Intercepted EnchantmentHelper.getSweepingDamageRatio() method!
[13Jun2025 01:10:42.318] [Server thread/DEBUG] [Spartan Weaponry/]: Intercepted PlayerEntity.getHeldItem() method!
[13Jun2025 01:10:48.077] [Server thread/DEBUG] [Spartan Weaponry/]: Intercepted PlayerEntity.getHeldItem() method!
[13Jun2025 01:11:12.537] [Server thread/DEBUG] [Spartan Weaponry/]: Intercepted PlayerEntity.getHeldItem() method!
[13Jun2025 01:11:37.978] [Server thread/DEBUG] [Spartan Weaponry/]: Intercepted PlayerEntity.getHeldItem() method!
[13Jun2025 01:11:37.978] [Server thread/DEBUG] [Spartan Weaponry/]: Intercepted EnchantmentHelper.getSweepingDamageRatio() method!
[13Jun2025 01:11:38.532] [Server thread/DEBUG] [Spartan Weaponry/]: Intercepted PlayerEntity.getHeldItem() method!
[13Jun2025 01:11:38.533] [Server thread/DEBUG] [Spartan Weaponry/]: Intercepted EnchantmentHelper.getSweepingDamageRatio() method!
[13Jun2025 01:11:55.078] [Server thread/DEBUG] [Spartan Weaponry/]: Intercepted PlayerEntity.getHeldItem() method!
[13Jun2025 01:11:55.079] [Server thread/DEBUG] [Spartan Weaponry/]: Intercepted EnchantmentHelper.getSweepingDamageRatio() method!
[13Jun2025 01:11:56.428] [Server thread/DEBUG] [Spartan Weaponry/]: Intercepted PlayerEntity.getHeldItem() method!
[13Jun2025 01:11:56.429] [Server thread/DEBUG] [Spartan Weaponry/]: Intercepted EnchantmentHelper.getSweepingDamageRatio() method!
[13Jun2025 01:12:11.828] [Server thread/DEBUG] [Spartan Weaponry/]: Intercepted PlayerEntity.getHeldItem() method!
[13Jun2025 01:12:11.828] [Server thread/DEBUG] [Spartan Weaponry/]: Intercepted EnchantmentHelper.getSweepingDamageRatio() method!
[13Jun2025 01:12:12.681] [Server thread/DEBUG] [Spartan Weaponry/]: Intercepted PlayerEntity.getHeldItem() method!
[13Jun2025 01:12:12.682] [Server thread/DEBUG] [Spartan Weaponry/]: Intercepted EnchantmentHelper.getSweepingDamageRatio() method!
[13Jun2025 01:12:13.279] [Server thread/DEBUG] [Spartan Weaponry/]: Intercepted PlayerEntity.getHeldItem() method!
[13Jun2025 01:12:13.280] [Server thread/DEBUG] [Spartan Weaponry/]: Intercepted EnchantmentHelper.getSweepingDamageRatio() method!
[13Jun2025 01:12:13.494] [Server thread/INFO] [net.minecraft.server.dedicated.DedicatedServer/]: chocolinpy has made the advancement [Going Clubbing]
[13Jun2025 01:12:15.379] [Server thread/DEBUG] [Spartan Weaponry/]: Intercepted PlayerEntity.getHeldItem() method!
[13Jun2025 01:12:15.379] [Server thread/DEBUG] [Spartan Weaponry/]: Intercepted EnchantmentHelper.getSweepingDamageRatio() method!
[13Jun2025 01:12:15.979] [Server thread/DEBUG] [Spartan Weaponry/]: Intercepted PlayerEntity.getHeldItem() method!
[13Jun2025 01:12:15.980] [Server thread/DEBUG] [Spartan Weaponry/]: Intercepted EnchantmentHelper.getSweepingDamageRatio() method!
[13Jun2025 01:12:17.893] [Server thread/INFO] [net.minecraft.server.dedicated.DedicatedServer/]: chocolinpy has made the advancement [Blunt-force Trauma]
[13Jun2025 01:12:19.778] [Server thread/DEBUG] [Spartan Weaponry/]: Intercepted PlayerEntity.getHeldItem() method!
[13Jun2025 01:12:19.779] [Server thread/DEBUG] [Spartan Weaponry/]: Intercepted EnchantmentHelper.getSweepingDamageRatio() method!
[13Jun2025 01:12:20.880] [Server thread/DEBUG] [Spartan Weaponry/]: Intercepted PlayerEntity.getHeldItem() method!
[13Jun2025 01:12:20.881] [Server thread/DEBUG] [Spartan Weaponry/]: Intercepted EnchantmentHelper.getSweepingDamageRatio() method!
[13Jun2025 01:12:34.980] [Server thread/DEBUG] [Spartan Weaponry/]: Intercepted PlayerEntity.getHeldItem() method!
[13Jun2025 01:12:34.981] [Server thread/DEBUG] [Spartan Weaponry/]: Intercepted EnchantmentHelper.getSweepingDamageRatio() method!
[13Jun2025 01:13:29.052] [Server thread/ERROR] [net.minecraft.world.storage.ServerWorldInfo/]: WorldGenSettings: Value -1 outside of range [0:4096]
[13Jun2025 01:13:29.053] [Server thread/DEBUG] [net.minecraftforge.fml.FMLWorldPersistenceHook/WP]: Gathering id map for writing to world save world
[13Jun2025 01:13:29.058] [Server thread/DEBUG] [net.minecraftforge.fml.FMLWorldPersistenceHook/WP]: ID Map collection complete world
