[04Jun2025 01:22:07.555] [main/INFO] [cpw.mods.modlauncher.Launcher/MODLAUNCHER]: ModLauncher running: args [--gameDir, ., --launchTarget, fmlserver, --fml.forgeVersion, 36.2.42, --fml.mcpVersion, 20210115.111550, --fml.mcVersion, 1.16.5, --fml.forgeGroup, net.minecraftforge, nogui]
[04Jun2025 01:22:07.560] [main/INFO] [cpw.mods.modlauncher.Launcher/MODLAUNCHER]: ModLauncher 8.1.3+8.1.3+main-8.1.x.c94d18ec starting: java version 11.0.27 by Ubuntu
[04Jun2025 01:22:09.482] [main/INFO] [net.minecraftforge.fml.loading.FixSSL/CORE]: Added Lets Encrypt root certificates as additional trust
[04Jun2025 01:22:09.638] [main/INFO] [mixin/]: SpongePowered MIXIN Subsystem Version=0.8.4 Source=file:/workspaces/franco-es-de-cerro-xd/servidor_minecraft/libraries/org/spongepowered/mixin/0.8.4/mixin-0.8.4.jar Service=ModLauncher Env=SERVER
[04Jun2025 01:22:10.832] [main/INFO] [STDERR/]: [jdk.nashorn.api.scripting.NashornScriptEngine:<init>:143]: Warning: Nashorn engine is planned to be removed from a future JDK release
[04Jun2025 01:22:10.962] [main/INFO] [STDERR/]: [jdk.nashorn.api.scripting.NashornScriptEngine:<init>:143]: Warning: Nashorn engine is planned to be removed from a future JDK release
[04Jun2025 01:22:10.974] [main/INFO] [STDERR/]: [jdk.nashorn.api.scripting.NashornScriptEngine:<init>:143]: Warning: Nashorn engine is planned to be removed from a future JDK release
[04Jun2025 01:22:10.988] [main/INFO] [STDERR/]: [jdk.nashorn.api.scripting.NashornScriptEngine:<init>:143]: Warning: Nashorn engine is planned to be removed from a future JDK release
[04Jun2025 01:22:12.442] [main/INFO] [mixin/]: Successfully loaded Mixin Connector [tictim.paraglider.MixinConnector]
[04Jun2025 01:22:12.444] [main/INFO] [cpw.mods.modlauncher.LaunchServiceHandler/MODLAUNCHER]: Launching target 'fmlserver' with arguments [--gameDir, ., nogui]
[04Jun2025 01:22:12.465] [main/WARN] [mixin/]: Reference map 'cataclysm.refmap.json' for cataclysm.mixins.json could not be read. If this is a development environment you can ignore this message
[04Jun2025 01:22:12.502] [main/WARN] [mixin/]: Reference map 'antiqueatlas-forge-refmap.json' for antiqueatlas.mixins.json could not be read. If this is a development environment you can ignore this message
[04Jun2025 01:22:16.613] [main/WARN] [mixin/]: @Redirect conflict. Skipping spartanweaponry.mixins.json:PlayerEntityMixin->@Redirect::causePlayerDamage(Lnet/minecraft/entity/player/PlayerEntity;)Lnet/minecraft/util/DamageSource; with priority 900, already redirected by footwork.mixins.json:MixinPlayerEntity->@Redirect::customDamageSource(Lnet/minecraft/entity/player/PlayerEntity;)Lnet/minecraft/util/DamageSource; with priority 1000
[04Jun2025 01:22:16.614] [main/WARN] [mixin/]: @Redirect conflict. Skipping spartanweaponry.mixins.json:PlayerEntityMixin->@Redirect::causePlayerDamage(Lnet/minecraft/entity/player/PlayerEntity;)Lnet/minecraft/util/DamageSource; with priority 900, already redirected by footwork.mixins.json:MixinPlayerEntity->@Redirect::customDamageSource(Lnet/minecraft/entity/player/PlayerEntity;)Lnet/minecraft/util/DamageSource; with priority 1000
[04Jun2025 01:22:23.217] [main/INFO] [net.minecraftforge.registries.GameData/]: Potentially Dangerous alternative prefix `citadel` for name `debug`, expected `minecraft`. This could be a intended override, but in most cases indicates a broken mod.
[04Jun2025 01:22:23.220] [main/INFO] [net.minecraftforge.registries.GameData/]: Potentially Dangerous alternative prefix `citadel` for name `citadel_book`, expected `minecraft`. This could be a intended override, but in most cases indicates a broken mod.
[04Jun2025 01:22:23.221] [main/INFO] [net.minecraftforge.registries.GameData/]: Potentially Dangerous alternative prefix `citadel` for name `effect_item`, expected `minecraft`. This could be a intended override, but in most cases indicates a broken mod.
[04Jun2025 01:22:23.221] [main/INFO] [net.minecraftforge.registries.GameData/]: Potentially Dangerous alternative prefix `citadel` for name `fancy_item`, expected `minecraft`. This could be a intended override, but in most cases indicates a broken mod.
[04Jun2025 01:22:23.400] [main/INFO] [net.minecraftforge.registries.GameData/]: Potentially Dangerous alternative prefix `walljump` for name `walljump`, expected `minecraft`. This could be a intended override, but in most cases indicates a broken mod.
[04Jun2025 01:22:23.400] [main/INFO] [net.minecraftforge.registries.GameData/]: Potentially Dangerous alternative prefix `walljump` for name `doublejump`, expected `minecraft`. This could be a intended override, but in most cases indicates a broken mod.
[04Jun2025 01:22:23.400] [main/INFO] [net.minecraftforge.registries.GameData/]: Potentially Dangerous alternative prefix `walljump` for name `speedboost`, expected `minecraft`. This could be a intended override, but in most cases indicates a broken mod.
[04Jun2025 01:22:23.927] [modloading-worker-2/INFO] [JarSignVerifier/]: Mod usefulbackpacks is signed with a valid certificate.
[04Jun2025 01:22:24.622] [modloading-worker-0/INFO] [Dungeon Crawl/]: Here we go! Launching Dungeon Crawl 2.3.12...
[04Jun2025 01:22:24.815] [modloading-worker-1/INFO] [JarSignVerifier/]: Mod uteamcore is signed with a valid certificate.
[04Jun2025 01:22:24.910] [modloading-worker-2/INFO] [Spartan Weaponry/]: Constructing Mod: Spartan Weaponry
[04Jun2025 01:22:24.910] [modloading-worker-2/INFO] [Spartan Weaponry/]: Initialising API! Version: 6
[04Jun2025 01:22:25.862] [modloading-worker-0/INFO] [net.minecraftforge.common.ForgeMod/FORGEMOD]: Forge mod loading, version 36.2.42, for MC 1.16.5 with MCP 20210115.111550
[04Jun2025 01:22:25.862] [modloading-worker-0/INFO] [net.minecraftforge.common.MinecraftForge/FORGE]: MinecraftForge v36.2.42 Initialized
[04Jun2025 01:22:26.156] [modloading-worker-2/INFO] [expandability/]: ExpandAbility here, who dis?
[04Jun2025 01:22:27.467] [main/INFO] [Spartan Weaponry/]: Registering items...
[04Jun2025 01:22:27.476] [main/INFO] [Spartan Weaponry/]: Items Registered!
[04Jun2025 01:22:28.453] [main/INFO] [Spartan Weaponry/]: Registering Entities
[04Jun2025 01:22:28.714] [main/INFO] [corgitaco.enhancedcelestials.Main/]: enhancedcelestials: Sounds registered!
[04Jun2025 01:22:29.166] [modloading-worker-2/WARN] [net.minecraftforge.common.ForgeHooks/]: Called deprecated GlobalEntityTypeAttributes#put for goblintraders:goblin_trader, use EntityAttributeCreationEvent instead.
[04Jun2025 01:22:29.167] [modloading-worker-2/WARN] [net.minecraftforge.common.ForgeHooks/]: Called deprecated GlobalEntityTypeAttributes#put for goblintraders:vein_goblin_trader, use EntityAttributeCreationEvent instead.
[04Jun2025 01:22:29.275] [modloading-worker-0/INFO] [com.jaquadro.minecraft.storagedrawers.StorageDrawers/]: New compacting rule 4 clay_ball = 1 clay
[04Jun2025 01:22:29.276] [modloading-worker-0/INFO] [com.jaquadro.minecraft.storagedrawers.StorageDrawers/]: New compacting rule 4 snowball = 1 snow_block
[04Jun2025 01:22:29.276] [modloading-worker-0/INFO] [com.jaquadro.minecraft.storagedrawers.StorageDrawers/]: New compacting rule 4 glowstone_dust = 1 glowstone
[04Jun2025 01:22:29.276] [modloading-worker-0/INFO] [com.jaquadro.minecraft.storagedrawers.StorageDrawers/]: New compacting rule 4 brick = 1 bricks
[04Jun2025 01:22:29.284] [modloading-worker-0/INFO] [com.jaquadro.minecraft.storagedrawers.StorageDrawers/]: New compacting rule 4 nether_brick = 1 nether_bricks
[04Jun2025 01:22:29.284] [modloading-worker-0/INFO] [com.jaquadro.minecraft.storagedrawers.StorageDrawers/]: New compacting rule 9 nether_wart = 1 nether_wart_block
[04Jun2025 01:22:29.285] [modloading-worker-0/INFO] [com.jaquadro.minecraft.storagedrawers.StorageDrawers/]: New compacting rule 4 quartz = 1 quartz_block
[04Jun2025 01:22:29.287] [modloading-worker-0/INFO] [com.jaquadro.minecraft.storagedrawers.StorageDrawers/]: New compacting rule 9 melon_slice = 1 melon
[04Jun2025 01:22:29.288] [modloading-worker-0/INFO] [com.jaquadro.minecraft.storagedrawers.StorageDrawers/]: New compacting rule 4 sand = 1 sandstone
[04Jun2025 01:22:29.288] [modloading-worker-0/INFO] [com.jaquadro.minecraft.storagedrawers.StorageDrawers/]: New compacting rule 4 red_sand = 1 red_sandstone
[04Jun2025 01:22:29.366] [modloading-worker-2/INFO] [Dungeon Crawl/]: Common Setup
[04Jun2025 01:22:29.379] [modloading-worker-2/INFO] [Dungeon Crawl/]: Whitelisted Dimensions:
[04Jun2025 01:22:29.380] [modloading-worker-2/INFO] [Dungeon Crawl/]: minecraft:overworld
[04Jun2025 01:22:29.415] [modloading-worker-0/INFO] [com.jaquadro.minecraft.storagedrawers.StorageDrawers/]: New compacting rule 4 clay_ball = 1 clay
[04Jun2025 01:22:29.417] [modloading-worker-0/INFO] [Spartan Weaponry/]: Setting up Spartan Weaponry!
[04Jun2025 01:22:29.590] [Forge Version Check/INFO] [net.minecraftforge.fml.VersionChecker/]: [usefulbackpacks] Starting version check at https://api.u-team.info/update/usefulbackpacks.json
[04Jun2025 01:22:30.235] [Forge Version Check/INFO] [net.minecraftforge.fml.VersionChecker/]: [usefulbackpacks] Found status: UP_TO_DATE Current: 1.12.1.103 Target: null
[04Jun2025 01:22:30.236] [Forge Version Check/INFO] [net.minecraftforge.fml.VersionChecker/]: [goblintraders] Starting version check at https://mrcrayfish.com/modupdatejson?id=goblintraders
[04Jun2025 01:22:30.237] [main/INFO] [Dungeon Crawl/]: Registering Structure Piece Types
[04Jun2025 01:22:30.410] [Forge Version Check/WARN] [net.minecraftforge.fml.VersionChecker/]: Failed to process update information
java.io.IOException: Server returned HTTP response code: 403 for URL: https://mrcrayfish.com/modupdatejson?id=goblintraders
	at jdk.internal.reflect.NativeConstructorAccessorImpl.newInstance0(Native Method) ~[?:?]
	at jdk.internal.reflect.NativeConstructorAccessorImpl.newInstance(NativeConstructorAccessorImpl.java:62) ~[?:?]
	at jdk.internal.reflect.DelegatingConstructorAccessorImpl.newInstance(DelegatingConstructorAccessorImpl.java:45) ~[?:?]
	at java.lang.reflect.Constructor.newInstance(Constructor.java:490) ~[?:?]
	at sun.net.www.protocol.http.HttpURLConnection$10.run(HttpURLConnection.java:2017) ~[?:?]
	at sun.net.www.protocol.http.HttpURLConnection$10.run(HttpURLConnection.java:2012) ~[?:?]
	at java.security.AccessController.doPrivileged(Native Method) ~[?:?]
	at sun.net.www.protocol.http.HttpURLConnection.getChainedException(HttpURLConnection.java:2011) ~[?:?]
	at sun.net.www.protocol.http.HttpURLConnection.getInputStream0(HttpURLConnection.java:1573) ~[?:?]
	at sun.net.www.protocol.http.HttpURLConnection.getInputStream(HttpURLConnection.java:1557) ~[?:?]
	at sun.net.www.protocol.https.HttpsURLConnectionImpl.getInputStream(HttpsURLConnectionImpl.java:250) ~[?:?]
	at net.minecraftforge.fml.VersionChecker$1.openUrlString(VersionChecker.java:163) ~[forge:?]
	at net.minecraftforge.fml.VersionChecker$1.process(VersionChecker.java:187) ~[forge:?]
	at java.lang.Iterable.forEach(Iterable.java:75) [?:?]
	at net.minecraftforge.fml.VersionChecker$1.run(VersionChecker.java:128) [forge:?]
Caused by: java.io.IOException: Server returned HTTP response code: 403 for URL: https://mrcrayfish.com/modupdatejson?id=goblintraders
	at sun.net.www.protocol.http.HttpURLConnection.getInputStream0(HttpURLConnection.java:1961) ~[?:?]
	at sun.net.www.protocol.http.HttpURLConnection.getInputStream(HttpURLConnection.java:1557) ~[?:?]
	at java.net.HttpURLConnection.getResponseCode(HttpURLConnection.java:527) ~[?:?]
	at sun.net.www.protocol.https.HttpsURLConnectionImpl.getResponseCode(HttpsURLConnectionImpl.java:334) ~[?:?]
	at net.minecraftforge.fml.VersionChecker$1.openUrlString(VersionChecker.java:145) ~[forge:?]
	... 3 more
[04Jun2025 01:22:30.417] [Forge Version Check/INFO] [net.minecraftforge.fml.VersionChecker/]: [configured] Starting version check at https://mrcrayfish.com/modupdatejson?id=configured
[04Jun2025 01:22:30.537] [Forge Version Check/WARN] [net.minecraftforge.fml.VersionChecker/]: Failed to process update information
java.io.IOException: Server returned HTTP response code: 403 for URL: https://mrcrayfish.com/modupdatejson?id=configured
	at jdk.internal.reflect.NativeConstructorAccessorImpl.newInstance0(Native Method) ~[?:?]
	at jdk.internal.reflect.NativeConstructorAccessorImpl.newInstance(NativeConstructorAccessorImpl.java:62) ~[?:?]
	at jdk.internal.reflect.DelegatingConstructorAccessorImpl.newInstance(DelegatingConstructorAccessorImpl.java:45) ~[?:?]
	at java.lang.reflect.Constructor.newInstance(Constructor.java:490) ~[?:?]
	at sun.net.www.protocol.http.HttpURLConnection$10.run(HttpURLConnection.java:2017) ~[?:?]
	at sun.net.www.protocol.http.HttpURLConnection$10.run(HttpURLConnection.java:2012) ~[?:?]
	at java.security.AccessController.doPrivileged(Native Method) ~[?:?]
	at sun.net.www.protocol.http.HttpURLConnection.getChainedException(HttpURLConnection.java:2011) ~[?:?]
	at sun.net.www.protocol.http.HttpURLConnection.getInputStream0(HttpURLConnection.java:1573) ~[?:?]
	at sun.net.www.protocol.http.HttpURLConnection.getInputStream(HttpURLConnection.java:1557) ~[?:?]
	at sun.net.www.protocol.https.HttpsURLConnectionImpl.getInputStream(HttpsURLConnectionImpl.java:250) ~[?:?]
	at net.minecraftforge.fml.VersionChecker$1.openUrlString(VersionChecker.java:163) ~[forge:?]
	at net.minecraftforge.fml.VersionChecker$1.process(VersionChecker.java:187) ~[forge:?]
	at java.lang.Iterable.forEach(Iterable.java:75) [?:?]
	at net.minecraftforge.fml.VersionChecker$1.run(VersionChecker.java:128) [forge:?]
Caused by: java.io.IOException: Server returned HTTP response code: 403 for URL: https://mrcrayfish.com/modupdatejson?id=configured
	at sun.net.www.protocol.http.HttpURLConnection.getInputStream0(HttpURLConnection.java:1961) ~[?:?]
	at sun.net.www.protocol.http.HttpURLConnection.getInputStream(HttpURLConnection.java:1557) ~[?:?]
	at java.net.HttpURLConnection.getResponseCode(HttpURLConnection.java:527) ~[?:?]
	at sun.net.www.protocol.https.HttpsURLConnectionImpl.getResponseCode(HttpsURLConnectionImpl.java:334) ~[?:?]
	at net.minecraftforge.fml.VersionChecker$1.openUrlString(VersionChecker.java:145) ~[forge:?]
	... 3 more
[04Jun2025 01:22:30.547] [Forge Version Check/INFO] [net.minecraftforge.fml.VersionChecker/]: [tombstone] Starting version check at https://raw.githubusercontent.com/Corail31/tombstone_lite/master/update.json
[04Jun2025 01:22:30.569] [modloading-worker-2/INFO] [Waila/]: Registered plugin at snownee.jade.JadePlugin
[04Jun2025 01:22:30.571] [modloading-worker-2/INFO] [Waila/]: Registered plugin at snownee.jade.JadeClientPlugin
[04Jun2025 01:22:30.582] [modloading-worker-2/INFO] [Waila/]: Registered plugin at mcp.mobius.waila.addons.minecraft.PluginMinecraft
[04Jun2025 01:22:30.586] [modloading-worker-2/INFO] [Waila/]: Registered plugin at net.blay09.mods.waystones.compat.WailaProvider
[04Jun2025 01:22:30.586] [Forge Version Check/INFO] [net.minecraftforge.fml.VersionChecker/]: [tombstone] Found status: UP_TO_DATE Current: 6.9.6 Target: null
[04Jun2025 01:22:30.599] [Forge Version Check/INFO] [net.minecraftforge.fml.VersionChecker/]: [uteamcore] Starting version check at https://api.u-team.info/update/uteamcore.json
[04Jun2025 01:22:30.628] [modloading-worker-2/INFO] [Waila/]: Registered plugin at com.jaquadro.minecraft.storagedrawers.integration.Waila
[04Jun2025 01:22:30.630] [modloading-worker-2/INFO] [Waila/]: Registered plugin at ovh.corail.tombstone.compatibility.IntegrationWaila
[04Jun2025 01:22:30.636] [Forge Version Check/INFO] [net.minecraftforge.fml.VersionChecker/]: [uteamcore] Found status: OUTDATED Current: 3.2.1.358 Target: 3.2.1.378
[04Jun2025 01:22:30.636] [Forge Version Check/INFO] [net.minecraftforge.fml.VersionChecker/]: [catalogue] Starting version check at https://mrcrayfish.com/modupdatejson?id=catalogue
[04Jun2025 01:22:30.753] [Forge Version Check/WARN] [net.minecraftforge.fml.VersionChecker/]: Failed to process update information
java.io.IOException: Server returned HTTP response code: 403 for URL: https://mrcrayfish.com/modupdatejson?id=catalogue
	at jdk.internal.reflect.NativeConstructorAccessorImpl.newInstance0(Native Method) ~[?:?]
	at jdk.internal.reflect.NativeConstructorAccessorImpl.newInstance(NativeConstructorAccessorImpl.java:62) ~[?:?]
	at jdk.internal.reflect.DelegatingConstructorAccessorImpl.newInstance(DelegatingConstructorAccessorImpl.java:45) ~[?:?]
	at java.lang.reflect.Constructor.newInstance(Constructor.java:490) ~[?:?]
	at sun.net.www.protocol.http.HttpURLConnection$10.run(HttpURLConnection.java:2017) ~[?:?]
	at sun.net.www.protocol.http.HttpURLConnection$10.run(HttpURLConnection.java:2012) ~[?:?]
	at java.security.AccessController.doPrivileged(Native Method) ~[?:?]
	at sun.net.www.protocol.http.HttpURLConnection.getChainedException(HttpURLConnection.java:2011) ~[?:?]
	at sun.net.www.protocol.http.HttpURLConnection.getInputStream0(HttpURLConnection.java:1573) ~[?:?]
	at sun.net.www.protocol.http.HttpURLConnection.getInputStream(HttpURLConnection.java:1557) ~[?:?]
	at sun.net.www.protocol.https.HttpsURLConnectionImpl.getInputStream(HttpsURLConnectionImpl.java:250) ~[?:?]
	at net.minecraftforge.fml.VersionChecker$1.openUrlString(VersionChecker.java:163) ~[forge:?]
	at net.minecraftforge.fml.VersionChecker$1.process(VersionChecker.java:187) ~[forge:?]
	at java.lang.Iterable.forEach(Iterable.java:75) [?:?]
	at net.minecraftforge.fml.VersionChecker$1.run(VersionChecker.java:128) [forge:?]
Caused by: java.io.IOException: Server returned HTTP response code: 403 for URL: https://mrcrayfish.com/modupdatejson?id=catalogue
	at sun.net.www.protocol.http.HttpURLConnection.getInputStream0(HttpURLConnection.java:1961) ~[?:?]
	at sun.net.www.protocol.http.HttpURLConnection.getInputStream(HttpURLConnection.java:1557) ~[?:?]
	at java.net.HttpURLConnection.getResponseCode(HttpURLConnection.java:527) ~[?:?]
	at sun.net.www.protocol.https.HttpsURLConnectionImpl.getResponseCode(HttpsURLConnectionImpl.java:334) ~[?:?]
	at net.minecraftforge.fml.VersionChecker$1.openUrlString(VersionChecker.java:145) ~[forge:?]
	... 3 more
[04Jun2025 01:22:30.755] [Forge Version Check/INFO] [net.minecraftforge.fml.VersionChecker/]: [forge] Starting version check at https://files.minecraftforge.net/net/minecraftforge/forge/promotions_slim.json
[04Jun2025 01:22:31.155] [Forge Version Check/INFO] [net.minecraftforge.fml.VersionChecker/]: [forge] Found status: AHEAD Current: 36.2.42 Target: null
[04Jun2025 01:22:31.155] [Forge Version Check/INFO] [net.minecraftforge.fml.VersionChecker/]: [cofh_core] Starting version check at https://raw.github.com/cofh/version/master/cofh_core/update.json
[04Jun2025 01:22:31.266] [Forge Version Check/INFO] [net.minecraftforge.fml.VersionChecker/]: [cofh_core] Found status: AHEAD Current: 1.5.2.22 Target: null
[04Jun2025 01:22:31.266] [Forge Version Check/INFO] [net.minecraftforge.fml.VersionChecker/]: [archers_paradox] Starting version check at https://raw.github.com/cofh/version/master/archers_paradox/update.json
[04Jun2025 01:22:31.304] [Forge Version Check/INFO] [net.minecraftforge.fml.VersionChecker/]: [archers_paradox] Found status: AHEAD Current: 1.5.0.2 Target: null
[04Jun2025 01:22:35.939] [main/INFO] [com.mojang.authlib.yggdrasil.YggdrasilAuthenticationService/]: Environment: authHost='https://authserver.mojang.com', accountsHost='https://api.mojang.com', sessionHost='https://sessionserver.mojang.com', servicesHost='https://api.minecraftservices.com', name='PROD'
[04Jun2025 01:22:36.966] [main/WARN] [net.minecraft.command.Commands/]: Ambiguity between arguments [cofh, ignite, duration] and [cofh, ignite, targets] with inputs: [0, -123, 123]
[04Jun2025 01:22:36.994] [main/WARN] [net.minecraft.command.Commands/]: Ambiguity between arguments [cofh, ignite, targets] and [cofh, ignite, duration] with inputs: [0123]
[04Jun2025 01:22:36.995] [main/WARN] [net.minecraft.command.Commands/]: Ambiguity between arguments [cofh, invis, flag] and [cofh, invis, targets] with inputs: [true, false]
[04Jun2025 01:22:37.000] [main/WARN] [net.minecraft.command.Commands/]: Ambiguity between arguments [cofh, invuln, flag] and [cofh, invuln, targets] with inputs: [true, false]
[04Jun2025 01:22:37.016] [main/WARN] [net.minecraft.command.Commands/]: Ambiguity between arguments [teleport, destination] and [teleport, targets] with inputs: [Player, 0123, @e, dd12be42-52a9-4a91-a8a1-11c01849e498]
[04Jun2025 01:22:37.021] [main/WARN] [net.minecraft.command.Commands/]: Ambiguity between arguments [teleport, location] and [teleport, destination] with inputs: [0.1 -0.5 .9, 0 0 0]
[04Jun2025 01:22:37.026] [main/WARN] [net.minecraft.command.Commands/]: Ambiguity between arguments [teleport, location] and [teleport, targets] with inputs: [0.1 -0.5 .9, 0 0 0]
[04Jun2025 01:22:37.028] [main/WARN] [net.minecraft.command.Commands/]: Ambiguity between arguments [teleport, targets] and [teleport, destination] with inputs: [Player, 0123, dd12be42-52a9-4a91-a8a1-11c01849e498]
[04Jun2025 01:22:37.029] [main/WARN] [net.minecraft.command.Commands/]: Ambiguity between arguments [teleport, targets, location] and [teleport, targets, destination] with inputs: [0.1 -0.5 .9, 0 0 0]
[04Jun2025 01:22:37.044] [main/INFO] [net.minecraft.resources.SimpleReloadableResourceManager/]: Reloading ResourceManager: Default, forge-1.16.5-36.2.42-universal.jar, useful_backpacks-1.16.5-1.12.1.103.jar, mowziesmobs-1.5.27.jar, Jade-1.16.4-2.8.3.jar, endrem-5.0.3-R-1.16.5.jar, jei-1.16.5-7.8.0.1013.jar, simplefarming-1.16.5-1.3.8.jar, goblintraders-1.7.3-1.16.5.jar, L_Enders Cataclysm-0.48 Changed Theme -1.16.5.jar, curios-forge-1.16.5-4.1.0.0.jar, Waystones_1.16.5-7.6.4.jar, citadel-1.8.1-1.16.5.jar, StorageDrawers-1.16.3-8.5.2.jar, Artifacts-1.16.5-2.10.6.jar, configured-1.5.4-1.16.5.jar, elevatorid-1.16.5-1.7.13.jar, tombstone-1.16.5-6.9.6.jar, DungeonCrawl-1.16.5-2.3.12.jar, sophisticatedbackpacks-1.16.5-3.15.20.755.jar, u_team_core-forge-1.16.5-3.2.1.358.jar, SpartanWeaponry-1.16.5-2.2.2.jar, relics-1.16.5-0.3.4.4.jar, architectury-1.32.68.jar, catalogue-1.6.1-1.16.5.jar, walljump-forge-1.16.4-1.3.7.jar, cloth-config-4.17.132-forge.jar, footwork-1.2.jar, enhancedcelestials-2.0.9-1.16.5.jar, the_bumblezone_forge-3.2.1+1.16.5.jar, ColdsGrappler(Forge1.16.4)vrs1.0.2.jar, Paraglider-1.16.5-1.3.2.14.jar, cofh_core-1.16.5-1.5.2.22.jar, archers_paradox-1.16.5-1.5.0.2.jar, Aquaculture-1.16.5-2.1.23.jar, expandability-2.0.1-forge.jar, geckolib-forge-1.16.5-3.0.106.jar, ironchest-1.16.5-11.2.21.jar, antiqueatlas-6.2.4-forge-mc1.16.5.jar, DungeonsArise-1.16.5-2.1.49-beta.jar, AnointedItems-1.16.5-release1.2.4.jar, carryon-1.16.5-1.15.6.24.jar
[04Jun2025 01:22:40.478] [Worker-Main-4/INFO] [net.minecraft.item.crafting.RecipeManager/]: Skipping loading recipe ironchest:chests/iron_silver_chest as it's serializer returned null
[04Jun2025 01:22:40.497] [Worker-Main-4/INFO] [net.minecraft.item.crafting.RecipeManager/]: Skipping loading recipe ironchest:upgrades/copper_to_iron_chest_upgrade as it's serializer returned null
[04Jun2025 01:22:40.500] [Worker-Main-4/INFO] [net.minecraft.item.crafting.RecipeManager/]: Skipping loading recipe ironchest:chests/silver_diamond_chest as it's serializer returned null
[04Jun2025 01:22:40.525] [Worker-Main-4/INFO] [net.minecraft.item.crafting.RecipeManager/]: Skipping loading recipe ironchest:chests/vanilla_copper_chest as it's serializer returned null
[04Jun2025 01:22:40.551] [Worker-Main-4/INFO] [net.minecraft.item.crafting.RecipeManager/]: Skipping loading recipe ironchest:upgrades/silver_to_gold_chest_upgrade as it's serializer returned null
[04Jun2025 01:22:40.555] [Worker-Main-4/INFO] [net.minecraft.item.crafting.RecipeManager/]: Skipping loading recipe ironchest:chests/copper_iron_chest as it's serializer returned null
[04Jun2025 01:22:40.568] [Worker-Main-4/INFO] [net.minecraft.item.crafting.RecipeManager/]: Skipping loading recipe ironchest:chests/silver_gold_chest as it's serializer returned null
[04Jun2025 01:22:40.572] [Worker-Main-4/INFO] [net.minecraft.item.crafting.RecipeManager/]: Skipping loading recipe ironchest:upgrades/copper_to_silver_chest_upgrade as it's serializer returned null
[04Jun2025 01:22:40.587] [Worker-Main-4/INFO] [net.minecraft.item.crafting.RecipeManager/]: Skipping loading recipe ironchest:chests/copper_silver_chest as it's serializer returned null
[04Jun2025 01:22:40.591] [Worker-Main-4/INFO] [net.minecraft.item.crafting.RecipeManager/]: Skipping loading recipe ironchest:upgrades/wood_to_copper_chest_upgrade as it's serializer returned null
[04Jun2025 01:22:40.596] [Worker-Main-4/INFO] [net.minecraft.item.crafting.RecipeManager/]: Loaded 10 recipes
[04Jun2025 01:22:41.854] [Worker-Main-4/INFO] [Spartan Weaponry/]: Adding Longbow and Heavy Crossbow related loot to the Village Fletcher Loot Table!
[04Jun2025 01:22:42.895] [Worker-Main-4/INFO] [Spartan Weaponry/]: Adding Diamond Weapons to the End City Treasure Loot Table!
[04Jun2025 01:22:43.020] [Worker-Main-4/INFO] [Spartan Weaponry/]: Adding Iron Weapons to the Village Weaponsmith Loot Table!
[04Jun2025 01:22:43.558] [Worker-Main-4/INFO] [net.minecraft.advancements.AdvancementList/]: Loaded 1870 advancements
[04Jun2025 01:22:43.635] [Worker-Main-4/INFO] [Dungeon Crawl/]: Loading data...
[04Jun2025 01:22:44.728] [Worker-Main-4/INFO] [Dungeon Crawl/]: Done.
[04Jun2025 01:22:46.433] [main/INFO] [STDOUT/]: [tschipp.carryon.common.handler.ListHandler:initConfigLists:282]: [minecraft:soul_fire_base_blocks, forge:glass_panes/magenta, tombstone:decorative_graves, cataclysm:netherite_monstrosity_break, forge:storage_blocks/netherite, forge:glass_panes/white, forge:gravel, forge:glass_panes/cyan, forge:glass_panes/light_gray, minecraft:wool, forge:storage_blocks/nickel, forge:glass/colorless, forge:rubberwood_logs, minecolonies:protectionexception, forge:ores/niter, forge:glass_panes/light_blue, minecraft:beehives, minecraft:ice, forge:ores/netherite_scrap, minecraft:crops, minecraft:dragon_immune, forge:stained_glass, forge:glass/pink, forge:chests, forge:storage_blocks/emerald, forge:ores/redstone, minecraft:warped_stems, forge:glass/red, forge:storage_blocks/coal_coke, forge:storage_blocks/iron, forge:glass_panes/brown, forge:glass_panes/green, carryon:block_blacklist, forge:ores/sapphire, minecraft:prevent_mob_spawning_inside, minecraft:climbable, forge:chests/trapped, forge:fence_gates, storagedrawers:drawers, cataclysm:altar_destroy_immune, minecraft:dark_oak_logs, minecraft:coral_plants, forge:glass_panes, forge:storage_blocks/lumium, minecraft:non_flammable_wood, forge:sandstone, forge:storage_blocks/copper, forge:glass_panes/colorless, the_bumblezone:blacklisted_productive_bees_combs, forge:storage_blocks/cinnabar, paraglider:statues/goddess, forge:storage_blocks/bronze, twilightforest:antibuilder_ignores, minecraft:fences, minecraft:saplings, forge:storage_blocks/tin, forge:storage_blocks/lapis, forge:ores/copper, minecraft:beds, forge:ores/diamond, minecraft:unstable_bottom_center, forge:ores/lead, minecraft:doors, minecraft:enderman_holdable, minecraft:banners, forge:storage_blocks/electrum, minecraft:infiniburn_overworld, minecraft:flower_pots, minecraft:wooden_fences, forge:storage_blocks/sugar_cane, forge:storage_blocks/signalum, forge:storage_blocks/invar, minecraft:wall_post_override, forge:obsidian, forge:enderman_place_on_blacklist, forge:storage_blocks/wax, tombstone:grave_marbles, forge:ores/tin, forge:glass/white, forge:glass_panes/red, minecraft:signs, minecraft:wither_summon_base_blocks, forge:glass/magenta, forge:ores/coal, minecraft:hoglin_repellents, forge:storage_blocks/constantan, minecraft:fire, minecraft:base_stone_nether, minecraft:wall_signs, carryon:block_whitelist, forge:storage_blocks/end_crystal, forge:storage_blocks/sapphire, forge:sand/colorless, minecraft:trapdoors, forge:glass/cyan, forge:glass, forge:storage_blocks/gunpowder, minecraft:soul_speed_blocks, twilightforest:antibuilder_blacklist, forge:storage_blocks/charcoal, minecraft:leaves, minecraft:walls, minecraft:coral_blocks, forge:glass/green, forge:storage_blocks/lead, forge:ores/end_crystal, forge:glass_panes/gray, minecraft:wither_immune, forge:ores/ruby, minecraft:acacia_logs, elevatorid:elevators, cataclysm:ignis_can_destroy_cracked_block, forge:stained_glass_panes, capsule:excluded, minecraft:underwater_bonemeals, tombstone:player_graves, forge:sand/red, the_bumblezone:honeycombs_that_features_can_carve, minecraft:impermeable, minecraft:sand, forge:end_stones, forge:glass/brown, minecraft:logs_that_burn, forge:ores/sulfur, forge:fences/wooden, sereneseasons:summer_crops, forge:glass/gray, minecraft:campfires, forge:storage_blocks, minecraft:infiniburn_nether, forge:glass_panes/orange, forge:glass/light_gray, forge:ores/quartz, minecraft:wooden_slabs, forge:glass/blue, minecraft:small_flowers, minecraft:wooden_trapdoors, forge:storage_blocks/coal, forge:glass_panes/black, forge:glass/light_blue, jade:pick, forge:storage_blocks/redstone, paraglider:statues, sereneseasons:winter_crops, forge:glass_panes/blue, minecraft:stairs, minecraft:logs, forge:ores/cinnabar, forge:stone, minecraft:valid_spawn, minecraft:mushroom_grow_block, minecraft:wooden_doors, minecraft:standing_signs, minecraft:infiniburn_end, forge:glass_panes/yellow, sereneseasons:autumn_crops, forge:glass/purple, minecraft:crimson_stems, minecraft:wart_blocks, forge:storage_blocks/ruby, cataclysm:ender_guardian_can_destroy, forge:storage_blocks/apatite, minecraft:beacon_base_blocks, minecraft:shulker_boxes, the_bumblezone:required_blocks_under_hive_to_teleport, minecraft:anvil, forge:ores/silver, the_bumblezone:blacklisted_teleportable_hive_blocks, minecraft:birch_logs, forge:storage_blocks/enderium, forge:sand, minecraft:wall_corals, thermal:rockwool, forge:storage_blocks/tar, forge:glass_panes/purple, forge:glass/yellow, the_bumblezone:wrath_activating_blocks_when_mined, forge:storage_blocks/silver, minecraft:oak_logs, forge:ores/gold, forge:pumpkins/carved, forge:storage_blocks/neptunium, forge:barrels, minecraft:piglin_repellents, forge:ores/lapis, forge:glass/black, minecraft:portals, the_bumblezone:flowers_blacklisted_from_pollen_puff, forge:dirt, minecraft:bamboo_plantable_on, forge:fences/nether_brick, forge:glass/lime, forge:chests/wooden, forge:ores/iron, minecraft:pressure_plates, forge:ores/nickel, forge:storage_blocks/sulfur, minecraft:jungle_logs, tombstone:graves, forge:chests/ender, cataclysm:netherite_monstrosity_immune, minecraft:wooden_stairs, minecraft:spruce_logs, thermal:glass/hardened, minecraft:carpets, minecraft:base_stone_overworld, minecraft:wooden_buttons, forge:fence_gates/wooden, minecraft:stone_bricks, forge:storage_blocks/quartz, forge:glass/orange, forge:glass_panes/lime, sereneseasons:spring_crops, endrem:end_crystal_gen, minecraft:slabs, minecraft:guarded_by_piglins, forge:ores/emerald, forge:storage_blocks/bitumen, the_bumblezone:blacklisted_resourceful_bees_combs, cataclysm:ender_golem_can_destroy, cataclysm:ignis_immune, forge:ores/apatite, minecraft:corals, minecraft:buttons, minecraft:flowers, the_bumblezone:flowers_allowed_by_pollen_puff, minecraft:planks, forge:cobblestone, minecraft:rails, forge:barrels/wooden, forge:storage_blocks/niter, minecraft:strider_warm_blocks, forge:storage_blocks/gold, minecraft:fence_gates, forge:ores, minecraft:bee_growables, minecraft:wooden_pressure_plates, minecraft:tall_flowers, cataclysm:endermaptera_can_not_spawn, forge:fences, forge:pollen, minecraft:stone_pressure_plates, forge:storage_blocks/diamond, minecraft:nylium, minecraft:gold_ores, forge:storage_blocks/bamboo, forge:glass_panes/pink, forge:storage_blocks/slag, forge:netherrack]
[04Jun2025 01:22:46.438] [main/INFO] [STDOUT/]: [tschipp.carryon.common.handler.ListHandler:initConfigLists:282]: [minecraft:soul_fire_base_blocks, forge:glass_panes/magenta, tombstone:decorative_graves, cataclysm:netherite_monstrosity_break, forge:storage_blocks/netherite, forge:glass_panes/white, forge:gravel, forge:glass_panes/cyan, forge:glass_panes/light_gray, minecraft:wool, forge:storage_blocks/nickel, forge:glass/colorless, forge:rubberwood_logs, minecolonies:protectionexception, forge:ores/niter, forge:glass_panes/light_blue, minecraft:beehives, minecraft:ice, forge:ores/netherite_scrap, minecraft:crops, minecraft:dragon_immune, forge:stained_glass, forge:glass/pink, forge:chests, forge:storage_blocks/emerald, forge:ores/redstone, minecraft:warped_stems, forge:glass/red, forge:storage_blocks/coal_coke, forge:storage_blocks/iron, forge:glass_panes/brown, forge:glass_panes/green, carryon:block_blacklist, forge:ores/sapphire, minecraft:prevent_mob_spawning_inside, minecraft:climbable, forge:chests/trapped, forge:fence_gates, storagedrawers:drawers, cataclysm:altar_destroy_immune, minecraft:dark_oak_logs, minecraft:coral_plants, forge:glass_panes, forge:storage_blocks/lumium, minecraft:non_flammable_wood, forge:sandstone, forge:storage_blocks/copper, forge:glass_panes/colorless, the_bumblezone:blacklisted_productive_bees_combs, forge:storage_blocks/cinnabar, paraglider:statues/goddess, forge:storage_blocks/bronze, twilightforest:antibuilder_ignores, minecraft:fences, minecraft:saplings, forge:storage_blocks/tin, forge:storage_blocks/lapis, forge:ores/copper, minecraft:beds, forge:ores/diamond, minecraft:unstable_bottom_center, forge:ores/lead, minecraft:doors, minecraft:enderman_holdable, minecraft:banners, forge:storage_blocks/electrum, minecraft:infiniburn_overworld, minecraft:flower_pots, minecraft:wooden_fences, forge:storage_blocks/sugar_cane, forge:storage_blocks/signalum, forge:storage_blocks/invar, minecraft:wall_post_override, forge:obsidian, forge:enderman_place_on_blacklist, forge:storage_blocks/wax, tombstone:grave_marbles, forge:ores/tin, forge:glass/white, forge:glass_panes/red, minecraft:signs, minecraft:wither_summon_base_blocks, forge:glass/magenta, forge:ores/coal, minecraft:hoglin_repellents, forge:storage_blocks/constantan, minecraft:fire, minecraft:base_stone_nether, minecraft:wall_signs, carryon:block_whitelist, forge:storage_blocks/end_crystal, forge:storage_blocks/sapphire, forge:sand/colorless, minecraft:trapdoors, forge:glass/cyan, forge:glass, forge:storage_blocks/gunpowder, minecraft:soul_speed_blocks, twilightforest:antibuilder_blacklist, forge:storage_blocks/charcoal, minecraft:leaves, minecraft:walls, minecraft:coral_blocks, forge:glass/green, forge:storage_blocks/lead, forge:ores/end_crystal, forge:glass_panes/gray, minecraft:wither_immune, forge:ores/ruby, minecraft:acacia_logs, elevatorid:elevators, cataclysm:ignis_can_destroy_cracked_block, forge:stained_glass_panes, capsule:excluded, minecraft:underwater_bonemeals, tombstone:player_graves, forge:sand/red, the_bumblezone:honeycombs_that_features_can_carve, minecraft:impermeable, minecraft:sand, forge:end_stones, forge:glass/brown, minecraft:logs_that_burn, forge:ores/sulfur, forge:fences/wooden, sereneseasons:summer_crops, forge:glass/gray, minecraft:campfires, forge:storage_blocks, minecraft:infiniburn_nether, forge:glass_panes/orange, forge:glass/light_gray, forge:ores/quartz, minecraft:wooden_slabs, forge:glass/blue, minecraft:small_flowers, minecraft:wooden_trapdoors, forge:storage_blocks/coal, forge:glass_panes/black, forge:glass/light_blue, jade:pick, forge:storage_blocks/redstone, paraglider:statues, sereneseasons:winter_crops, forge:glass_panes/blue, minecraft:stairs, minecraft:logs, forge:ores/cinnabar, forge:stone, minecraft:valid_spawn, minecraft:mushroom_grow_block, minecraft:wooden_doors, minecraft:standing_signs, minecraft:infiniburn_end, forge:glass_panes/yellow, sereneseasons:autumn_crops, forge:glass/purple, minecraft:crimson_stems, minecraft:wart_blocks, forge:storage_blocks/ruby, cataclysm:ender_guardian_can_destroy, forge:storage_blocks/apatite, minecraft:beacon_base_blocks, minecraft:shulker_boxes, the_bumblezone:required_blocks_under_hive_to_teleport, minecraft:anvil, forge:ores/silver, the_bumblezone:blacklisted_teleportable_hive_blocks, minecraft:birch_logs, forge:storage_blocks/enderium, forge:sand, minecraft:wall_corals, thermal:rockwool, forge:storage_blocks/tar, forge:glass_panes/purple, forge:glass/yellow, the_bumblezone:wrath_activating_blocks_when_mined, forge:storage_blocks/silver, minecraft:oak_logs, forge:ores/gold, forge:pumpkins/carved, forge:storage_blocks/neptunium, forge:barrels, minecraft:piglin_repellents, forge:ores/lapis, forge:glass/black, minecraft:portals, the_bumblezone:flowers_blacklisted_from_pollen_puff, forge:dirt, minecraft:bamboo_plantable_on, forge:fences/nether_brick, forge:glass/lime, forge:chests/wooden, forge:ores/iron, minecraft:pressure_plates, forge:ores/nickel, forge:storage_blocks/sulfur, minecraft:jungle_logs, tombstone:graves, forge:chests/ender, cataclysm:netherite_monstrosity_immune, minecraft:wooden_stairs, minecraft:spruce_logs, thermal:glass/hardened, minecraft:carpets, minecraft:base_stone_overworld, minecraft:wooden_buttons, forge:fence_gates/wooden, minecraft:stone_bricks, forge:storage_blocks/quartz, forge:glass/orange, forge:glass_panes/lime, sereneseasons:spring_crops, endrem:end_crystal_gen, minecraft:slabs, minecraft:guarded_by_piglins, forge:ores/emerald, forge:storage_blocks/bitumen, the_bumblezone:blacklisted_resourceful_bees_combs, cataclysm:ender_golem_can_destroy, cataclysm:ignis_immune, forge:ores/apatite, minecraft:corals, minecraft:buttons, minecraft:flowers, the_bumblezone:flowers_allowed_by_pollen_puff, minecraft:planks, forge:cobblestone, minecraft:rails, forge:barrels/wooden, forge:storage_blocks/niter, minecraft:strider_warm_blocks, forge:storage_blocks/gold, minecraft:fence_gates, forge:ores, minecraft:bee_growables, minecraft:wooden_pressure_plates, minecraft:tall_flowers, cataclysm:endermaptera_can_not_spawn, forge:fences, forge:pollen, minecraft:stone_pressure_plates, forge:storage_blocks/diamond, minecraft:nylium, minecraft:gold_ores, forge:storage_blocks/bamboo, forge:glass_panes/pink, forge:storage_blocks/slag, forge:netherrack]
[04Jun2025 01:22:46.952] [main/ERROR] [net.minecraft.world.storage.SaveFormat/]: WorldGenSettings: Value -1 outside of range [0:4096] missed input: {"cataclysm:ruined_citadel":{spacing:30,salt:367895146,separation:-1}} missed input: {"the_bumblezone:the_bumblezone":{generator:{structures:{structures:{"the_bumblezone:honey_cave_room":{spacing:3,salt:722299384,separation:1},"dungeons_arise:fishing_hut":{spacing:20,salt:643827193,separation:5},"dungeons_arise:abandoned_temple":{spacing:30,salt:43726253,separation:20},"dungeons_arise:illager_hall":{spacing:230,salt:336452881,separation:90},"cataclysm:ruined_citadel":{spacing:30,salt:367895146,separation:-1},"dungeons_arise:mushroom_village":{spacing:60,salt:573733422,separation:20},"dungeons_arise:aviary":{spacing:140,salt:492512635,separation:110},"dungeons_arise:typhon":{spacing:60,salt:357769433,separation:50},"dungeons_arise:undead_pirate_ship":{spacing:60,salt:952444271,separation:40},"dungeons_arise:coliseum":{spacing:240,salt:1626626631,separation:200},"paraglider:tarrey_town_goddess_statue":{spacing:32,salt:850796625,separation:8},"paraglider:nether_horned_statue":{spacing:32,salt:1973135446,separation:8},"dungeons_arise:monastery":{spacing:150,salt:182626182,separation:90},"dungeons_arise:heavenly_challenger":{spacing:340,salt:826638829,separation:290},"dungeons_arise:giant_mushroom":{spacing:80,salt:497362534,separation:40},"dungeons_arise:mushroom_house":{spacing:80,salt:347766182,separation:40},"dungeons_arise:mining_system":{spacing:90,salt:263511737,separation:60},"dungeons_arise:bandit_towers":{spacing:45,salt:1577726152,separation:35},"dungeons_arise:ceryneian_hind":{spacing:80,salt:222266352,separation:70},"the_bumblezone:pollinated_stream":{spacing:8,salt:938497222,separation:6},"paraglider:underground_horned_statue":{spacing:16,salt:49788929,separation:8},"dungeons_arise:illager_corsair":{spacing:64,salt:777463524,separation:48},"dungeons_arise:lighthouse":{spacing:100,salt:283742673,separation:90},"dungeons_arise:illager_galley":{spacing:50,salt:995537231,separation:30},"cataclysm:burning_arena":{spacing:112,salt:1923456789,separation:70},"dungeons_arise:foundry":{spacing:120,salt:277663662,separation:60},"dungeons_arise:illager_castle":{spacing:160,salt:112436253,separation:60},"dungeons_arise:heavenly_conqueror":{spacing:230,salt:374552443,separation:190},"dungeons_arise:merchant_campsite":{spacing:60,salt:68534678,separation:40},"cataclysm:soul_black_smith":{spacing:90,salt:1984567320,separation:70},"dungeons_arise:infested_temple":{spacing:140,salt:297069583,separation:100},"dungeons_arise:heavenly_rider":{spacing:180,salt:337746352,separation:160},"dungeons_arise:illager_campsite":{spacing:60,salt:372632837,separation:30},"dungeons_arise:illager_fort":{spacing:160,salt:563835947,separation:60},"dungeons_arise:mushroom_mines":{spacing:80,salt:98376172,separation:40},"dungeons_arise:plague_asylum":{spacing:240,salt:637271616,separation:200},"dungeons_arise:bandit_village":{spacing:45,salt:1111272534,separation:35},"dungeons_arise:wishing_well":{spacing:40,salt:465869302,separation:30},"dungeons_arise:jungle_tree_house":{spacing:160,salt:240573269,separation:140},"dungeons_arise:small_prairie_house":{spacing:25,salt:73563524,separation:10},"dungeons_arise:scorched_mines":{spacing:120,salt:1332446387,separation:90},"dungeons_arise:thornborn_towers":{spacing:80,salt:292377166,separation:70},"dungeons_arise:small_blimp":{spacing:80,salt:446553372,separation:60},"dungeons_arise:shiraz_palace":{spacing:160,salt:888377716,separation:140}}},biome_source:{type:"the_bumblezone:biome_source"},type:"the_bumblezone:chunk_generator"},type:"the_bumblezone:the_bumblezone"}}
[04Jun2025 01:22:48.898] [Server thread/INFO] [net.minecraft.server.dedicated.DedicatedServer/]: Starting minecraft server version 1.16.5
[04Jun2025 01:22:48.899] [Server thread/INFO] [net.minecraft.server.dedicated.DedicatedServer/]: Loading properties
[04Jun2025 01:22:48.899] [Server thread/INFO] [net.minecraft.server.dedicated.DedicatedServer/]: Default game type: SURVIVAL
[04Jun2025 01:22:48.899] [Server thread/INFO] [net.minecraft.server.MinecraftServer/]: Generating keypair
[04Jun2025 01:22:49.179] [Server thread/INFO] [net.minecraft.server.dedicated.DedicatedServer/]: Starting Minecraft server on *:25565
[04Jun2025 01:22:49.311] [Server thread/INFO] [net.minecraft.network.NetworkSystem/]: Using epoll channel type
[04Jun2025 01:22:49.570] [Server thread/WARN] [net.minecraft.server.dedicated.DedicatedServer/]: **** SERVER IS RUNNING IN OFFLINE/INSECURE MODE!
[04Jun2025 01:22:49.571] [Server thread/WARN] [net.minecraft.server.dedicated.DedicatedServer/]: The server will make no attempt to authenticate usernames. Beware.
[04Jun2025 01:22:49.572] [Server thread/WARN] [net.minecraft.server.dedicated.DedicatedServer/]: While this makes the game possible to play without internet access, it also opens up the ability for hackers to connect with any username they choose.
[04Jun2025 01:22:49.572] [Server thread/WARN] [net.minecraft.server.dedicated.DedicatedServer/]: To change this, set "online-mode" to "true" in the server.properties file.
[04Jun2025 01:22:49.663] [Server thread/INFO] [STDOUT/]: [tschipp.carryon.common.handler.ListHandler:initConfigLists:282]: [minecraft:soul_fire_base_blocks, forge:glass_panes/magenta, tombstone:decorative_graves, cataclysm:netherite_monstrosity_break, forge:storage_blocks/netherite, forge:glass_panes/white, forge:gravel, forge:glass_panes/cyan, forge:glass_panes/light_gray, minecraft:wool, forge:storage_blocks/nickel, forge:glass/colorless, forge:rubberwood_logs, minecolonies:protectionexception, forge:ores/niter, forge:glass_panes/light_blue, minecraft:beehives, minecraft:ice, forge:ores/netherite_scrap, minecraft:crops, minecraft:dragon_immune, forge:stained_glass, forge:glass/pink, forge:chests, forge:storage_blocks/emerald, forge:ores/redstone, minecraft:warped_stems, forge:glass/red, forge:storage_blocks/coal_coke, forge:storage_blocks/iron, forge:glass_panes/brown, forge:glass_panes/green, carryon:block_blacklist, forge:ores/sapphire, minecraft:prevent_mob_spawning_inside, minecraft:climbable, forge:chests/trapped, forge:fence_gates, storagedrawers:drawers, cataclysm:altar_destroy_immune, minecraft:dark_oak_logs, minecraft:coral_plants, forge:glass_panes, forge:storage_blocks/lumium, minecraft:non_flammable_wood, forge:sandstone, forge:storage_blocks/copper, forge:glass_panes/colorless, the_bumblezone:blacklisted_productive_bees_combs, forge:storage_blocks/cinnabar, paraglider:statues/goddess, forge:storage_blocks/bronze, twilightforest:antibuilder_ignores, minecraft:fences, minecraft:saplings, forge:storage_blocks/tin, forge:storage_blocks/lapis, forge:ores/copper, minecraft:beds, forge:ores/diamond, minecraft:unstable_bottom_center, forge:ores/lead, minecraft:doors, minecraft:enderman_holdable, minecraft:banners, forge:storage_blocks/electrum, minecraft:infiniburn_overworld, minecraft:flower_pots, minecraft:wooden_fences, forge:storage_blocks/sugar_cane, forge:storage_blocks/signalum, forge:storage_blocks/invar, minecraft:wall_post_override, forge:obsidian, forge:enderman_place_on_blacklist, forge:storage_blocks/wax, tombstone:grave_marbles, forge:ores/tin, forge:glass/white, forge:glass_panes/red, minecraft:signs, minecraft:wither_summon_base_blocks, forge:glass/magenta, forge:ores/coal, minecraft:hoglin_repellents, forge:storage_blocks/constantan, minecraft:fire, minecraft:base_stone_nether, minecraft:wall_signs, carryon:block_whitelist, forge:storage_blocks/end_crystal, forge:storage_blocks/sapphire, forge:sand/colorless, minecraft:trapdoors, forge:glass/cyan, forge:glass, forge:storage_blocks/gunpowder, minecraft:soul_speed_blocks, twilightforest:antibuilder_blacklist, forge:storage_blocks/charcoal, minecraft:leaves, minecraft:walls, minecraft:coral_blocks, forge:glass/green, forge:storage_blocks/lead, forge:ores/end_crystal, forge:glass_panes/gray, minecraft:wither_immune, forge:ores/ruby, minecraft:acacia_logs, elevatorid:elevators, cataclysm:ignis_can_destroy_cracked_block, forge:stained_glass_panes, capsule:excluded, minecraft:underwater_bonemeals, tombstone:player_graves, forge:sand/red, the_bumblezone:honeycombs_that_features_can_carve, minecraft:impermeable, minecraft:sand, forge:end_stones, forge:glass/brown, minecraft:logs_that_burn, forge:ores/sulfur, forge:fences/wooden, sereneseasons:summer_crops, forge:glass/gray, minecraft:campfires, forge:storage_blocks, minecraft:infiniburn_nether, forge:glass_panes/orange, forge:glass/light_gray, forge:ores/quartz, minecraft:wooden_slabs, forge:glass/blue, minecraft:small_flowers, minecraft:wooden_trapdoors, forge:storage_blocks/coal, forge:glass_panes/black, forge:glass/light_blue, jade:pick, forge:storage_blocks/redstone, paraglider:statues, sereneseasons:winter_crops, forge:glass_panes/blue, minecraft:stairs, minecraft:logs, forge:ores/cinnabar, forge:stone, minecraft:valid_spawn, minecraft:mushroom_grow_block, minecraft:wooden_doors, minecraft:standing_signs, minecraft:infiniburn_end, forge:glass_panes/yellow, sereneseasons:autumn_crops, forge:glass/purple, minecraft:crimson_stems, minecraft:wart_blocks, forge:storage_blocks/ruby, cataclysm:ender_guardian_can_destroy, forge:storage_blocks/apatite, minecraft:beacon_base_blocks, minecraft:shulker_boxes, the_bumblezone:required_blocks_under_hive_to_teleport, minecraft:anvil, forge:ores/silver, the_bumblezone:blacklisted_teleportable_hive_blocks, minecraft:birch_logs, forge:storage_blocks/enderium, forge:sand, minecraft:wall_corals, thermal:rockwool, forge:storage_blocks/tar, forge:glass_panes/purple, forge:glass/yellow, the_bumblezone:wrath_activating_blocks_when_mined, forge:storage_blocks/silver, minecraft:oak_logs, forge:ores/gold, forge:pumpkins/carved, forge:storage_blocks/neptunium, forge:barrels, minecraft:piglin_repellents, forge:ores/lapis, forge:glass/black, minecraft:portals, the_bumblezone:flowers_blacklisted_from_pollen_puff, forge:dirt, minecraft:bamboo_plantable_on, forge:fences/nether_brick, forge:glass/lime, forge:chests/wooden, forge:ores/iron, minecraft:pressure_plates, forge:ores/nickel, forge:storage_blocks/sulfur, minecraft:jungle_logs, tombstone:graves, forge:chests/ender, cataclysm:netherite_monstrosity_immune, minecraft:wooden_stairs, minecraft:spruce_logs, thermal:glass/hardened, minecraft:carpets, minecraft:base_stone_overworld, minecraft:wooden_buttons, forge:fence_gates/wooden, minecraft:stone_bricks, forge:storage_blocks/quartz, forge:glass/orange, forge:glass_panes/lime, sereneseasons:spring_crops, endrem:end_crystal_gen, minecraft:slabs, minecraft:guarded_by_piglins, forge:ores/emerald, forge:storage_blocks/bitumen, the_bumblezone:blacklisted_resourceful_bees_combs, cataclysm:ender_golem_can_destroy, cataclysm:ignis_immune, forge:ores/apatite, minecraft:corals, minecraft:buttons, minecraft:flowers, the_bumblezone:flowers_allowed_by_pollen_puff, minecraft:planks, forge:cobblestone, minecraft:rails, forge:barrels/wooden, forge:storage_blocks/niter, minecraft:strider_warm_blocks, forge:storage_blocks/gold, minecraft:fence_gates, forge:ores, minecraft:bee_growables, minecraft:wooden_pressure_plates, minecraft:tall_flowers, cataclysm:endermaptera_can_not_spawn, forge:fences, forge:pollen, minecraft:stone_pressure_plates, forge:storage_blocks/diamond, minecraft:nylium, minecraft:gold_ores, forge:storage_blocks/bamboo, forge:glass_panes/pink, forge:storage_blocks/slag, forge:netherrack]
[04Jun2025 01:22:49.666] [Thread-0/INFO] [STDOUT/]: [tschipp.carryon.common.handler.ListHandler:initConfigLists:282]: [minecraft:soul_fire_base_blocks, forge:glass_panes/magenta, tombstone:decorative_graves, cataclysm:netherite_monstrosity_break, forge:storage_blocks/netherite, forge:glass_panes/white, forge:gravel, forge:glass_panes/cyan, forge:glass_panes/light_gray, minecraft:wool, forge:storage_blocks/nickel, forge:glass/colorless, forge:rubberwood_logs, minecolonies:protectionexception, forge:ores/niter, forge:glass_panes/light_blue, minecraft:beehives, minecraft:ice, forge:ores/netherite_scrap, minecraft:crops, minecraft:dragon_immune, forge:stained_glass, forge:glass/pink, forge:chests, forge:storage_blocks/emerald, forge:ores/redstone, minecraft:warped_stems, forge:glass/red, forge:storage_blocks/coal_coke, forge:storage_blocks/iron, forge:glass_panes/brown, forge:glass_panes/green, carryon:block_blacklist, forge:ores/sapphire, minecraft:prevent_mob_spawning_inside, minecraft:climbable, forge:chests/trapped, forge:fence_gates, storagedrawers:drawers, cataclysm:altar_destroy_immune, minecraft:dark_oak_logs, minecraft:coral_plants, forge:glass_panes, forge:storage_blocks/lumium, minecraft:non_flammable_wood, forge:sandstone, forge:storage_blocks/copper, forge:glass_panes/colorless, the_bumblezone:blacklisted_productive_bees_combs, forge:storage_blocks/cinnabar, paraglider:statues/goddess, forge:storage_blocks/bronze, twilightforest:antibuilder_ignores, minecraft:fences, minecraft:saplings, forge:storage_blocks/tin, forge:storage_blocks/lapis, forge:ores/copper, minecraft:beds, forge:ores/diamond, minecraft:unstable_bottom_center, forge:ores/lead, minecraft:doors, minecraft:enderman_holdable, minecraft:banners, forge:storage_blocks/electrum, minecraft:infiniburn_overworld, minecraft:flower_pots, minecraft:wooden_fences, forge:storage_blocks/sugar_cane, forge:storage_blocks/signalum, forge:storage_blocks/invar, minecraft:wall_post_override, forge:obsidian, forge:enderman_place_on_blacklist, forge:storage_blocks/wax, tombstone:grave_marbles, forge:ores/tin, forge:glass/white, forge:glass_panes/red, minecraft:signs, minecraft:wither_summon_base_blocks, forge:glass/magenta, forge:ores/coal, minecraft:hoglin_repellents, forge:storage_blocks/constantan, minecraft:fire, minecraft:base_stone_nether, minecraft:wall_signs, carryon:block_whitelist, forge:storage_blocks/end_crystal, forge:storage_blocks/sapphire, forge:sand/colorless, minecraft:trapdoors, forge:glass/cyan, forge:glass, forge:storage_blocks/gunpowder, minecraft:soul_speed_blocks, twilightforest:antibuilder_blacklist, forge:storage_blocks/charcoal, minecraft:leaves, minecraft:walls, minecraft:coral_blocks, forge:glass/green, forge:storage_blocks/lead, forge:ores/end_crystal, forge:glass_panes/gray, minecraft:wither_immune, forge:ores/ruby, minecraft:acacia_logs, elevatorid:elevators, cataclysm:ignis_can_destroy_cracked_block, forge:stained_glass_panes, capsule:excluded, minecraft:underwater_bonemeals, tombstone:player_graves, forge:sand/red, the_bumblezone:honeycombs_that_features_can_carve, minecraft:impermeable, minecraft:sand, forge:end_stones, forge:glass/brown, minecraft:logs_that_burn, forge:ores/sulfur, forge:fences/wooden, sereneseasons:summer_crops, forge:glass/gray, minecraft:campfires, forge:storage_blocks, minecraft:infiniburn_nether, forge:glass_panes/orange, forge:glass/light_gray, forge:ores/quartz, minecraft:wooden_slabs, forge:glass/blue, minecraft:small_flowers, minecraft:wooden_trapdoors, forge:storage_blocks/coal, forge:glass_panes/black, forge:glass/light_blue, jade:pick, forge:storage_blocks/redstone, paraglider:statues, sereneseasons:winter_crops, forge:glass_panes/blue, minecraft:stairs, minecraft:logs, forge:ores/cinnabar, forge:stone, minecraft:valid_spawn, minecraft:mushroom_grow_block, minecraft:wooden_doors, minecraft:standing_signs, minecraft:infiniburn_end, forge:glass_panes/yellow, sereneseasons:autumn_crops, forge:glass/purple, minecraft:crimson_stems, minecraft:wart_blocks, forge:storage_blocks/ruby, cataclysm:ender_guardian_can_destroy, forge:storage_blocks/apatite, minecraft:beacon_base_blocks, minecraft:shulker_boxes, the_bumblezone:required_blocks_under_hive_to_teleport, minecraft:anvil, forge:ores/silver, the_bumblezone:blacklisted_teleportable_hive_blocks, minecraft:birch_logs, forge:storage_blocks/enderium, forge:sand, minecraft:wall_corals, thermal:rockwool, forge:storage_blocks/tar, forge:glass_panes/purple, forge:glass/yellow, the_bumblezone:wrath_activating_blocks_when_mined, forge:storage_blocks/silver, minecraft:oak_logs, forge:ores/gold, forge:pumpkins/carved, forge:storage_blocks/neptunium, forge:barrels, minecraft:piglin_repellents, forge:ores/lapis, forge:glass/black, minecraft:portals, the_bumblezone:flowers_blacklisted_from_pollen_puff, forge:dirt, minecraft:bamboo_plantable_on, forge:fences/nether_brick, forge:glass/lime, forge:chests/wooden, forge:ores/iron, minecraft:pressure_plates, forge:ores/nickel, forge:storage_blocks/sulfur, minecraft:jungle_logs, tombstone:graves, forge:chests/ender, cataclysm:netherite_monstrosity_immune, minecraft:wooden_stairs, minecraft:spruce_logs, thermal:glass/hardened, minecraft:carpets, minecraft:base_stone_overworld, minecraft:wooden_buttons, forge:fence_gates/wooden, minecraft:stone_bricks, forge:storage_blocks/quartz, forge:glass/orange, forge:glass_panes/lime, sereneseasons:spring_crops, endrem:end_crystal_gen, minecraft:slabs, minecraft:guarded_by_piglins, forge:ores/emerald, forge:storage_blocks/bitumen, the_bumblezone:blacklisted_resourceful_bees_combs, cataclysm:ender_golem_can_destroy, cataclysm:ignis_immune, forge:ores/apatite, minecraft:corals, minecraft:buttons, minecraft:flowers, the_bumblezone:flowers_allowed_by_pollen_puff, minecraft:planks, forge:cobblestone, minecraft:rails, forge:barrels/wooden, forge:storage_blocks/niter, minecraft:strider_warm_blocks, forge:storage_blocks/gold, minecraft:fence_gates, forge:ores, minecraft:bee_growables, minecraft:wooden_pressure_plates, minecraft:tall_flowers, cataclysm:endermaptera_can_not_spawn, forge:fences, forge:pollen, minecraft:stone_pressure_plates, forge:storage_blocks/diamond, minecraft:nylium, minecraft:gold_ores, forge:storage_blocks/bamboo, forge:glass_panes/pink, forge:storage_blocks/slag, forge:netherrack]
[04Jun2025 01:22:49.679] [Thread-0/INFO] [STDOUT/]: [tschipp.carryon.common.handler.ListHandler:initConfigLists:282]: [minecraft:soul_fire_base_blocks, forge:glass_panes/magenta, tombstone:decorative_graves, cataclysm:netherite_monstrosity_break, forge:storage_blocks/netherite, forge:glass_panes/white, forge:gravel, forge:glass_panes/cyan, forge:glass_panes/light_gray, minecraft:wool, forge:storage_blocks/nickel, forge:glass/colorless, forge:rubberwood_logs, minecolonies:protectionexception, forge:ores/niter, forge:glass_panes/light_blue, minecraft:beehives, minecraft:ice, forge:ores/netherite_scrap, minecraft:crops, minecraft:dragon_immune, forge:stained_glass, forge:glass/pink, forge:chests, forge:storage_blocks/emerald, forge:ores/redstone, minecraft:warped_stems, forge:glass/red, forge:storage_blocks/coal_coke, forge:storage_blocks/iron, forge:glass_panes/brown, forge:glass_panes/green, carryon:block_blacklist, forge:ores/sapphire, minecraft:prevent_mob_spawning_inside, minecraft:climbable, forge:chests/trapped, forge:fence_gates, storagedrawers:drawers, cataclysm:altar_destroy_immune, minecraft:dark_oak_logs, minecraft:coral_plants, forge:glass_panes, forge:storage_blocks/lumium, minecraft:non_flammable_wood, forge:sandstone, forge:storage_blocks/copper, forge:glass_panes/colorless, the_bumblezone:blacklisted_productive_bees_combs, forge:storage_blocks/cinnabar, paraglider:statues/goddess, forge:storage_blocks/bronze, twilightforest:antibuilder_ignores, minecraft:fences, minecraft:saplings, forge:storage_blocks/tin, forge:storage_blocks/lapis, forge:ores/copper, minecraft:beds, forge:ores/diamond, minecraft:unstable_bottom_center, forge:ores/lead, minecraft:doors, minecraft:enderman_holdable, minecraft:banners, forge:storage_blocks/electrum, minecraft:infiniburn_overworld, minecraft:flower_pots, minecraft:wooden_fences, forge:storage_blocks/sugar_cane, forge:storage_blocks/signalum, forge:storage_blocks/invar, minecraft:wall_post_override, forge:obsidian, forge:enderman_place_on_blacklist, forge:storage_blocks/wax, tombstone:grave_marbles, forge:ores/tin, forge:glass/white, forge:glass_panes/red, minecraft:signs, minecraft:wither_summon_base_blocks, forge:glass/magenta, forge:ores/coal, minecraft:hoglin_repellents, forge:storage_blocks/constantan, minecraft:fire, minecraft:base_stone_nether, minecraft:wall_signs, carryon:block_whitelist, forge:storage_blocks/end_crystal, forge:storage_blocks/sapphire, forge:sand/colorless, minecraft:trapdoors, forge:glass/cyan, forge:glass, forge:storage_blocks/gunpowder, minecraft:soul_speed_blocks, twilightforest:antibuilder_blacklist, forge:storage_blocks/charcoal, minecraft:leaves, minecraft:walls, minecraft:coral_blocks, forge:glass/green, forge:storage_blocks/lead, forge:ores/end_crystal, forge:glass_panes/gray, minecraft:wither_immune, forge:ores/ruby, minecraft:acacia_logs, elevatorid:elevators, cataclysm:ignis_can_destroy_cracked_block, forge:stained_glass_panes, capsule:excluded, minecraft:underwater_bonemeals, tombstone:player_graves, forge:sand/red, the_bumblezone:honeycombs_that_features_can_carve, minecraft:impermeable, minecraft:sand, forge:end_stones, forge:glass/brown, minecraft:logs_that_burn, forge:ores/sulfur, forge:fences/wooden, sereneseasons:summer_crops, forge:glass/gray, minecraft:campfires, forge:storage_blocks, minecraft:infiniburn_nether, forge:glass_panes/orange, forge:glass/light_gray, forge:ores/quartz, minecraft:wooden_slabs, forge:glass/blue, minecraft:small_flowers, minecraft:wooden_trapdoors, forge:storage_blocks/coal, forge:glass_panes/black, forge:glass/light_blue, jade:pick, forge:storage_blocks/redstone, paraglider:statues, sereneseasons:winter_crops, forge:glass_panes/blue, minecraft:stairs, minecraft:logs, forge:ores/cinnabar, forge:stone, minecraft:valid_spawn, minecraft:mushroom_grow_block, minecraft:wooden_doors, minecraft:standing_signs, minecraft:infiniburn_end, forge:glass_panes/yellow, sereneseasons:autumn_crops, forge:glass/purple, minecraft:crimson_stems, minecraft:wart_blocks, forge:storage_blocks/ruby, cataclysm:ender_guardian_can_destroy, forge:storage_blocks/apatite, minecraft:beacon_base_blocks, minecraft:shulker_boxes, the_bumblezone:required_blocks_under_hive_to_teleport, minecraft:anvil, forge:ores/silver, the_bumblezone:blacklisted_teleportable_hive_blocks, minecraft:birch_logs, forge:storage_blocks/enderium, forge:sand, minecraft:wall_corals, thermal:rockwool, forge:storage_blocks/tar, forge:glass_panes/purple, forge:glass/yellow, the_bumblezone:wrath_activating_blocks_when_mined, forge:storage_blocks/silver, minecraft:oak_logs, forge:ores/gold, forge:pumpkins/carved, forge:storage_blocks/neptunium, forge:barrels, minecraft:piglin_repellents, forge:ores/lapis, forge:glass/black, minecraft:portals, the_bumblezone:flowers_blacklisted_from_pollen_puff, forge:dirt, minecraft:bamboo_plantable_on, forge:fences/nether_brick, forge:glass/lime, forge:chests/wooden, forge:ores/iron, minecraft:pressure_plates, forge:ores/nickel, forge:storage_blocks/sulfur, minecraft:jungle_logs, tombstone:graves, forge:chests/ender, cataclysm:netherite_monstrosity_immune, minecraft:wooden_stairs, minecraft:spruce_logs, thermal:glass/hardened, minecraft:carpets, minecraft:base_stone_overworld, minecraft:wooden_buttons, forge:fence_gates/wooden, minecraft:stone_bricks, forge:storage_blocks/quartz, forge:glass/orange, forge:glass_panes/lime, sereneseasons:spring_crops, endrem:end_crystal_gen, minecraft:slabs, minecraft:guarded_by_piglins, forge:ores/emerald, forge:storage_blocks/bitumen, the_bumblezone:blacklisted_resourceful_bees_combs, cataclysm:ender_golem_can_destroy, cataclysm:ignis_immune, forge:ores/apatite, minecraft:corals, minecraft:buttons, minecraft:flowers, the_bumblezone:flowers_allowed_by_pollen_puff, minecraft:planks, forge:cobblestone, minecraft:rails, forge:barrels/wooden, forge:storage_blocks/niter, minecraft:strider_warm_blocks, forge:storage_blocks/gold, minecraft:fence_gates, forge:ores, minecraft:bee_growables, minecraft:wooden_pressure_plates, minecraft:tall_flowers, cataclysm:endermaptera_can_not_spawn, forge:fences, forge:pollen, minecraft:stone_pressure_plates, forge:storage_blocks/diamond, minecraft:nylium, minecraft:gold_ores, forge:storage_blocks/bamboo, forge:glass_panes/pink, forge:storage_blocks/slag, forge:netherrack]
[04Jun2025 01:22:49.793] [Server thread/INFO] [net.minecraft.server.dedicated.DedicatedServer/]: Preparing level "world"
[04Jun2025 01:22:51.027] [Server thread/INFO] [net.minecraft.server.MinecraftServer/]: Preparing start region for dimension minecraft:overworld
[04Jun2025 01:22:53.116] [Server thread/INFO] [net.minecraft.world.chunk.listener.LoggingChunkStatusListener/]: Preparing spawn area: 0%
[04Jun2025 01:22:53.117] [Server thread/INFO] [net.minecraft.world.chunk.listener.LoggingChunkStatusListener/]: Preparing spawn area: 0%
[04Jun2025 01:22:53.117] [Server thread/INFO] [net.minecraft.world.chunk.listener.LoggingChunkStatusListener/]: Preparing spawn area: 0%
[04Jun2025 01:22:53.117] [Server thread/INFO] [net.minecraft.world.chunk.listener.LoggingChunkStatusListener/]: Preparing spawn area: 0%
[04Jun2025 01:22:53.119] [Server thread/INFO] [net.minecraft.world.chunk.listener.LoggingChunkStatusListener/]: Preparing spawn area: 0%
[04Jun2025 01:22:53.844] [Server thread/INFO] [net.minecraft.world.chunk.listener.LoggingChunkStatusListener/]: Preparing spawn area: 24%
[04Jun2025 01:22:54.082] [Server thread/INFO] [net.minecraft.world.chunk.listener.LoggingChunkStatusListener/]: Preparing spawn area: 71%
[04Jun2025 01:22:54.158] [Server thread/INFO] [net.minecraft.world.chunk.listener.LoggingChunkStatusListener/]: Time elapsed: 3129 ms
[04Jun2025 01:22:54.159] [Server thread/INFO] [net.minecraft.server.dedicated.DedicatedServer/]: Done (4.555s)! For help, type "help"
[04Jun2025 01:22:54.198] [Server thread/INFO] [Spartan Weaponry/]: Starting up Server for Spartan Weaponry!
[04Jun2025 01:27:54.160] [Server thread/INFO] [antiqueatlas/]: Saving local markers data to NBT
[04Jun2025 01:27:54.584] [Server thread/ERROR] [net.minecraft.world.storage.ServerWorldInfo/]: WorldGenSettings: Value -1 outside of range [0:4096]
[04Jun2025 01:28:41.180] [Server thread/INFO] [net.minecraftforge.common.AdvancementLoadFix/]: Using new advancement loading for net.minecraft.advancements.PlayerAdvancements@6f07be44
[04Jun2025 01:28:41.217] [Server thread/INFO] [net.minecraft.server.management.PlayerList/]: FRANCOPR10[/100.111.8.72:55238] logged in with entity id 469 at (1598.511296118336, 69.0, -456.3096256254998)
[04Jun2025 01:28:41.236] [Server thread/INFO] [net.minecraft.server.dedicated.DedicatedServer/]: FRANCOPR10 joined the game
[04Jun2025 01:28:41.295] [Server thread/INFO] [Waila/]: Syncing config to FRANCOPR10 (d9d24099-c47d-3348-ab3a-99bd183119e0)
[04Jun2025 01:28:41.313] [Server thread/INFO] [antiqueatlas/]: Sent markers data #-1 to player FRANCOPR10
[04Jun2025 01:28:41.315] [Server thread/INFO] [antiqueatlas/]: Sent custom biome data to player FRANCOPR10
[04Jun2025 01:28:41.315] [Server thread/INFO] [antiqueatlas/]: Sent custom biome data to player FRANCOPR10
[04Jun2025 01:28:41.316] [Server thread/INFO] [antiqueatlas/]: Sent custom biome data to player FRANCOPR10
[04Jun2025 01:28:41.316] [Server thread/INFO] [antiqueatlas/]: Sent custom biome data to player FRANCOPR10
[04Jun2025 01:29:07.598] [Server thread/INFO] [net.minecraftforge.common.AdvancementLoadFix/]: Using new advancement loading for net.minecraft.advancements.PlayerAdvancements@279efd3f
[04Jun2025 01:29:07.611] [Server thread/INFO] [net.minecraft.server.management.PlayerList/]: chocolinpy[/100.115.122.8:62791] logged in with entity id 776 at (1835.860643636881, 75.0, -651.188800517928)
[04Jun2025 01:29:07.623] [Server thread/INFO] [net.minecraft.server.dedicated.DedicatedServer/]: chocolinpy joined the game
[04Jun2025 01:29:07.660] [Server thread/INFO] [Waila/]: Syncing config to chocolinpy (034783f3-fbfc-3708-91b0-59525927d190)
[04Jun2025 01:29:07.661] [Server thread/INFO] [antiqueatlas/]: Sent markers data #-1 to player chocolinpy
[04Jun2025 01:29:07.662] [Server thread/INFO] [antiqueatlas/]: Sent custom biome data to player chocolinpy
[04Jun2025 01:29:07.662] [Server thread/INFO] [antiqueatlas/]: Sent custom biome data to player chocolinpy
[04Jun2025 01:29:07.662] [Server thread/INFO] [antiqueatlas/]: Sent custom biome data to player chocolinpy
[04Jun2025 01:29:07.663] [Server thread/INFO] [antiqueatlas/]: Sent custom biome data to player chocolinpy
[04Jun2025 01:29:07.678] [Server thread/INFO] [antiqueatlas/]: Sending dimension #ResourceKey[minecraft:dimension / minecraft:overworld]
[04Jun2025 01:29:07.681] [Server thread/INFO] [antiqueatlas/]: Sent dimension #ResourceKey[minecraft:dimension / minecraft:overworld] (29 tiles)
[04Jun2025 01:29:07.681] [Server thread/INFO] [antiqueatlas/]: Sent Atlas #4 data to player chocolinpy
[04Jun2025 01:29:07.682] [Server thread/INFO] [antiqueatlas/]: Sent markers data #4 to player chocolinpy
[04Jun2025 01:29:36.638] [Server thread/INFO] [net.minecraft.server.dedicated.DedicatedServer/]: <FRANCOPR10> Zzzz
[04Jun2025 01:29:46.929] [Server thread/INFO] [net.minecraft.server.dedicated.DedicatedServer/]: <chocolinpy> sexo
[04Jun2025 01:29:49.046] [Server thread/INFO] [net.minecraft.server.dedicated.DedicatedServer/]: [chocolinpy: Set own game mode to Survival Mode]
[04Jun2025 01:32:54.242] [Server thread/INFO] [antiqueatlas/]: Saving local markers data to NBT
[04Jun2025 01:32:54.779] [Server thread/ERROR] [net.minecraft.world.storage.ServerWorldInfo/]: WorldGenSettings: Value -1 outside of range [0:4096]
[04Jun2025 01:33:10.692] [Server thread/INFO] [net.minecraft.server.dedicated.DedicatedServer/]: [chocolinpy: Teleported FRANCOPR10 to chocolinpy]
[04Jun2025 01:36:29.756] [Server thread/INFO] [net.minecraft.server.dedicated.DedicatedServer/]: FRANCOPR10 has made the advancement [Tons Of Pollen Can't Bee Healthy...]
[04Jun2025 01:37:54.723] [Server thread/ERROR] [net.minecraft.world.storage.ServerWorldInfo/]: WorldGenSettings: Value -1 outside of range [0:4096]
[04Jun2025 01:40:59.378] [Server thread/INFO] [net.minecraft.server.dedicated.DedicatedServer/]: <chocolinpy> zzz
[04Jun2025 01:41:00.882] [Server thread/INFO] [net.minecraft.server.dedicated.DedicatedServer/]: <chocolinpy> sexo
[04Jun2025 01:41:03.102] [Server thread/INFO] [net.minecraft.server.dedicated.DedicatedServer/]: <chocolinpy> digp
[04Jun2025 01:41:03.933] [Server thread/INFO] [net.minecraft.server.dedicated.DedicatedServer/]: <chocolinpy> zzz
[04Jun2025 01:41:10.247] [Server thread/INFO] [net.minecraftforge.common.AdvancementLoadFix/]: Using new advancement loading for net.minecraft.advancements.PlayerAdvancements@3d0fb74f
[04Jun2025 01:41:10.261] [Server thread/INFO] [net.minecraft.server.management.PlayerList/]: Fabrioreos[/100.106.168.72:53382] logged in with entity id 4610 at (1078.9488877712029, 62.523264600616436, -2048.2894722027604)
[04Jun2025 01:41:10.263] [Server thread/INFO] [net.minecraft.server.dedicated.DedicatedServer/]: Fabrioreos joined the game
[04Jun2025 01:41:10.301] [Server thread/INFO] [Waila/]: Syncing config to Fabrioreos (7d4ac431-ff3f-3f0b-8be5-35cee69540cb)
[04Jun2025 01:41:10.302] [Server thread/INFO] [antiqueatlas/]: Sent markers data #-1 to player Fabrioreos
[04Jun2025 01:41:10.303] [Server thread/INFO] [antiqueatlas/]: Sent custom biome data to player Fabrioreos
[04Jun2025 01:41:10.304] [Server thread/INFO] [antiqueatlas/]: Sent custom biome data to player Fabrioreos
[04Jun2025 01:41:10.304] [Server thread/INFO] [antiqueatlas/]: Sent custom biome data to player Fabrioreos
[04Jun2025 01:41:10.305] [Server thread/INFO] [antiqueatlas/]: Sent custom biome data to player Fabrioreos
[04Jun2025 01:41:10.316] [Server thread/INFO] [antiqueatlas/]: Sending dimension #ResourceKey[minecraft:dimension / minecraft:overworld]
[04Jun2025 01:41:10.321] [Server thread/INFO] [antiqueatlas/]: Sent dimension #ResourceKey[minecraft:dimension / minecraft:overworld] (72 tiles)
[04Jun2025 01:41:10.321] [Server thread/INFO] [antiqueatlas/]: Sent Atlas #2 data to player Fabrioreos
[04Jun2025 01:41:10.322] [Server thread/INFO] [antiqueatlas/]: Sent markers data #2 to player Fabrioreos
[04Jun2025 01:42:54.254] [Server thread/INFO] [antiqueatlas/]: Saving local markers data to NBT
[04Jun2025 01:42:55.098] [Server thread/ERROR] [net.minecraft.world.storage.ServerWorldInfo/]: WorldGenSettings: Value -1 outside of range [0:4096]
[04Jun2025 01:44:43.093] [Server thread/INFO] [net.minecraft.server.dedicated.DedicatedServer/]: [chocolinpy: Teleported Fabrioreos to chocolinpy]
[04Jun2025 01:44:53.647] [Server thread/INFO] [net.minecraft.server.dedicated.DedicatedServer/]: [chocolinpy: Set own game mode to Creative Mode]
[04Jun2025 01:44:56.800] [Server thread/INFO] [net.minecraft.server.dedicated.DedicatedServer/]: [chocolinpy: Set own game mode to Survival Mode]
[04Jun2025 01:47:54.708] [Server thread/ERROR] [net.minecraft.world.storage.ServerWorldInfo/]: WorldGenSettings: Value -1 outside of range [0:4096]
[04Jun2025 01:49:14.699] [Server thread/INFO] [net.minecraft.server.dedicated.DedicatedServer/]: [chocolinpy: Set own game mode to Creative Mode]
[04Jun2025 01:49:17.055] [Server thread/INFO] [net.minecraft.server.dedicated.DedicatedServer/]: [chocolinpy: Set own game mode to Survival Mode]
[04Jun2025 01:50:31.490] [Server thread/INFO] [antiqueatlas/]: Sending dimension #ResourceKey[minecraft:dimension / minecraft:the_nether]
[04Jun2025 01:50:31.490] [Server thread/INFO] [antiqueatlas/]: Sent dimension #ResourceKey[minecraft:dimension / minecraft:the_nether] (5 tiles)
[04Jun2025 01:50:31.491] [Server thread/INFO] [antiqueatlas/]: Sent Atlas #4 data to player chocolinpy
[04Jun2025 01:50:31.493] [Server thread/INFO] [antiqueatlas/]: Sent markers data #4 to player chocolinpy
[04Jun2025 01:51:19.584] [Server thread/WARN] [net.minecraft.server.management.PlayerInteractionManager/]: Mismatch in destroy block pos: BlockPos{x=148, y=40, z=-4} BlockPos{x=149, y=42, z=-3}
[04Jun2025 01:51:19.705] [Server thread/WARN] [net.minecraft.server.management.PlayerInteractionManager/]: Mismatch in destroy block pos: BlockPos{x=149, y=42, z=-3} BlockPos{x=148, y=41, z=-4}
[04Jun2025 01:51:27.691] [Server thread/INFO] [net.minecraft.server.dedicated.DedicatedServer/]: Fabrioreos has made the advancement [Magic Disenchantment]
[04Jun2025 01:51:27.693] [Server thread/INFO] [net.minecraft.server.dedicated.DedicatedServer/]: Fabrioreos has made the advancement [Let The Magic Happen]
[04Jun2025 01:51:28.299] [Server thread/WARN] [net.minecraft.server.management.PlayerInteractionManager/]: Mismatch in destroy block pos: BlockPos{x=143, y=41, z=-6} BlockPos{x=142, y=37, z=-6}
[04Jun2025 01:52:54.611] [Server thread/INFO] [antiqueatlas/]: Saving local markers data to NBT
[04Jun2025 01:52:54.954] [Server thread/ERROR] [net.minecraft.world.storage.ServerWorldInfo/]: WorldGenSettings: Value -1 outside of range [0:4096]
[04Jun2025 01:52:55.531] [Server thread/INFO] [net.minecraft.network.play.ServerPlayNetHandler/]: chocolinpy lost connection: Disconnected
[04Jun2025 01:52:55.531] [Server thread/INFO] [net.minecraft.server.dedicated.DedicatedServer/]: chocolinpy left the game
[04Jun2025 01:54:41.641] [Server thread/INFO] [net.minecraftforge.common.AdvancementLoadFix/]: Using new advancement loading for net.minecraft.advancements.PlayerAdvancements@1f67ccaa
[04Jun2025 01:54:41.651] [Server thread/INFO] [net.minecraft.server.management.PlayerList/]: chocolinpy[/100.115.122.8:63455] logged in with entity id 10187 at (139.90500519059003, 33.0, 7.699999988079071)
[04Jun2025 01:54:41.658] [Server thread/INFO] [net.minecraft.server.dedicated.DedicatedServer/]: chocolinpy joined the game
[04Jun2025 01:54:41.675] [Server thread/INFO] [Waila/]: Syncing config to chocolinpy (034783f3-fbfc-3708-91b0-59525927d190)
[04Jun2025 01:54:41.676] [Server thread/INFO] [antiqueatlas/]: Sent markers data #-1 to player chocolinpy
[04Jun2025 01:54:41.676] [Server thread/INFO] [antiqueatlas/]: Sent custom biome data to player chocolinpy
[04Jun2025 01:54:41.676] [Server thread/INFO] [antiqueatlas/]: Sent custom biome data to player chocolinpy
[04Jun2025 01:54:41.677] [Server thread/INFO] [antiqueatlas/]: Sent custom biome data to player chocolinpy
[04Jun2025 01:54:41.677] [Server thread/INFO] [antiqueatlas/]: Sent custom biome data to player chocolinpy
[04Jun2025 01:54:41.678] [Server thread/INFO] [antiqueatlas/]: Sending dimension #ResourceKey[minecraft:dimension / minecraft:the_nether]
[04Jun2025 01:54:41.679] [Server thread/INFO] [antiqueatlas/]: Sent dimension #ResourceKey[minecraft:dimension / minecraft:the_nether] (5 tiles)
[04Jun2025 01:54:41.679] [Server thread/INFO] [antiqueatlas/]: Sent Atlas #4 data to player chocolinpy
[04Jun2025 01:54:41.679] [Server thread/INFO] [antiqueatlas/]: Sent markers data #4 to player chocolinpy
[04Jun2025 01:55:18.237] [Server thread/WARN] [net.minecraft.server.management.PlayerInteractionManager/]: Mismatch in destroy block pos: BlockPos{x=139, y=24, z=-5} BlockPos{x=138, y=25, z=-5}
[04Jun2025 01:55:34.835] [Server thread/WARN] [net.minecraft.server.management.PlayerInteractionManager/]: Mismatch in destroy block pos: BlockPos{x=143, y=13, z=-5} BlockPos{x=142, y=12, z=-5}
[04Jun2025 01:55:34.883] [Server thread/WARN] [net.minecraft.server.management.PlayerInteractionManager/]: Mismatch in destroy block pos: BlockPos{x=143, y=13, z=-5} BlockPos{x=142, y=12, z=-5}
[04Jun2025 01:55:34.936] [Server thread/WARN] [net.minecraft.server.management.PlayerInteractionManager/]: Mismatch in destroy block pos: BlockPos{x=143, y=13, z=-5} BlockPos{x=142, y=12, z=-5}
[04Jun2025 01:55:34.983] [Server thread/WARN] [net.minecraft.server.management.PlayerInteractionManager/]: Mismatch in destroy block pos: BlockPos{x=143, y=13, z=-5} BlockPos{x=142, y=12, z=-5}
[04Jun2025 01:55:35.036] [Server thread/WARN] [net.minecraft.server.management.PlayerInteractionManager/]: Mismatch in destroy block pos: BlockPos{x=143, y=13, z=-5} BlockPos{x=142, y=12, z=-5}
[04Jun2025 01:55:35.084] [Server thread/WARN] [net.minecraft.server.management.PlayerInteractionManager/]: Mismatch in destroy block pos: BlockPos{x=143, y=13, z=-5} BlockPos{x=142, y=12, z=-5}
[04Jun2025 01:55:35.134] [Server thread/WARN] [net.minecraft.server.management.PlayerInteractionManager/]: Mismatch in destroy block pos: BlockPos{x=143, y=13, z=-5} BlockPos{x=142, y=12, z=-5}
[04Jun2025 01:55:35.183] [Server thread/WARN] [net.minecraft.server.management.PlayerInteractionManager/]: Mismatch in destroy block pos: BlockPos{x=142, y=11, z=-4} BlockPos{x=142, y=12, z=-5}
[04Jun2025 01:55:38.691] [Server thread/WARN] [net.minecraft.server.management.PlayerInteractionManager/]: Mismatch in destroy block pos: BlockPos{x=139, y=14, z=-4} BlockPos{x=139, y=15, z=-4}
[04Jun2025 01:55:41.540] [Server thread/INFO] [net.minecraft.server.dedicated.DedicatedServer/]: chocolinpy has made the advancement [Hidden in the Depths]
[04Jun2025 01:57:00.342] [Server thread/INFO] [net.minecraft.server.dedicated.DedicatedServer/]: [chocolinpy: Set own game mode to Creative Mode]
[04Jun2025 01:57:43.886] [Server thread/INFO] [net.minecraft.server.dedicated.DedicatedServer/]: [chocolinpy: Set own game mode to Survival Mode]
[04Jun2025 01:57:46.145] [Server thread/INFO] [net.minecraft.server.dedicated.DedicatedServer/]: [chocolinpy: Set own game mode to Creative Mode]
[04Jun2025 01:57:55.344] [Server thread/ERROR] [net.minecraft.world.storage.ServerWorldInfo/]: WorldGenSettings: Value -1 outside of range [0:4096]
[04Jun2025 01:58:01.140] [Server thread/INFO] [net.minecraft.server.dedicated.DedicatedServer/]: [chocolinpy: Set own game mode to Survival Mode]
[04Jun2025 01:58:22.739] [Server thread/WARN] [net.minecraft.server.management.PlayerInteractionManager/]: Mismatch in destroy block pos: BlockPos{x=229, y=11, z=-11} BlockPos{x=229, y=10, z=-11}
[04Jun2025 01:58:22.805] [Server thread/WARN] [net.minecraft.server.management.PlayerInteractionManager/]: Mismatch in destroy block pos: BlockPos{x=230, y=11, z=-11} BlockPos{x=229, y=10, z=-11}
[04Jun2025 01:58:22.840] [Server thread/WARN] [net.minecraft.server.management.PlayerInteractionManager/]: Mismatch in destroy block pos: BlockPos{x=231, y=11, z=-11} BlockPos{x=229, y=10, z=-11}
[04Jun2025 01:58:22.893] [Server thread/WARN] [net.minecraft.server.management.PlayerInteractionManager/]: Mismatch in destroy block pos: BlockPos{x=231, y=10, z=-11} BlockPos{x=229, y=10, z=-11}
[04Jun2025 01:58:22.992] [Server thread/WARN] [net.minecraft.server.management.PlayerInteractionManager/]: Mismatch in destroy block pos: BlockPos{x=231, y=10, z=-11} BlockPos{x=231, y=10, z=-10}
[04Jun2025 02:00:56.665] [Server thread/INFO] [antiqueatlas/]: Created new marker #3"Here lies Fabrioreos"@(1601, -459)
[04Jun2025 02:00:56.667] [Server thread/INFO] [net.minecraft.server.dedicated.DedicatedServer/]: Fabrioreos was doomed to fall by FRANCOPR10
[04Jun2025 02:00:56.735] [Server thread/INFO] [tombstone/]: The player Fabrioreos has successfully been saved
[04Jun2025 02:01:00.154] [Worker-Main-6/INFO] [antiqueatlas/]: Created new marker #10"Village"@(-254, -154)
[04Jun2025 02:01:00.154] [Server thread/ERROR] [net.minecraft.village.PointOfInterestData/]: POI data mismatch: already registered at BlockPos{x=-170, y=26, z=-167}
[04Jun2025 02:01:30.282] [Server thread/INFO] [net.minecraft.server.dedicated.DedicatedServer/]: [chocolinpy: Set FRANCOPR10's game mode to Spectator Mode]
[04Jun2025 02:01:38.081] [Server thread/INFO] [net.minecraft.server.dedicated.DedicatedServer/]: [chocolinpy: Set FRANCOPR10's game mode to Survival Mode]
[04Jun2025 02:02:31.082] [Server thread/INFO] [net.minecraft.server.dedicated.DedicatedServer/]: [chocolinpy: Set Fabrioreos's game mode to Spectator Mode]
[04Jun2025 02:02:37.631] [Server thread/INFO] [net.minecraft.server.dedicated.DedicatedServer/]: [chocolinpy: Set Fabrioreos's game mode to Survival Mode]
[04Jun2025 02:02:54.221] [Server thread/INFO] [antiqueatlas/]: Saving local markers data to NBT
[04Jun2025 02:02:54.221] [Server thread/INFO] [antiqueatlas/]: Saving local markers data to NBT
[04Jun2025 02:02:54.859] [Server thread/ERROR] [net.minecraft.world.storage.ServerWorldInfo/]: WorldGenSettings: Value -1 outside of range [0:4096]
[04Jun2025 02:03:23.132] [Server thread/INFO] [net.minecraft.server.dedicated.DedicatedServer/]: [chocolinpy: Set Fabrioreos's game mode to Spectator Mode]
[04Jun2025 02:03:28.581] [Server thread/INFO] [net.minecraft.server.dedicated.DedicatedServer/]: [chocolinpy: Set Fabrioreos's game mode to Survival Mode]
[04Jun2025 02:03:38.044] [Server thread/INFO] [net.minecraft.server.dedicated.DedicatedServer/]: [chocolinpy: Set Fabrioreos's game mode to Adventure Mode]
[04Jun2025 02:05:08.780] [Server thread/WARN] [net.minecraft.server.management.PlayerInteractionManager/]: Mismatch in destroy block pos: BlockPos{x=144, y=13, z=65} BlockPos{x=144, y=13, z=64}
[04Jun2025 02:05:08.833] [Server thread/WARN] [net.minecraft.server.management.PlayerInteractionManager/]: Mismatch in destroy block pos: BlockPos{x=144, y=12, z=65} BlockPos{x=144, y=13, z=64}
[04Jun2025 02:05:08.938] [Server thread/WARN] [net.minecraft.server.management.PlayerInteractionManager/]: Mismatch in destroy block pos: BlockPos{x=144, y=12, z=65} BlockPos{x=143, y=12, z=65}
[04Jun2025 02:05:09.329] [Server thread/WARN] [net.minecraft.server.management.PlayerInteractionManager/]: Mismatch in destroy block pos: BlockPos{x=144, y=12, z=65} BlockPos{x=143, y=12, z=65}
[04Jun2025 02:05:09.381] [Server thread/WARN] [net.minecraft.server.management.PlayerInteractionManager/]: Mismatch in destroy block pos: BlockPos{x=144, y=12, z=65} BlockPos{x=143, y=12, z=65}
[04Jun2025 02:05:09.439] [Server thread/WARN] [net.minecraft.server.management.PlayerInteractionManager/]: Mismatch in destroy block pos: BlockPos{x=144, y=12, z=65} BlockPos{x=143, y=12, z=65}
[04Jun2025 02:05:09.481] [Server thread/WARN] [net.minecraft.server.management.PlayerInteractionManager/]: Mismatch in destroy block pos: BlockPos{x=144, y=12, z=65} BlockPos{x=143, y=12, z=65}
[04Jun2025 02:05:09.534] [Server thread/WARN] [net.minecraft.server.management.PlayerInteractionManager/]: Mismatch in destroy block pos: BlockPos{x=144, y=12, z=65} BlockPos{x=143, y=12, z=65}
[04Jun2025 02:05:09.587] [Server thread/WARN] [net.minecraft.server.management.PlayerInteractionManager/]: Mismatch in destroy block pos: BlockPos{x=144, y=12, z=65} BlockPos{x=143, y=12, z=65}
[04Jun2025 02:05:28.742] [Server thread/INFO] [net.minecraft.server.dedicated.DedicatedServer/]: [chocolinpy: Set Fabrioreos's game mode to Survival Mode]
[04Jun2025 02:06:01.482] [Server thread/WARN] [net.minecraft.server.management.PlayerInteractionManager/]: Mismatch in destroy block pos: BlockPos{x=134, y=11, z=49} BlockPos{x=135, y=10, z=49}
[04Jun2025 02:06:01.534] [Server thread/WARN] [net.minecraft.server.management.PlayerInteractionManager/]: Mismatch in destroy block pos: BlockPos{x=134, y=11, z=49} BlockPos{x=135, y=10, z=49}
[04Jun2025 02:06:58.841] [Server thread/INFO] [antiqueatlas/]: Created new marker #4"Here lies Fabrioreos"@(1599, -450)
[04Jun2025 02:06:58.842] [Server thread/INFO] [net.minecraft.server.dedicated.DedicatedServer/]: Fabrioreos was slain by FRANCOPR10
[04Jun2025 02:06:58.845] [Server thread/INFO] [tombstone/]: The player Fabrioreos has successfully been saved
[04Jun2025 02:07:09.099] [Server thread/INFO] [net.minecraft.server.dedicated.DedicatedServer/]: FRANCOPR10 was slain by Fabrioreos
[04Jun2025 02:07:09.101] [Server thread/INFO] [tombstone/]: The player FRANCOPR10 has successfully been saved
[04Jun2025 02:07:29.381] [Server thread/WARN] [net.minecraft.server.management.PlayerInteractionManager/]: Mismatch in destroy block pos: BlockPos{x=96, y=11, z=96} BlockPos{x=97, y=10, z=96}
[04Jun2025 02:07:54.215] [Server thread/INFO] [antiqueatlas/]: Saving local markers data to NBT
[04Jun2025 02:07:54.778] [Server thread/ERROR] [net.minecraft.world.storage.ServerWorldInfo/]: WorldGenSettings: Value -1 outside of range [0:4096]
[04Jun2025 02:08:34.880] [Server thread/WARN] [net.minecraft.server.management.PlayerInteractionManager/]: Mismatch in destroy block pos: BlockPos{x=90, y=9, z=113} BlockPos{x=89, y=10, z=114}
[04Jun2025 02:11:09.079] [Server thread/WARN] [net.minecraft.server.management.PlayerInteractionManager/]: Mismatch in destroy block pos: BlockPos{x=97, y=12, z=142} BlockPos{x=97, y=11, z=142}
[04Jun2025 02:11:34.280] [Server thread/WARN] [net.minecraft.server.management.PlayerInteractionManager/]: Mismatch in destroy block pos: BlockPos{x=109, y=12, z=138} BlockPos{x=109, y=11, z=138}
[04Jun2025 02:12:48.539] [Server thread/WARN] [net.minecraft.server.management.PlayerInteractionManager/]: Mismatch in destroy block pos: BlockPos{x=110, y=11, z=160} BlockPos{x=110, y=11, z=159}
[04Jun2025 02:12:48.591] [Server thread/WARN] [net.minecraft.server.management.PlayerInteractionManager/]: Mismatch in destroy block pos: BlockPos{x=110, y=11, z=160} BlockPos{x=110, y=11, z=159}
[04Jun2025 02:12:54.729] [Server thread/ERROR] [net.minecraft.world.storage.ServerWorldInfo/]: WorldGenSettings: Value -1 outside of range [0:4096]
[04Jun2025 02:12:57.584] [Server thread/WARN] [net.minecraft.server.management.PlayerInteractionManager/]: Mismatch in destroy block pos: BlockPos{x=104, y=9, z=161} BlockPos{x=103, y=9, z=162}
[04Jun2025 02:12:57.688] [Server thread/WARN] [net.minecraft.server.management.PlayerInteractionManager/]: Mismatch in destroy block pos: BlockPos{x=103, y=9, z=163} BlockPos{x=103, y=9, z=162}
[04Jun2025 02:12:57.737] [Server thread/WARN] [net.minecraft.server.management.PlayerInteractionManager/]: Mismatch in destroy block pos: BlockPos{x=104, y=11, z=160} BlockPos{x=103, y=9, z=162}
[04Jun2025 02:12:57.787] [Server thread/WARN] [net.minecraft.server.management.PlayerInteractionManager/]: Mismatch in destroy block pos: BlockPos{x=103, y=11, z=161} BlockPos{x=103, y=9, z=162}
[04Jun2025 02:12:57.840] [Server thread/WARN] [net.minecraft.server.management.PlayerInteractionManager/]: Mismatch in destroy block pos: BlockPos{x=103, y=11, z=162} BlockPos{x=103, y=9, z=162}
[04Jun2025 02:12:57.889] [Server thread/WARN] [net.minecraft.server.management.PlayerInteractionManager/]: Mismatch in destroy block pos: BlockPos{x=103, y=11, z=162} BlockPos{x=102, y=11, z=162}
[04Jun2025 02:14:17.031] [Server thread/INFO] [net.minecraft.server.dedicated.DedicatedServer/]: FRANCOPR10 has made the advancement [Bring Home the Beacon]
[04Jun2025 02:17:54.904] [Server thread/ERROR] [net.minecraft.world.storage.ServerWorldInfo/]: WorldGenSettings: Value -1 outside of range [0:4096]
[04Jun2025 02:18:44.696] [Server thread/WARN] [net.minecraft.server.management.PlayerInteractionManager/]: Mismatch in destroy block pos: BlockPos{x=28, y=15, z=234} BlockPos{x=27, y=15, z=234}
[04Jun2025 02:19:00.585] [Server thread/WARN] [net.minecraft.server.management.PlayerInteractionManager/]: Mismatch in destroy block pos: BlockPos{x=21, y=15, z=244} BlockPos{x=21, y=14, z=243}
[04Jun2025 02:19:02.043] [Server thread/WARN] [net.minecraft.server.management.PlayerInteractionManager/]: Mismatch in destroy block pos: BlockPos{x=21, y=16, z=241} BlockPos{x=21, y=14, z=241}
[04Jun2025 02:19:42.690] [Server thread/INFO] [net.minecraft.server.dedicated.DedicatedServer/]: FRANCOPR10 has made the advancement [Enchanter]
[04Jun2025 02:21:20.228] [Server thread/INFO] [net.minecraft.server.dedicated.DedicatedServer/]: Fabrioreos has made the advancement [A Throwaway Joke]
[04Jun2025 02:21:40.184] [Server thread/INFO] [net.minecraft.server.dedicated.DedicatedServer/]: [chocolinpy: Set own game mode to Creative Mode]
[04Jun2025 02:22:04.199] [Server thread/INFO] [net.minecraft.server.dedicated.DedicatedServer/]: [chocolinpy: Set own game mode to Survival Mode]
[04Jun2025 02:22:15.721] [Server thread/INFO] [antiqueatlas/]: Sending dimension #ResourceKey[minecraft:dimension / minecraft:overworld]
[04Jun2025 02:22:15.723] [Server thread/INFO] [antiqueatlas/]: Sent dimension #ResourceKey[minecraft:dimension / minecraft:overworld] (29 tiles)
[04Jun2025 02:22:15.723] [Server thread/INFO] [antiqueatlas/]: Sent Atlas #4 data to player chocolinpy
[04Jun2025 02:22:15.723] [Server thread/INFO] [antiqueatlas/]: Sent markers data #4 to player chocolinpy
[04Jun2025 02:22:24.048] [Server thread/WARN] [net.minecraft.network.play.ServerPlayNetHandler/]: Boat (vehicle of Fabrioreos) moved wrongly! 0.3933555483181408
[04Jun2025 02:22:55.362] [Server thread/ERROR] [net.minecraft.world.storage.ServerWorldInfo/]: WorldGenSettings: Value -1 outside of range [0:4096]
[04Jun2025 02:22:58.315] [Server thread/WARN] [net.minecraft.server.MinecraftServer/]: Can't keep up! Is the server overloaded? Running 2008ms or 40 ticks behind
[04Jun2025 02:24:42.988] [Server thread/INFO] [net.minecraft.server.dedicated.DedicatedServer/]: [chocolinpy: Set own game mode to Creative Mode]
[04Jun2025 02:25:06.687] [Server thread/INFO] [net.minecraft.server.dedicated.DedicatedServer/]: [chocolinpy: Set own game mode to Survival Mode]
[04Jun2025 02:26:58.958] [Server thread/ERROR] [net.minecraft.world.gen.feature.structure.Structure/]: Exception loading structure piece with id minecraft:shipwreck
java.util.ConcurrentModificationException: null
	at java.util.HashMap.computeIfAbsent(HashMap.java:1135) ~[?:?]
	at net.minecraft.world.gen.feature.template.TemplateManager.func_200219_b(SourceFile:64) ~[?:?]
	at net.minecraft.world.gen.feature.template.TemplateManager.func_200220_a(SourceFile:54) ~[?:?]
	at net.minecraft.world.gen.feature.structure.ShipwreckPieces$Piece.func_204754_a(SourceFile:105) ~[?:?]
	at net.minecraft.world.gen.feature.structure.ShipwreckPieces$Piece.<init>(SourceFile:93) ~[?:?]
	at net.minecraft.world.gen.feature.structure.Structure.func_236393_a_(Structure.java:119) ~[?:?]
	at net.minecraft.world.chunk.storage.ChunkSerializer.func_235967_a_(ChunkSerializer.java:438) ~[?:?]
	at net.minecraft.world.chunk.storage.ChunkSerializer.func_222656_a(ChunkSerializer.java:170) ~[?:?]
	at net.minecraft.world.server.ChunkManager.func_223170_j(ChunkManager.java:480) ~[?:?]
	at java.util.concurrent.CompletableFuture$AsyncSupply.run(CompletableFuture.java:1700) ~[?:?]
	at net.minecraft.util.concurrent.ThreadTaskExecutor.func_213166_h(SourceFile:144) ~[?:?]
	at net.minecraft.world.server.ServerChunkProvider$ChunkExecutor.func_213166_h(ServerChunkProvider.java:519) ~[?:?]
	at net.minecraft.util.concurrent.ThreadTaskExecutor.func_213168_p(SourceFile:118) ~[?:?]
	at net.minecraft.world.server.ServerChunkProvider$ChunkExecutor.func_213168_p(ServerChunkProvider.java:527) ~[?:?]
	at net.minecraft.world.server.ServerChunkProvider.func_217234_d(ServerChunkProvider.java:272) ~[?:?]
	at net.minecraft.server.MinecraftServer.func_213205_aW(MinecraftServer.java:722) ~[?:?]
	at net.minecraft.server.MinecraftServer.func_213168_p(MinecraftServer.java:711) ~[?:?]
	at net.minecraft.util.concurrent.ThreadTaskExecutor.func_213161_c(SourceFile:127) ~[?:?]
	at net.minecraft.server.MinecraftServer.func_213202_o(MinecraftServer.java:697) ~[?:?]
	at net.minecraft.server.MinecraftServer.func_240802_v_(MinecraftServer.java:646) ~[?:?]
	at net.minecraft.server.MinecraftServer.func_240783_a_(MinecraftServer.java:232) ~[?:?]
	at java.lang.Thread.run(Thread.java:829) [?:?]
[04Jun2025 02:26:58.982] [Server thread/ERROR] [net.minecraft.world.gen.feature.structure.Structure/]: Exception loading structure piece with id minecraft:shipwreck
java.util.ConcurrentModificationException: null
	at java.util.HashMap.computeIfAbsent(HashMap.java:1135) ~[?:?]
	at net.minecraft.world.gen.feature.template.TemplateManager.func_200219_b(SourceFile:64) ~[?:?]
	at net.minecraft.world.gen.feature.template.TemplateManager.func_200220_a(SourceFile:54) ~[?:?]
	at net.minecraft.world.gen.feature.structure.ShipwreckPieces$Piece.func_204754_a(SourceFile:105) ~[?:?]
	at net.minecraft.world.gen.feature.structure.ShipwreckPieces$Piece.<init>(SourceFile:93) ~[?:?]
	at net.minecraft.world.gen.feature.structure.Structure.func_236393_a_(Structure.java:119) ~[?:?]
	at net.minecraft.world.chunk.storage.ChunkSerializer.func_235967_a_(ChunkSerializer.java:438) ~[?:?]
	at net.minecraft.world.chunk.storage.ChunkSerializer.func_222656_a(ChunkSerializer.java:170) ~[?:?]
	at net.minecraft.world.server.ChunkManager.func_223170_j(ChunkManager.java:480) ~[?:?]
	at java.util.concurrent.CompletableFuture$AsyncSupply.run(CompletableFuture.java:1700) ~[?:?]
	at net.minecraft.util.concurrent.ThreadTaskExecutor.func_213166_h(SourceFile:144) ~[?:?]
	at net.minecraft.world.server.ServerChunkProvider$ChunkExecutor.func_213166_h(ServerChunkProvider.java:519) ~[?:?]
	at net.minecraft.util.concurrent.ThreadTaskExecutor.func_213168_p(SourceFile:118) ~[?:?]
	at net.minecraft.world.server.ServerChunkProvider$ChunkExecutor.func_213168_p(ServerChunkProvider.java:527) ~[?:?]
	at net.minecraft.world.server.ServerChunkProvider.func_217234_d(ServerChunkProvider.java:272) ~[?:?]
	at net.minecraft.server.MinecraftServer.func_213205_aW(MinecraftServer.java:722) ~[?:?]
	at net.minecraft.server.MinecraftServer.func_213168_p(MinecraftServer.java:711) ~[?:?]
	at net.minecraft.util.concurrent.ThreadTaskExecutor.func_213161_c(SourceFile:127) ~[?:?]
	at net.minecraft.server.MinecraftServer.func_213202_o(MinecraftServer.java:697) ~[?:?]
	at net.minecraft.server.MinecraftServer.func_240802_v_(MinecraftServer.java:646) ~[?:?]
	at net.minecraft.server.MinecraftServer.func_240783_a_(MinecraftServer.java:232) ~[?:?]
	at java.lang.Thread.run(Thread.java:829) [?:?]
[04Jun2025 02:27:14.895] [Worker-Main-16/INFO] [antiqueatlas/]: Created new marker #11"Village"@(3742, -3033)
[04Jun2025 02:27:56.216] [Server thread/INFO] [antiqueatlas/]: Saving local markers data to NBT
[04Jun2025 02:27:57.041] [Server thread/ERROR] [net.minecraft.world.storage.ServerWorldInfo/]: WorldGenSettings: Value -1 outside of range [0:4096]
[04Jun2025 02:28:33.019] [Server thread/INFO] [net.minecraft.server.dedicated.DedicatedServer/]: Fabrioreos has made the advancement [Arghh, Where be Me Ship?]
[04Jun2025 02:29:24.092] [Server thread/INFO] [net.minecraft.server.dedicated.DedicatedServer/]: [chocolinpy: Set own game mode to Creative Mode]
[04Jun2025 02:29:35.953] [Server thread/INFO] [net.minecraft.server.dedicated.DedicatedServer/]: [chocolinpy: Set own game mode to Survival Mode]
[04Jun2025 02:30:44.639] [Server thread/INFO] [net.minecraft.server.dedicated.DedicatedServer/]: [chocolinpy: Set own game mode to Creative Mode]
[04Jun2025 02:32:57.293] [Server thread/ERROR] [net.minecraft.world.storage.ServerWorldInfo/]: WorldGenSettings: Value -1 outside of range [0:4096]
[04Jun2025 02:32:58.724] [Server thread/INFO] [net.minecraft.server.dedicated.DedicatedServer/]: [chocolinpy: Set own game mode to Survival Mode]
[04Jun2025 02:33:42.996] [Server thread/INFO] [net.minecraft.server.dedicated.DedicatedServer/]: [chocolinpy: Set own game mode to Creative Mode]
[04Jun2025 02:33:51.305] [Server thread/INFO] [net.minecraft.server.dedicated.DedicatedServer/]: [chocolinpy: Set own game mode to Survival Mode]
[04Jun2025 02:34:48.120] [Server thread/INFO] [net.minecraft.server.dedicated.DedicatedServer/]: chocolinpy has completed the challenge [Cover Me in Debris]
[04Jun2025 02:37:57.143] [Server thread/ERROR] [net.minecraft.world.storage.ServerWorldInfo/]: WorldGenSettings: Value -1 outside of range [0:4096]
[04Jun2025 02:42:56.596] [Server thread/ERROR] [net.minecraft.world.storage.ServerWorldInfo/]: WorldGenSettings: Value -1 outside of range [0:4096]
[04Jun2025 02:45:03.496] [Worker-Main-15/INFO] [antiqueatlas/]: Created new marker #12"Village"@(4088, -3288)
[04Jun2025 02:45:33.294] [Server thread/INFO] [net.minecraft.server.dedicated.DedicatedServer/]: [chocolinpy: Set own game mode to Creative Mode]
[04Jun2025 02:45:53.441] [Server thread/INFO] [net.minecraft.server.dedicated.DedicatedServer/]: [chocolinpy: Set own game mode to Survival Mode]
[04Jun2025 02:47:56.228] [Server thread/INFO] [antiqueatlas/]: Saving local markers data to NBT
[04Jun2025 02:47:56.975] [Server thread/ERROR] [net.minecraft.world.storage.ServerWorldInfo/]: WorldGenSettings: Value -1 outside of range [0:4096]
[04Jun2025 02:48:43.399] [Server thread/INFO] [net.minecraft.server.dedicated.DedicatedServer/]: [chocolinpy: Set own game mode to Creative Mode]
[04Jun2025 02:49:24.341] [Server thread/INFO] [net.minecraft.server.dedicated.DedicatedServer/]: [chocolinpy: Set own game mode to Survival Mode]
[04Jun2025 02:50:25.004] [Server thread/INFO] [net.minecraft.server.dedicated.DedicatedServer/]: [chocolinpy: Set own game mode to Creative Mode]
[04Jun2025 02:50:49.792] [Server thread/INFO] [net.minecraft.server.dedicated.DedicatedServer/]: [chocolinpy: Set own game mode to Survival Mode]
[04Jun2025 02:51:02.690] [Server thread/INFO] [net.minecraft.server.dedicated.DedicatedServer/]: [chocolinpy: Set own game mode to Creative Mode]
[04Jun2025 02:51:07.438] [Server thread/INFO] [net.minecraft.server.dedicated.DedicatedServer/]: Fabrioreos has made the advancement [Chest Slayer]
[04Jun2025 02:52:50.798] [Server thread/INFO] [net.minecraft.server.dedicated.DedicatedServer/]: [chocolinpy: Set own game mode to Survival Mode]
[04Jun2025 02:52:56.864] [Server thread/ERROR] [net.minecraft.world.storage.ServerWorldInfo/]: WorldGenSettings: Value -1 outside of range [0:4096]
[04Jun2025 02:53:49.186] [Server thread/INFO] [antiqueatlas/]: Created new marker #5"Here lies Fabrioreos"@(3835, -3016)
[04Jun2025 02:53:49.186] [Server thread/INFO] [net.minecraft.server.dedicated.DedicatedServer/]: Fabrioreos was slain by Zombie
[04Jun2025 02:53:49.207] [Server thread/INFO] [tombstone/]: The player Fabrioreos has successfully been saved
[04Jun2025 02:55:27.058] [Server thread/INFO] [net.minecraft.server.dedicated.DedicatedServer/]: [chocolinpy: Set own game mode to Creative Mode]
[04Jun2025 02:57:50.294] [Server thread/INFO] [net.minecraft.server.dedicated.DedicatedServer/]: chocolinpy has made the advancement [The Bender of the 15th Century]
[04Jun2025 02:57:56.216] [Server thread/INFO] [antiqueatlas/]: Saving local markers data to NBT
[04Jun2025 02:57:56.908] [Server thread/ERROR] [net.minecraft.world.storage.ServerWorldInfo/]: WorldGenSettings: Value -1 outside of range [0:4096]
[04Jun2025 02:58:13.299] [Server thread/INFO] [net.minecraft.server.dedicated.DedicatedServer/]: [chocolinpy: Set own game mode to Survival Mode]
[04Jun2025 02:58:46.044] [Server thread/INFO] [net.minecraft.server.dedicated.DedicatedServer/]: [chocolinpy: Set own game mode to Creative Mode]
[04Jun2025 02:59:24.095] [Server thread/INFO] [net.minecraft.server.dedicated.DedicatedServer/]: [chocolinpy: Set own game mode to Adventure Mode]
[04Jun2025 02:59:26.843] [Server thread/INFO] [net.minecraft.server.dedicated.DedicatedServer/]: [chocolinpy: Set own game mode to Creative Mode]
[04Jun2025 02:59:28.594] [Server thread/INFO] [net.minecraft.server.dedicated.DedicatedServer/]: [chocolinpy: Set own game mode to Adventure Mode]
[04Jun2025 02:59:30.442] [Server thread/INFO] [net.minecraft.server.dedicated.DedicatedServer/]: [chocolinpy: Set own game mode to Survival Mode]
[04Jun2025 02:59:33.997] [Server thread/INFO] [net.minecraft.server.dedicated.DedicatedServer/]: [chocolinpy: Set own game mode to Adventure Mode]
[04Jun2025 02:59:34.992] [Server thread/INFO] [net.minecraft.server.dedicated.DedicatedServer/]: [chocolinpy: Set own game mode to Survival Mode]
[04Jun2025 02:59:40.650] [Server thread/INFO] [net.minecraft.server.dedicated.DedicatedServer/]: [chocolinpy: Set own game mode to Creative Mode]
[04Jun2025 02:59:41.890] [Server thread/INFO] [net.minecraft.server.dedicated.DedicatedServer/]: [chocolinpy: Set own game mode to Survival Mode]
[04Jun2025 02:59:42.494] [Server thread/INFO] [net.minecraft.server.dedicated.DedicatedServer/]: [chocolinpy: Set own game mode to Creative Mode]
[04Jun2025 02:59:43.344] [Server thread/INFO] [net.minecraft.server.dedicated.DedicatedServer/]: [chocolinpy: Set own game mode to Survival Mode]
[04Jun2025 03:01:30.000] [Server thread/INFO] [net.minecraft.server.dedicated.DedicatedServer/]: [chocolinpy: Set own game mode to Creative Mode]
[04Jun2025 03:02:13.141] [Server thread/INFO] [net.minecraft.server.dedicated.DedicatedServer/]: [chocolinpy: The difficulty has been set to Hard]
[04Jun2025 03:02:35.745] [Server thread/INFO] [net.minecraft.server.dedicated.DedicatedServer/]: [chocolinpy: Set own game mode to Survival Mode]
[04Jun2025 03:02:56.897] [Server thread/ERROR] [net.minecraft.world.storage.ServerWorldInfo/]: WorldGenSettings: Value -1 outside of range [0:4096]
[04Jun2025 03:03:12.192] [Server thread/INFO] [net.minecraft.server.dedicated.DedicatedServer/]: [chocolinpy: Set own game mode to Creative Mode]
[04Jun2025 03:03:13.392] [Server thread/INFO] [net.minecraft.server.dedicated.DedicatedServer/]: [chocolinpy: Set own game mode to Survival Mode]
[04Jun2025 03:03:58.139] [Server thread/INFO] [net.minecraft.server.dedicated.DedicatedServer/]: [chocolinpy: Set own game mode to Creative Mode]
[04Jun2025 03:04:28.841] [Server thread/INFO] [net.minecraft.server.dedicated.DedicatedServer/]: [chocolinpy: Set own game mode to Survival Mode]
[04Jun2025 03:04:38.312] [Server thread/INFO] [net.minecraft.server.dedicated.DedicatedServer/]: Fabrioreos has made the advancement [Fisticuffs]
[04Jun2025 03:05:46.693] [Server thread/WARN] [net.minecraft.network.play.ServerPlayNetHandler/]: Fabrioreos moved too quickly! -7.710680093555766,0.8274457554965977,-6.513039393024883
[04Jun2025 03:05:46.699] [Server thread/WARN] [net.minecraft.server.MinecraftServer/]: Can't keep up! Is the server overloaded? Running 2642ms or 52 ticks behind
[04Jun2025 03:06:45.713] [Server thread/INFO] [net.minecraft.server.dedicated.DedicatedServer/]: [chocolinpy: Set own game mode to Creative Mode]
[04Jun2025 03:06:54.719] [Worker-Main-16/INFO] [antiqueatlas/]: Created new marker #13"Village"@(3285, -3764)
[04Jun2025 03:06:58.145] [Server thread/INFO] [net.minecraft.server.dedicated.DedicatedServer/]: [chocolinpy: Set own game mode to Survival Mode]
[04Jun2025 03:07:12.246] [Server thread/INFO] [net.minecraft.server.dedicated.DedicatedServer/]: [chocolinpy: Set own game mode to Creative Mode]
[04Jun2025 03:07:18.085] [Server thread/INFO] [net.minecraft.server.dedicated.DedicatedServer/]: [chocolinpy: Set own game mode to Survival Mode]
[04Jun2025 03:07:58.829] [Server thread/INFO] [antiqueatlas/]: Saving local markers data to NBT
[04Jun2025 03:08:00.124] [Server thread/ERROR] [net.minecraft.world.storage.ServerWorldInfo/]: WorldGenSettings: Value -1 outside of range [0:4096]
[04Jun2025 03:08:00.148] [Server thread/WARN] [net.minecraft.network.play.ServerPlayNetHandler/]: Fabrioreos moved too quickly! -6.1256541586822095,3.577696675097741,-7.121506608771597
[04Jun2025 03:08:06.110] [Server thread/INFO] [net.minecraft.server.dedicated.DedicatedServer/]: [chocolinpy: Set own game mode to Creative Mode]
[04Jun2025 03:08:17.202] [Server thread/INFO] [net.minecraft.server.dedicated.DedicatedServer/]: [chocolinpy: Set own game mode to Survival Mode]
[04Jun2025 03:08:27.153] [Server thread/INFO] [net.minecraft.server.dedicated.DedicatedServer/]: [chocolinpy: Set own game mode to Creative Mode]
[04Jun2025 03:08:54.547] [Server thread/INFO] [net.minecraft.server.dedicated.DedicatedServer/]: [chocolinpy: Set own game mode to Survival Mode]
[04Jun2025 03:09:12.097] [Server thread/INFO] [net.minecraft.server.dedicated.DedicatedServer/]: [chocolinpy: Set own game mode to Creative Mode]
[04Jun2025 03:09:17.021] [Server thread/INFO] [net.minecraft.server.dedicated.DedicatedServer/]: Fabrioreos has reached the goal [Strange Mount]
[04Jun2025 03:09:17.021] [Server thread/INFO] [net.minecraft.server.dedicated.DedicatedServer/]: Fabrioreos has made the advancement [Your First Receptacle]
[04Jun2025 03:09:38.605] [Server thread/INFO] [net.minecraft.server.dedicated.DedicatedServer/]: [chocolinpy: Set own game mode to Survival Mode]
[04Jun2025 03:10:57.506] [Worker-Main-15/INFO] [antiqueatlas/]: Created new marker #14"Village"@(3665, -4371)
[04Jun2025 03:11:38.495] [Server thread/INFO] [net.minecraft.server.dedicated.DedicatedServer/]: [chocolinpy: Set own game mode to Creative Mode]
[04Jun2025 03:12:00.495] [Server thread/INFO] [net.minecraft.server.dedicated.DedicatedServer/]: [chocolinpy: Set own game mode to Survival Mode]
[04Jun2025 03:12:58.841] [Server thread/INFO] [antiqueatlas/]: Saving local markers data to NBT
[04Jun2025 03:13:00.145] [Server thread/ERROR] [net.minecraft.world.storage.ServerWorldInfo/]: WorldGenSettings: Value -1 outside of range [0:4096]
[04Jun2025 03:13:00.166] [Server thread/WARN] [net.minecraft.network.play.ServerPlayNetHandler/]: Fabrioreos moved too quickly! 1.4467994693382025,-2.4470347086035957,-9.718577305578947
[04Jun2025 03:13:35.337] [Server thread/WARN] [net.minecraft.server.management.PlayerInteractionManager/]: Mismatch in destroy block pos: BlockPos{x=1612, y=39, z=-538} BlockPos{x=1612, y=38, z=-539}
[04Jun2025 03:13:35.396] [Server thread/WARN] [net.minecraft.server.management.PlayerInteractionManager/]: Mismatch in destroy block pos: BlockPos{x=1612, y=39, z=-538} BlockPos{x=1612, y=38, z=-539}
[04Jun2025 03:14:25.493] [Server thread/INFO] [net.minecraft.server.dedicated.DedicatedServer/]: [chocolinpy: Set own game mode to Creative Mode]
[04Jun2025 03:14:27.002] [Server thread/INFO] [net.minecraft.server.dedicated.DedicatedServer/]: [chocolinpy: Set own game mode to Survival Mode]
[04Jun2025 03:15:44.991] [Server thread/INFO] [net.minecraft.server.dedicated.DedicatedServer/]: [chocolinpy: Set own game mode to Creative Mode]
[04Jun2025 03:17:56.093] [Server thread/INFO] [net.minecraft.server.dedicated.DedicatedServer/]: [chocolinpy: Set own game mode to Survival Mode]
[04Jun2025 03:17:59.839] [Server thread/ERROR] [net.minecraft.world.storage.ServerWorldInfo/]: WorldGenSettings: Value -1 outside of range [0:4096]
[04Jun2025 03:18:02.199] [Server thread/INFO] [net.minecraft.server.dedicated.DedicatedServer/]: [chocolinpy: Set own game mode to Creative Mode]
[04Jun2025 03:18:08.738] [Server thread/INFO] [net.minecraft.server.dedicated.DedicatedServer/]: [chocolinpy: Set own game mode to Survival Mode]
[04Jun2025 03:18:15.687] [Server thread/INFO] [net.minecraft.server.dedicated.DedicatedServer/]: [chocolinpy: Set own game mode to Creative Mode]
[04Jun2025 03:18:44.691] [Server thread/INFO] [net.minecraft.server.dedicated.DedicatedServer/]: [chocolinpy: Set own game mode to Survival Mode]
[04Jun2025 03:18:49.642] [Server thread/INFO] [net.minecraft.network.play.ServerPlayNetHandler/]: FRANCOPR10 lost connection: Disconnected
[04Jun2025 03:18:49.643] [Server thread/INFO] [net.minecraft.server.dedicated.DedicatedServer/]: FRANCOPR10 left the game
[04Jun2025 03:19:02.266] [Server thread/INFO] [net.minecraft.server.dedicated.DedicatedServer/]: Fabrioreos has made the advancement [Stealth boy]
[04Jun2025 03:19:55.182] [Server thread/INFO] [net.minecraft.server.dedicated.DedicatedServer/]: [chocolinpy: Set own game mode to Creative Mode]
[04Jun2025 03:20:12.333] [Server thread/INFO] [net.minecraft.server.dedicated.DedicatedServer/]: [chocolinpy: Set own game mode to Survival Mode]
[04Jun2025 03:20:19.702] [Server thread/INFO] [net.minecraft.server.dedicated.DedicatedServer/]: [chocolinpy: Set own game mode to Creative Mode]
[04Jun2025 03:20:26.188] [Server thread/INFO] [net.minecraft.server.dedicated.DedicatedServer/]: [chocolinpy: Set own game mode to Survival Mode]
[04Jun2025 03:22:00.127] [Server thread/INFO] [net.minecraft.network.play.ServerPlayNetHandler/]: chocolinpy lost connection: Disconnected
[04Jun2025 03:22:00.128] [Server thread/INFO] [net.minecraft.server.dedicated.DedicatedServer/]: chocolinpy left the game
[04Jun2025 03:22:05.080] [Server thread/INFO] [net.minecraftforge.common.AdvancementLoadFix/]: Using new advancement loading for net.minecraft.advancements.PlayerAdvancements@4b7597c8
[04Jun2025 03:22:05.089] [Server thread/INFO] [net.minecraft.server.management.PlayerList/]: chocolinpy[/100.115.122.8:64846] logged in with entity id 77007 at (1864.8651001825342, 75.0, -674.0546953281793)
[04Jun2025 03:22:05.094] [Server thread/INFO] [net.minecraft.server.dedicated.DedicatedServer/]: chocolinpy joined the game
[04Jun2025 03:22:05.113] [Server thread/INFO] [Waila/]: Syncing config to chocolinpy (034783f3-fbfc-3708-91b0-59525927d190)
[04Jun2025 03:22:05.114] [Server thread/INFO] [antiqueatlas/]: Sent markers data #-1 to player chocolinpy
[04Jun2025 03:22:05.115] [Server thread/INFO] [antiqueatlas/]: Sent custom biome data to player chocolinpy
[04Jun2025 03:22:05.115] [Server thread/INFO] [antiqueatlas/]: Sent custom biome data to player chocolinpy
[04Jun2025 03:22:05.115] [Server thread/INFO] [antiqueatlas/]: Sent custom biome data to player chocolinpy
[04Jun2025 03:22:05.116] [Server thread/INFO] [antiqueatlas/]: Sent custom biome data to player chocolinpy
[04Jun2025 03:22:05.117] [Server thread/INFO] [antiqueatlas/]: Sending dimension #ResourceKey[minecraft:dimension / minecraft:overworld]
[04Jun2025 03:22:05.118] [Server thread/INFO] [antiqueatlas/]: Sent dimension #ResourceKey[minecraft:dimension / minecraft:overworld] (29 tiles)
[04Jun2025 03:22:05.118] [Server thread/INFO] [antiqueatlas/]: Sent Atlas #4 data to player chocolinpy
[04Jun2025 03:22:05.118] [Server thread/INFO] [antiqueatlas/]: Sent markers data #4 to player chocolinpy
[04Jun2025 03:22:59.729] [Server thread/ERROR] [net.minecraft.world.storage.ServerWorldInfo/]: WorldGenSettings: Value -1 outside of range [0:4096]
[04Jun2025 03:24:26.159] [Server thread/INFO] [net.minecraft.entity.Entity/]: Villager VillagerEntity['Villager'/79047, l='ServerLevel[world]', x=4086.91, y=72.75, z=-4749.30] died, message: 'Villager was slain by Zombie Villager'
[04Jun2025 03:24:31.499] [Server thread/INFO] [net.minecraft.entity.Entity/]: Villager VillagerEntity['Villager'/78636, l='ServerLevel[world]', x=4035.59, y=76.00, z=-4756.95] died, message: 'Villager was slain by Zombie Villager'
[04Jun2025 03:24:35.793] [Server thread/INFO] [net.minecraft.entity.Entity/]: Villager VillagerEntity['Villager'/79125, l='ServerLevel[world]', x=4096.49, y=73.00, z=-4747.49] died, message: 'Villager suffocated in a wall'
[04Jun2025 03:24:49.582] [Server thread/INFO] [net.minecraft.entity.Entity/]: Villager VillagerEntity['Villager'/78723, l='ServerLevel[world]', x=4009.58, y=70.00, z=-4746.87] died, message: 'Villager was slain by Zombie Villager'
[04Jun2025 03:24:54.876] [Server thread/INFO] [net.minecraft.entity.Entity/]: Villager VillagerEntity['Villager'/79046, l='ServerLevel[world]', x=4032.42, y=87.75, z=-4714.95] died, message: 'Villager was slain by Zombie Villager'
[04Jun2025 03:25:03.741] [Server thread/INFO] [net.minecraft.entity.Entity/]: Villager VillagerEntity['Villager'/78726, l='ServerLevel[world]', x=4041.27, y=75.18, z=-4722.63] died, message: 'Villager was slain by Zombie'
[04Jun2025 03:25:06.775] [Server thread/INFO] [net.minecraft.entity.Entity/]: Villager VillagerEntity['Villager'/79048, l='ServerLevel[world]', x=4074.41, y=74.64, z=-4757.74] died, message: 'Villager was slain by Zombie Villager'
